deal_id,account,pipeline,stage,deal_value,sales_rep,deal_created,deal_closed,deal_activities_done,account_tier,account_province,account_store_type,account_tax_status,account_discount_pct,account_payment_terms,account_activities_done,account_deals_won
1,Account 0001,Orders,Shipped on credit,928254.0,Rep A,2023-02-07,2023-04-12,1,Strategic,,,Exempt,0.0,,1.0,1.0
2,Account 0002,Orders,Shipped on credit,715395.0,Rep A,2022-05-12,2022-07-07,1,Strategic,CABA,Paint store,VAT registered,30.0,Open account,5.0,7.0
3,Account 0003,Orders,Shipped on credit,631053.0,Rep A,2023-02-14,2023-03-09,1,,Cordoba,Distributor,VAT registered,28.0,60 days,2.0,2.0
4,Account 0003,Orders,Shipped on credit,514906.0,Rep A,2023-02-14,2023-03-09,1,,Cordoba,Distributor,VAT registered,28.0,60 days,2.0,2.0
5,Account 0004,Orders,Shipped on credit,380421.0,Rep A,2022-11-25,2023-01-20,2,Key,Salta,Art supply store,Simplified regime,22.0,Open account,13.0,6.0
6,Account 0005,Orders,Shipped,379347.0,Rep B,2023-03-31,2023-04-13,1,Potential,Rio Negro,Paint store,VAT registered,22.0,Upfront,8.0,5.0
7,Account 0006,Orders,Shipped on credit,359204.0,Rep B,2022-11-14,2022-12-22,5,Strategic,AMBA Sur,Art supply store,VAT registered,22.0,,9.0,5.0
8,Account 0002,Orders,Shipped on credit,329743.0,Rep A,2021-10-22,2022-01-21,0,Strategic,CABA,Paint store,VAT registered,30.0,Open account,5.0,7.0
9,Account 0007,Orders,Shipped,306070.0,Rep A,2022-06-01,2022-07-04,1,Strategic,Santa Fe,Paint store,VAT registered,28.0,,18.0,6.0
10,Account 0008,Orders,Shipped,309150.0,Rep A,2021-11-01,2022-02-22,0,Standard,Jujuy,Workshop,Exempt,22.0,,7.0,2.0
11,Account 0009,Orders,Shipped on credit,281321.0,Rep B,2022-09-19,2022-11-25,3,Strategic,BA Atlantico,Paint store,VAT registered,22.0,,10.0,3.0
12,,Active customers,Won customer,286215.0,Rep C,2021-10-15,2022-10-31,4,,,,,,,,
13,Account 0010,Orders,Shipped on credit,253304.0,Rep A,2022-11-15,2023-01-06,4,Strategic,CABA,Art supply store,VAT registered,22.0,Open account,13.0,10.0
14,Account 0005,Orders,Shipped,252685.0,Rep B,2023-01-04,2023-01-09,3,Potential,Rio Negro,Paint store,VAT registered,22.0,Upfront,8.0,5.0
15,Account 0011,Orders,Shipped,242342.0,Rep B,2023-02-24,2023-03-07,2,Strategic,Rio Negro,Paint store,VAT registered,22.0,,14.0,4.0
16,Account 0011,Orders,Shipped,236464.0,Rep C,2022-08-18,2022-09-19,2,Strategic,Rio Negro,Paint store,VAT registered,22.0,,14.0,4.0
17,Account 0002,Orders,Shipped on credit,224999.0,Rep A,2022-08-25,2022-10-12,1,Strategic,CABA,Paint store,VAT registered,30.0,Open account,5.0,7.0
18,Account 0012,Orders,Shipped,210162.0,Rep A,2022-02-09,2022-03-17,0,Strategic,AMBA Norte,Paint store,VAT registered,22.0,Upfront,7.0,2.0
19,Account 0002,Orders,Shipped on credit,220832.0,Rep A,2022-02-15,2022-04-19,0,Strategic,CABA,Paint store,VAT registered,30.0,Open account,5.0,7.0
20,Account 0013,Orders,Shipped on credit,215995.0,Rep A,2022-05-23,2022-07-21,1,Strategic,Santa Fe,Art supply store,VAT registered,22.0,,13.0,8.0
21,Account 0007,Orders,Shipped,210850.0,Rep A,2022-10-12,2022-11-02,6,Strategic,Santa Fe,Paint store,VAT registered,28.0,,18.0,6.0
22,Account 0012,Orders,Shipped,201973.0,Rep A,2022-10-25,2022-11-07,2,Strategic,AMBA Norte,Paint store,VAT registered,22.0,Upfront,7.0,2.0
23,Account 0014,Orders,Shipped on credit,210518.0,Rep A,2023-01-26,2023-02-24,1,Strategic,CABA,Other,VAT registered,,30 days,1.0,1.0
24,Account 0015,Orders,Shipped on credit,206664.0,Rep A,2023-02-22,2023-04-12,1,,Santa Fe,Distributor,,28.0,,2.0,2.0
25,Account 0016,Orders,Shipped on credit,194648.0,Rep B,2023-03-23,2023-04-03,4,Potential,AMBA Sur,Paint store,VAT registered,15.0,Upfront,11.0,5.0
26,Account 0010,Orders,Shipped on credit,183123.0,Rep A,2022-07-25,2022-09-23,1,Strategic,CABA,Art supply store,VAT registered,22.0,Open account,13.0,10.0
27,Account 0002,Orders,Shipped on credit,185999.0,Rep A,2022-10-18,2022-12-15,1,Strategic,CABA,Paint store,VAT registered,30.0,Open account,5.0,7.0
28,Account 0013,Orders,Shipped on credit,169905.0,Rep A,2023-01-31,2023-04-12,2,Strategic,Santa Fe,Art supply store,VAT registered,22.0,,13.0,8.0
29,Account 0017,Orders,Shipped,166095.0,Rep A,2021-12-23,2022-02-10,0,Churned,Mendoza,Distributor,VAT registered,22.0,Upfront,5.0,6.0
30,Account 0007,Orders,Shipped,173391.0,Rep A,2022-06-01,2022-07-04,1,Strategic,Santa Fe,Paint store,VAT registered,28.0,,18.0,6.0
31,Account 0018,Orders,Shipped on credit,172161.0,Rep A,2022-10-19,2022-11-07,2,Standard,Mendoza,Paint store,VAT registered,15.0,Upfront,6.0,3.0
32,Account 0019,Orders,Shipped on credit,173108.0,Rep B,2023-01-03,2023-02-10,1,Potential,BA Norte,Art supply store,VAT registered,28.0,,9.0,3.0
33,Account 0020,Orders,Shipped on credit,158709.0,Rep A,2022-09-27,2023-01-12,3,Key,Santa Fe,Other,VAT registered,22.0,30 days,11.0,2.0
34,Account 0021,Orders,Shipped,158263.0,Rep A,2022-02-11,2022-03-07,0,Strategic,AMBA Norte,Paint store,VAT registered,22.0,,16.0,6.0
35,Account 0013,Orders,Shipped on credit,159728.0,Rep A,2022-10-31,2022-12-29,3,Strategic,Santa Fe,Art supply store,VAT registered,22.0,,13.0,8.0
36,Account 0021,Orders,Shipped,154509.0,Rep A,2022-05-24,2022-07-04,0,Strategic,AMBA Norte,Paint store,VAT registered,22.0,,16.0,6.0
37,Account 0022,Orders,Shipped on credit,152393.0,Rep A,2022-09-14,2022-11-24,2,Potential,Cordoba,Other,VAT registered,28.0,30 days,2.0,1.0
38,Account 0021,Orders,Shipped,157746.0,Rep A,2022-12-23,2023-01-02,0,Strategic,AMBA Norte,Paint store,VAT registered,22.0,,16.0,6.0
39,Account 0013,Orders,Shipped on credit,151916.0,Rep A,2022-02-07,2022-05-23,1,Strategic,Santa Fe,Art supply store,VAT registered,22.0,,13.0,8.0
40,Account 0023,Orders,Shipped,151433.0,Rep A,2022-07-25,2022-08-17,7,Key,Santa Fe,Art supply store,VAT registered,22.0,Upfront,16.0,4.0
41,Account 0024,Orders,Shipped,146043.0,Rep A,2022-12-02,2022-12-13,3,Strategic,CABA,Paint store,VAT registered,28.0,Upfront,13.0,33.0
42,Account 0013,Orders,Shipped on credit,151756.0,Rep A,2022-09-14,2022-10-31,1,Strategic,Santa Fe,Art supply store,VAT registered,22.0,,13.0,8.0
43,Account 0007,Orders,Shipped,149213.0,Rep A,2021-11-19,2022-01-12,0,Strategic,Santa Fe,Paint store,VAT registered,28.0,,18.0,6.0
44,Account 0021,Orders,Shipped,143366.0,Rep A,2022-08-26,2022-09-06,1,Strategic,AMBA Norte,Paint store,VAT registered,22.0,,16.0,6.0
45,Account 0025,Orders,Shipped on credit,146472.0,Rep A,2022-11-01,2022-12-15,1,Standard,Cordoba,Other,VAT registered,28.0,30 days,2.0,1.0
46,Account 0013,Orders,Shipped on credit,144855.0,Rep A,2021-11-17,2022-05-11,0,Strategic,Santa Fe,Art supply store,VAT registered,22.0,,13.0,8.0
47,Account 0026,Orders,Shipped,138552.0,Rep A,2022-03-11,2022-04-22,0,Churned,Corrientes,Paint store,VAT registered,7.0,Upfront,6.0,1.0
48,Account 0018,Orders,Shipped,135956.0,Rep A,2022-10-04,2022-10-28,0,Standard,Mendoza,Paint store,VAT registered,15.0,Upfront,6.0,3.0
49,Account 0009,Orders,Shipped,139783.0,Rep A,2021-12-17,2022-01-10,0,Strategic,BA Atlantico,Paint store,VAT registered,22.0,,10.0,3.0
50,Account 0013,Orders,Shipped on credit,131198.0,Rep A,2022-07-18,2022-09-27,2,Strategic,Santa Fe,Art supply store,VAT registered,22.0,,13.0,8.0
51,Account 0007,Orders,Shipped,126522.0,Rep C,2022-03-28,2022-05-09,2,Strategic,Santa Fe,Paint store,VAT registered,28.0,,18.0,6.0
52,Account 0027,Orders,Shipped,123481.0,Rep B,2023-03-22,2023-03-29,1,Potential,AMBA Sur,Workshop,Simplified regime,22.0,Upfront,12.0,17.0
53,Account 0028,Orders,Shipped on credit,133605.0,Rep A,2022-06-21,2022-07-11,0,Strategic,Cordoba,Art supply store,VAT registered,22.0,Open account,6.0,6.0
54,Account 0009,Orders,Shipped on credit,130476.0,Rep A,2022-05-13,2022-06-06,0,Strategic,BA Atlantico,Paint store,VAT registered,22.0,,10.0,3.0
55,Account 0029,Orders,Shipped on credit,129735.0,Rep A,2021-11-17,2022-01-21,0,Strategic,CABA,Art supply store,VAT registered,28.0,Open account,16.0,18.0
56,Account 0002,Orders,Shipped on credit,129536.0,Rep A,2022-06-23,2022-08-09,1,Strategic,CABA,Paint store,VAT registered,30.0,Open account,5.0,7.0
57,Account 0030,Orders,Shipped,124975.0,Rep A,2022-10-21,2022-11-01,0,Strategic,Santiago del Estero,Paint store,VAT registered,28.0,,6.0,2.0
58,Account 0031,Orders,Shipped on credit,126048.0,Rep C,2023-01-09,2023-01-27,2,Potential,Rio Negro,Art supply store,VAT registered,22.0,,4.0,2.0
59,Account 0032,Orders,Shipped,120363.0,Rep B,2023-03-22,2023-03-31,5,Potential,BA Centro,Paint store,VAT registered,28.0,30 days,6.0,2.0
60,Account 0033,Orders,Shipped,119485.0,Rep A,2022-12-23,2022-12-29,3,Standard,Entre Rios,Paint store,Simplified regime,28.0,Upfront,10.0,6.0
61,Account 0034,Orders,Shipped,126086.0,Rep C,2023-02-24,2023-03-07,0,Key,Chubut,Paint store,VAT registered,22.0,,3.0,1.0
62,Account 0027,Orders,Shipped,122313.0,Rep A,2022-07-29,2022-08-08,4,Potential,AMBA Sur,Workshop,Simplified regime,22.0,Upfront,12.0,17.0
63,Account 0035,Orders,Shipped,123029.0,Rep A,2022-12-13,2022-12-21,0,Potential,Formosa,Art supply store,VAT registered,22.0,,5.0,1.0
64,,Reseller onboarding,Onboarding,125233.0,Rep C,2022-10-08,2022-10-19,10,,,,,,,,
65,,Reseller onboarding,Onboarding,123644.0,Rep C,2022-11-18,2022-12-12,8,,,,,,,,
66,,Social media lead form,Onboarding,122654.0,Rep C,2023-01-22,2023-02-24,7,,,,,,,,
67,Account 0036,Orders,Shipped,121358.0,Rep A,2022-08-03,2022-10-03,2,Potential,Cordoba,Paint store,VAT registered,22.0,Upfront,14.0,5.0
68,Account 0015,Orders,Shipped on credit,115498.0,Rep A,2023-03-22,2023-04-12,1,,Santa Fe,Distributor,,28.0,,2.0,2.0
69,Account 0027,Orders,Shipped,111339.0,Rep B,2022-11-30,2022-12-01,4,Potential,AMBA Sur,Workshop,Simplified regime,22.0,Upfront,12.0,17.0
70,Account 0027,Orders,Shipped,115155.0,Rep B,2023-01-30,2023-02-06,1,Potential,AMBA Sur,Workshop,Simplified regime,22.0,Upfront,12.0,17.0
71,Account 0021,Orders,Shipped,111754.0,Rep A,2023-03-06,2023-03-09,4,Strategic,AMBA Norte,Paint store,VAT registered,22.0,,16.0,6.0
72,Account 0027,Orders,Shipped,112645.0,Rep B,2022-10-25,2022-11-01,1,Potential,AMBA Sur,Workshop,Simplified regime,22.0,Upfront,12.0,17.0
73,Account 0037,Orders,Shipped,114636.0,Rep A,2022-11-01,2022-11-07,0,Potential,Santiago del Estero,Paint store,VAT registered,22.0,,5.0,1.0
74,Account 0038,Orders,Shipped,107662.0,Rep A,2022-09-15,2022-10-03,0,Key,Mendoza,Paint store,VAT registered,22.0,,3.0,1.0
75,,Reseller onboarding,Onboarding,104950.0,Rep C,2021-06-01,2022-10-31,19,,,,,,,,
76,,Active customers,Won customer,107400.0,Rep C,2022-04-26,2022-10-31,20,,,,,,,,
77,,Active customers,Won customer,107534.0,Rep C,2022-09-07,2022-09-14,5,,,,,,,,
78,Account 0024,Orders,Shipped,111312.0,Rep A,2023-01-25,2023-01-27,0,Strategic,CABA,Paint store,VAT registered,28.0,Upfront,13.0,33.0
79,Account 0030,Orders,Shipped,110020.0,Rep A,2023-03-15,2023-03-27,1,Strategic,Santiago del Estero,Paint store,VAT registered,28.0,,6.0,2.0
80,Account 0039,Orders,Shipped,112347.0,Rep A,2022-09-13,2022-09-27,0,Potential,Cordoba,Art supply store,Simplified regime,28.0,,5.0,3.0
81,Account 0029,Orders,Shipped on credit,110858.0,Rep A,2022-02-09,2022-05-11,1,Strategic,CABA,Art supply store,VAT registered,28.0,Open account,16.0,18.0
82,Account 0040,Orders,Shipped on credit,106534.0,Rep A,2022-05-13,2022-07-21,1,Strategic,Santiago del Estero,Paint store,VAT registered,22.0,,18.0,7.0
83,Account 0041,Orders,Shipped on credit,110785.0,Rep B,2023-03-10,2023-04-14,0,Key,Cordoba,Art supply store,Simplified regime,22.0,30 days,10.0,11.0
84,Account 0042,Orders,Shipped,102698.0,Rep B,2022-11-18,2022-11-24,4,Standard,Santa Cruz,Other,VAT registered,22.0,,4.0,1.0
85,Account 0040,Orders,Shipped on credit,100634.0,Rep A,2023-01-27,2023-03-06,1,Strategic,Santiago del Estero,Paint store,VAT registered,22.0,,18.0,7.0
86,Account 0005,Orders,Shipped,100252.0,Rep A,2022-04-06,2022-05-09,0,Potential,Rio Negro,Paint store,VAT registered,22.0,Upfront,8.0,5.0
87,Account 0010,Orders,Shipped on credit,106157.0,Rep A,2022-01-04,2022-05-11,0,Strategic,CABA,Art supply store,VAT registered,22.0,Open account,13.0,10.0
88,Account 0043,Orders,Shipped,102792.0,Rep A,2022-08-29,2022-09-19,0,Potential,BA Atlantico,Paint store,VAT registered,28.0,,11.0,3.0
89,Account 0044,Orders,Shipped on credit,99310.0,Rep A,2022-12-21,2023-01-04,1,Potential,CABA,Art supply store,VAT registered,22.0,30 days,16.0,16.0
90,Account 0027,Orders,Shipped,100803.0,Rep A,2022-09-15,2022-09-27,0,Potential,AMBA Sur,Workshop,Simplified regime,22.0,Upfront,12.0,17.0
91,Account 0045,Orders,Shipped,96688.0,Rep A,2022-12-05,2023-01-13,5,Potential,AMBA Norte,Paint store,VAT registered,22.0,,14.0,3.0
92,Account 0013,Orders,Shipped on credit,101943.0,Rep A,2021-12-01,2022-05-11,0,Strategic,Santa Fe,Art supply store,VAT registered,22.0,,13.0,8.0
93,Account 0046,Orders,Shipped,98687.0,Rep A,2022-11-22,2022-12-06,0,Potential,BA Norte,Art supply store,VAT registered,22.0,,3.0,1.0
94,Account 0047,Orders,Shipped,97189.0,Rep A,2022-02-09,2022-03-07,0,Key,Cordoba,Other,VAT registered,22.0,,7.0,3.0
95,Account 0010,Orders,Shipped on credit,96256.0,Rep A,2021-10-22,2022-01-21,0,Strategic,CABA,Art supply store,VAT registered,22.0,Open account,13.0,10.0
96,Account 0024,Orders,Shipped,99336.0,Rep A,2022-06-07,2022-06-21,0,Strategic,CABA,Paint store,VAT registered,28.0,Upfront,13.0,33.0
97,,Active customers,Won customer,96251.0,Rep C,2022-04-11,2022-10-31,11,,,,,,,,
98,,Social media lead form,Onboarding,93575.0,Rep C,2022-11-03,2022-11-22,5,,,,,,,,
99,Account 0048,Orders,Shipped,93633.0,Rep A,2022-03-11,2022-03-18,0,Key,Entre Rios,Paint store,VAT registered,22.0,,11.0,4.0
100,Account 0044,Orders,Shipped on credit,101570.0,Rep A,2021-11-05,2022-01-21,0,Potential,CABA,Art supply store,VAT registered,22.0,30 days,16.0,16.0
101,Account 0049,Orders,Shipped on credit,100190.0,Rep B,2023-01-11,2023-02-14,3,Standard,AMBA Sur,Art supply store,VAT registered,28.0,,10.0,3.0
102,Account 0050,Orders,Shipped,97383.0,Rep B,2022-12-29,2023-01-04,2,Potential,AMBA Sur,Paint store,VAT registered,22.0,Upfront,15.0,7.0
103,Account 0051,Orders,Shipped,92405.0,Rep A,2022-08-23,2022-11-10,8,Potential,BA Atlantico,Paint store,VAT registered,22.0,,10.0,2.0
104,Account 0052,Orders,Shipped,98891.0,Rep A,2023-03-07,2023-03-09,2,Standard,Chaco,Paint store,VAT registered,7.0,,8.0,2.0
105,Account 0053,Orders,Shipped on credit,96576.0,Rep B,2023-02-16,2023-02-27,1,Potential,Neuquen,Art supply store,VAT registered,22.0,Upfront,13.0,4.0
106,Account 0054,Orders,Shipped,95789.0,Rep A,2022-04-21,2022-05-10,0,Key,AMBA Norte,Distributor,VAT registered,22.0,Upfront,10.0,7.0
107,Account 0055,Orders,Shipped,93112.0,Rep A,2022-08-25,2022-09-27,0,Potential,Santa Fe,Art supply store,,22.0,Upfront,6.0,1.0
108,Account 0023,Orders,Shipped,90766.0,Rep A,2022-01-12,2022-01-12,0,Key,Santa Fe,Art supply store,VAT registered,22.0,Upfront,16.0,4.0
109,Account 0056,Orders,Shipped,88632.0,Rep C,2023-03-29,2023-03-31,0,Key,Entre Rios,Art supply store,Simplified regime,22.0,,1.0,1.0
110,Account 0057,Orders,Shipped,95904.0,Rep B,2022-12-20,2023-01-02,6,Low,BA Atlantico,Art supply store,Simplified regime,22.0,,6.0,1.0
111,Account 0058,Orders,Shipped on credit,91459.0,Rep A,2022-06-13,2022-10-06,0,Key,Cordoba,Art supply store,VAT registered,,Upfront,1.0,1.0
112,Account 0059,Orders,Shipped on credit,89086.0,Rep A,2022-06-13,2022-07-22,0,Key,Cordoba,Paint store,VAT registered,28.0,Upfront,6.0,4.0
113,,Reseller onboarding,Onboarding,89725.0,Rep C,2020-09-01,2023-03-28,5,,,,,,,,
114,,Active customers,Won customer,92225.0,Rep C,2022-04-08,2022-10-31,14,,,,,,,,
115,,Reseller onboarding,Onboarding,88542.0,Rep C,2023-03-10,2023-03-30,4,,,,,,,,
116,,Reseller onboarding,Onboarding,94763.0,Rep C,2023-03-11,2023-03-30,6,,,,,,,,
117,,Reseller onboarding,Onboarding,93865.0,Rep C,2023-04-05,2023-04-14,3,,,,,,,,
118,Account 0060,Orders,Shipped,93410.0,Rep B,2022-09-22,2022-11-24,3,Key,BA Sur,Paint store,VAT registered,22.0,Upfront,21.0,8.0
119,Account 0006,Orders,Shipped on credit,90670.0,Rep A,2022-11-22,2022-12-22,1,Strategic,AMBA Sur,Art supply store,VAT registered,22.0,,9.0,5.0
120,Account 0061,Orders,Shipped,91693.0,Rep A,2021-12-09,2022-01-10,0,Key,AMBA Norte,Paint store,VAT registered,22.0,,13.0,3.0
121,Account 0028,Orders,Shipped on credit,90891.0,Rep B,2022-09-26,2022-10-03,1,Strategic,Cordoba,Art supply store,VAT registered,22.0,Open account,6.0,6.0
122,Account 0062,Orders,Shipped,91125.0,Rep B,2022-09-26,2022-10-13,3,Potential,Entre Rios,Paint store,VAT registered,22.0,,10.0,6.0
123,Account 0028,Orders,Shipped on credit,84817.0,Rep A,2021-11-17,2022-01-21,0,Strategic,Cordoba,Art supply store,VAT registered,22.0,Open account,6.0,6.0
124,Account 0063,Orders,Shipped,87215.0,Rep A,2022-12-13,2022-12-15,0,Potential,Chubut,Paint store,VAT registered,22.0,Upfront,16.0,5.0
125,Account 0064,Orders,Shipped,83906.0,Rep B,2023-03-15,2023-03-27,6,Potential,Cordoba,Paint store,VAT registered,22.0,,8.0,3.0
126,Account 0065,Orders,Shipped,87545.0,Rep C,2023-03-31,2023-04-04,0,Potential,Chaco,Workshop,Simplified regime,22.0,,1.0,1.0
127,Account 0066,Orders,Shipped,86070.0,Rep A,2022-01-25,2022-02-10,0,Standard,Tucuman,Paint store,,,,8.0,1.0
128,,Reseller onboarding,Onboarding,84129.0,Rep C,2022-12-29,2023-01-11,5,,,,,,,,
129,Account 0045,Orders,Shipped,83757.0,Rep A,2022-08-01,2022-09-23,2,Potential,AMBA Norte,Paint store,VAT registered,22.0,,14.0,3.0
130,Account 0067,Orders,Shipped on credit,87830.0,Rep A,2022-05-03,2022-07-08,0,Churned,CABA,Distributor,,,,0.0,3.0
131,Account 0067,Orders,Shipped on credit,84198.0,Rep A,2022-05-03,2022-07-08,0,Churned,CABA,Distributor,,,,0.0,3.0
132,Account 0067,Orders,Shipped on credit,90768.0,Rep A,2022-05-03,2022-07-08,0,Churned,CABA,Distributor,,,,0.0,3.0
133,Account 0068,Orders,Shipped on credit,87537.0,Rep C,2023-03-31,2023-04-04,0,Potential,Chubut,Other,VAT registered,22.0,,1.0,1.0
134,Account 0069,Orders,Shipped,85462.0,Rep B,2023-02-09,2023-02-17,9,Strategic,Santa Cruz,Other,VAT registered,15.0,,17.0,4.0
135,Account 0070,Orders,Shipped,87231.0,Rep C,2023-02-08,2023-02-10,0,Strategic,Neuquen,Paint store,VAT registered,22.0,,4.0,1.0
136,Account 0071,Orders,Shipped on credit,82197.0,Rep A,2022-02-09,2022-05-13,1,Potential,CABA,Art supply store,Simplified regime,22.0,30 days,20.0,14.0
137,Account 0072,Orders,Shipped,90269.0,Rep A,2022-11-01,2022-11-07,0,Potential,San Luis,Art supply store,Simplified regime,22.0,,4.0,3.0
138,Account 0062,Orders,Shipped,85949.0,Rep B,2022-09-30,2022-10-13,0,Potential,Entre Rios,Paint store,VAT registered,22.0,,10.0,6.0
139,,Reseller onboarding,Onboarding,88442.0,Rep C,2023-01-21,2023-02-07,9,,,,,,,,
140,Account 0073,Orders,Shipped,82224.0,Rep A,2022-09-30,2022-10-13,0,Potential,Cordoba,Art supply store,Simplified regime,22.0,,2.0,3.0
141,Account 0007,Orders,Shipped,85446.0,Rep A,2022-09-07,2022-09-19,0,Strategic,Santa Fe,Paint store,VAT registered,28.0,,18.0,6.0
142,,Reseller onboarding,Onboarding,85321.0,Rep C,2022-08-06,2022-11-01,17,,,,,,,,
143,,Social media lead form,Onboarding,89139.0,Rep C,2022-09-07,2022-09-29,6,,,,,,,,
144,Account 0019,Orders,Shipped on credit,85584.0,Rep C,2022-06-23,2022-08-08,4,Potential,BA Norte,Art supply store,VAT registered,28.0,,9.0,3.0
145,Account 0074,Orders,Shipped,84310.0,Rep B,2022-12-28,2023-01-04,4,Potential,BA Atlantico,Art supply store,Simplified regime,28.0,,6.0,5.0
146,Account 0075,Orders,Shipped,81981.0,Rep C,2023-02-14,2023-02-17,0,Potential,Santa Cruz,Art supply store,Simplified regime,22.0,,2.0,1.0
147,Account 0076,Orders,Shipped,82509.0,Rep C,2022-03-11,2022-05-02,0,Potential,Cordoba,Art supply store,Simplified regime,28.0,Upfront,15.0,4.0
148,Account 0053,Orders,Shipped,83961.0,Rep A,2022-04-04,2022-05-06,0,Potential,Neuquen,Art supply store,VAT registered,22.0,Upfront,13.0,4.0
149,Account 0010,Orders,Shipped on credit,83153.0,Rep A,2022-03-23,2022-05-11,0,Strategic,CABA,Art supply store,VAT registered,22.0,Open account,13.0,10.0
150,Account 0077,Orders,Shipped,79581.0,Rep A,2022-07-28,2022-08-17,0,Standard,AMBA Norte,Other,Simplified regime,22.0,,6.0,3.0
151,Account 0036,Orders,Shipped,85685.0,Rep A,2022-11-17,2022-11-24,3,Potential,Cordoba,Paint store,VAT registered,22.0,Upfront,14.0,5.0
152,Account 0078,Orders,Shipped,86228.0,Rep C,2023-02-23,2023-03-07,1,Potential,Santa Fe,Paint store,VAT registered,22.0,,2.0,1.0
153,Account 0079,Orders,Shipped,79873.0,Rep A,2022-09-20,2022-10-03,0,Low,Cordoba,Art supply store,VAT registered,15.0,,1.0,1.0
154,Account 0010,Orders,Shipped on credit,83081.0,Rep A,2021-11-16,2022-01-21,0,Strategic,CABA,Art supply store,VAT registered,22.0,Open account,13.0,10.0
155,Account 0080,Orders,Shipped,79243.0,Rep B,2023-02-13,2023-03-16,6,Key,Chubut,Art supply store,VAT registered,7.0,Upfront,9.0,2.0
156,Account 0081,Orders,Shipped,83645.0,Rep B,2023-01-11,2023-01-20,3,Standard,AMBA Sur,Paint store,VAT registered,15.0,Upfront,10.0,6.0
157,Account 0082,Orders,Shipped on credit,80267.0,Rep B,2023-01-11,2023-01-23,1,Potential,AMBA Sur,Art supply store,VAT registered,22.0,Upfront,16.0,6.0
158,Account 0010,Orders,Shipped on credit,83095.0,Rep A,2022-03-04,2022-05-11,1,Strategic,CABA,Art supply store,VAT registered,22.0,Open account,13.0,10.0
159,Account 0029,Orders,Shipped on credit,83516.0,Rep A,2022-05-19,2022-07-06,1,Strategic,CABA,Art supply store,VAT registered,28.0,Open account,16.0,18.0
160,Account 0083,Orders,Shipped,83499.0,Rep A,2022-05-30,2022-07-11,3,Key,AMBA Norte,Art supply store,Simplified regime,7.0,Upfront,9.0,7.0
161,Account 0084,Orders,Shipped on credit,78106.0,Rep A,2022-04-19,2022-08-08,2,Strategic,Neuquen,Paint store,VAT registered,22.0,,10.0,6.0
162,Account 0010,Orders,Shipped on credit,84409.0,Rep A,2021-11-17,2022-05-11,0,Strategic,CABA,Art supply store,VAT registered,22.0,Open account,13.0,10.0
163,Account 0085,Orders,Shipped,77863.0,Rep A,2022-08-16,2022-08-18,0,Key,BA Atlantico,Art supply store,VAT registered,15.0,,9.0,1.0
164,Account 0086,Orders,Shipped on credit,75988.0,Rep A,2021-11-05,2022-05-11,0,Standard,CABA,Workshop,Simplified regime,22.0,Open account,21.0,12.0
165,Account 0087,Orders,Shipped,80094.0,Rep A,2023-03-13,2023-03-17,5,Standard,AMBA Norte,Workshop,Simplified regime,22.0,Upfront,11.0,14.0
166,Account 0088,Orders,Shipped,78608.0,Rep C,2023-03-13,2023-03-21,0,Potential,Santa Fe,Workshop,Simplified regime,22.0,,3.0,1.0
167,Account 0089,Orders,Shipped,82253.0,Rep C,2022-03-25,2022-05-27,5,Potential,Santa Cruz,Paint store,VAT registered,15.0,,12.0,3.0
168,Account 0090,Orders,Shipped,81970.0,Rep A,2022-06-30,2022-07-18,3,Standard,BA Sur,Workshop,Final consumer,15.0,Upfront,7.0,6.0
169,Account 0091,Orders,Shipped,77949.0,Rep C,2022-08-02,2022-08-17,2,Key,Corrientes,Paint store,VAT registered,28.0,,10.0,8.0
170,,Reseller onboarding,Onboarding,82891.0,Rep C,2021-01-29,2023-03-09,5,,,,,,,,
171,,Active customers,Won customer,77642.0,Rep C,2022-04-29,2022-10-31,14,,,,,,,,
172,,Active customers,Won customer,79419.0,Rep C,2022-05-01,2022-10-31,7,,,,,,,,
173,,Active customers,Won customer,77365.0,Rep C,2022-05-10,2022-09-09,12,,,,,,,,
174,,Social media lead form,Onboarding,82758.0,Rep C,2023-02-18,2023-03-13,5,,,,,,,,
175,,Social media lead form,Onboarding,76640.0,Rep C,2023-02-19,2023-03-03,4,,,,,,,,
176,Account 0092,Orders,Shipped,75686.0,Rep A,2022-06-14,2022-08-04,0,Potential,Cordoba,Art supply store,Simplified regime,22.0,,6.0,1.0
177,Account 0093,Orders,Shipped,78423.0,Rep A,2022-06-10,2022-07-07,0,Potential,Santa Fe,Paint store,VAT registered,22.0,Upfront,9.0,6.0
178,Account 0006,Orders,Shipped on credit,82746.0,Rep B,2022-11-28,2022-12-22,1,Strategic,AMBA Sur,Art supply store,VAT registered,22.0,,9.0,5.0
179,Account 0094,Orders,Shipped,81823.0,Rep A,2022-04-11,2022-05-05,0,Standard,CABA,Paint store,VAT registered,22.0,Upfront,10.0,6.0
180,Account 0095,Orders,Shipped,80663.0,Rep A,2022-08-23,2022-08-30,0,Churned,Cordoba,Other,VAT registered,15.0,,17.0,3.0
181,Account 0096,Active customers,Won customer,81765.0,Rep C,2022-02-09,2022-10-31,2,Potential,Misiones,Art supply store,Simplified regime,28.0,,15.0,3.0
182,,Active customers,Won customer,81786.0,Rep C,2022-03-28,2022-10-31,4,,,,,,,,
183,Account 0090,Orders,Shipped,78181.0,Rep B,2023-03-10,2023-03-14,1,Standard,BA Sur,Workshop,Final consumer,15.0,Upfront,7.0,6.0
184,Account 0063,Orders,Shipped,76443.0,Rep C,2022-04-11,2022-05-06,3,Potential,Chubut,Paint store,VAT registered,22.0,Upfront,16.0,5.0
185,,Active customers,Won customer,79577.0,Rep C,2022-03-10,2022-10-31,10,,,,,,,,
186,Account 0048,Orders,Shipped,78562.0,Rep B,2022-12-06,2022-12-15,2,Key,Entre Rios,Paint store,VAT registered,22.0,,11.0,4.0
187,Account 0084,Orders,Shipped on credit,76116.0,Rep B,2023-01-24,2023-02-15,2,Strategic,Neuquen,Paint store,VAT registered,22.0,,10.0,6.0
188,Account 0097,Orders,Shipped,73265.0,Rep C,2022-03-11,2022-03-18,2,Low,CABA,Art supply store,Simplified regime,15.0,Upfront,12.0,2.0
189,Account 0060,Orders,Shipped,78219.0,Rep B,2023-02-16,2023-02-24,4,Key,BA Sur,Paint store,VAT registered,22.0,Upfront,21.0,8.0
190,Account 0096,Orders,Shipped,74510.0,Rep A,2022-03-09,2022-03-18,0,Potential,Misiones,Art supply store,Simplified regime,28.0,,15.0,3.0
191,Account 0098,Orders,Shipped,79632.0,Rep C,2022-02-17,2022-03-14,1,Potential,San Juan,Other,Simplified regime,15.0,,11.0,4.0
192,Account 0005,Orders,Shipped,74196.0,Rep B,2022-09-27,2022-10-17,4,Potential,Rio Negro,Paint store,VAT registered,22.0,Upfront,8.0,5.0
193,Account 0084,Orders,Shipped on credit,73192.0,Rep A,2021-11-05,2022-02-22,0,Strategic,Neuquen,Paint store,VAT registered,22.0,,10.0,6.0
194,Account 0099,Orders,Shipped,78472.0,Rep C,2022-07-27,2022-08-23,0,Potential,AMBA Sur,Paint store,VAT registered,22.0,,4.0,1.0
195,Account 0036,Orders,Shipped,73237.0,Rep A,2022-03-15,2022-03-18,0,Potential,Cordoba,Paint store,VAT registered,22.0,Upfront,14.0,5.0
196,Account 0074,Orders,Shipped,73278.0,Rep A,2022-04-27,2022-05-10,0,Potential,BA Atlantico,Art supply store,Simplified regime,28.0,,6.0,5.0
197,Account 0024,Orders,Shipped,76429.0,Rep A,2022-09-02,2022-09-19,0,Strategic,CABA,Paint store,VAT registered,28.0,Upfront,13.0,33.0
198,Account 0100,Orders,Shipped,78474.0,Rep C,2023-03-09,2023-03-15,0,Potential,BA Este,Paint store,VAT registered,22.0,,2.0,1.0
199,Account 0045,Orders,Shipped,73293.0,Rep C,2022-02-04,2022-05-11,1,Potential,AMBA Norte,Paint store,VAT registered,22.0,,14.0,3.0
200,Account 0024,Orders,Shipped,73914.0,Rep A,2022-07-11,2022-07-27,0,Strategic,CABA,Paint store,VAT registered,28.0,Upfront,13.0,33.0
201,Account 0101,Orders,Shipped,77332.0,Rep A,2022-03-11,2022-03-18,0,Key,Salta,Paint store,VAT registered,22.0,Upfront,16.0,2.0
202,Account 0077,Orders,Shipped,78778.0,Rep A,2022-10-18,2022-10-28,2,Standard,AMBA Norte,Other,Simplified regime,22.0,,6.0,3.0
203,Account 0102,Orders,Shipped,75175.0,Rep C,2022-02-07,2022-03-18,1,Potential,BA Norte,Art supply store,Simplified regime,15.0,Upfront,7.0,3.0
204,Account 0103,Orders,Shipped,72368.0,Rep A,2022-12-14,2022-12-21,0,Standard,BA Norte,Art supply store,Simplified regime,28.0,Upfront,7.0,8.0
205,,Active customers,Won customer,71383.0,Rep C,2021-12-22,2022-10-31,5,,,,,,,,
206,,Active customers,Won customer,73002.0,Rep C,2022-01-25,2022-10-31,6,,,,,,,,
207,,Active customers,Won customer,72268.0,Rep C,2022-01-26,2022-10-31,21,,,,,,,,
208,Account 0104,Orders,Shipped,76326.0,Rep A,2022-03-15,2022-03-31,0,Churned,AMBA Norte,Other,VAT registered,22.0,Upfront,7.0,5.0
209,Account 0105,Orders,Shipped,72065.0,Rep C,2022-04-21,2022-05-11,0,Key,Catamarca,Art supply store,VAT registered,22.0,Upfront,13.0,4.0
210,Account 0106,Orders,Shipped on credit,74897.0,Rep A,2022-10-21,2022-12-12,2,Strategic,AMBA Norte,Other,VAT registered,28.0,,11.0,6.0
211,Account 0080,Orders,Shipped on credit,76248.0,Rep A,2022-04-29,2022-05-23,1,Key,Chubut,Art supply store,VAT registered,7.0,Upfront,9.0,2.0
212,Account 0107,Orders,Shipped,75165.0,Rep A,2022-07-25,2022-08-08,1,Standard,AMBA Norte,Paint store,Simplified regime,15.0,Upfront,12.0,5.0
213,Account 0108,Orders,Shipped,72289.0,Rep A,2022-08-02,2022-08-17,0,Low,AMBA Norte,Art supply store,VAT registered,7.0,,7.0,1.0
214,Account 0109,Orders,Shipped,76783.0,Rep A,2023-01-16,2023-01-26,2,Potential,CABA,Art supply store,VAT registered,28.0,Upfront,12.0,6.0
215,Account 0027,Orders,Shipped,76039.0,Rep A,2022-01-13,2022-02-01,0,Potential,AMBA Sur,Workshop,Simplified regime,22.0,Upfront,12.0,17.0
216,Account 0074,Orders,Shipped,76087.0,Rep A,2022-06-14,2022-07-07,0,Potential,BA Atlantico,Art supply store,Simplified regime,28.0,,6.0,5.0
217,Account 0110,Orders,Shipped,71507.0,Rep A,2021-12-14,2022-01-11,0,Potential,Corrientes,Art supply store,VAT registered,15.0,,12.0,2.0
218,Account 0027,Orders,Shipped,71419.0,Rep A,2022-02-14,2022-02-22,0,Potential,AMBA Sur,Workshop,Simplified regime,22.0,Upfront,12.0,17.0
219,Account 0010,Orders,Shipped on credit,77171.0,Rep A,2021-12-14,2022-05-11,0,Strategic,CABA,Art supply store,VAT registered,22.0,Open account,13.0,10.0
220,Account 0086,Orders,Shipped on credit,73053.0,Rep A,2023-02-09,2023-03-17,4,Standard,CABA,Workshop,Simplified regime,22.0,Open account,21.0,12.0
221,Account 0111,Orders,Shipped on credit,72110.0,Rep A,2022-04-27,2022-05-19,1,Potential,CABA,Art supply store,VAT registered,22.0,,11.0,2.0
222,Account 0112,Orders,Shipped on credit,73460.0,Rep A,2022-09-23,2023-03-30,3,Low,Cordoba,Paint store,VAT registered,,,3.0,1.0
223,Account 0113,Orders,Shipped,74626.0,Rep A,2023-02-28,2023-03-16,5,Potential,CABA,Paint store,VAT registered,22.0,,19.0,6.0
224,Account 0016,Orders,Shipped,76758.0,Rep A,2021-10-28,2022-02-22,0,Potential,AMBA Sur,Paint store,VAT registered,15.0,Upfront,11.0,5.0
225,Account 0105,Orders,Shipped,71809.0,Rep A,2023-03-09,2023-03-14,11,Key,Catamarca,Art supply store,VAT registered,22.0,Upfront,13.0,4.0
226,Account 0082,Orders,Shipped,76337.0,Rep C,2022-03-15,2022-05-02,3,Potential,AMBA Sur,Art supply store,VAT registered,22.0,Upfront,16.0,6.0
227,,Active customers,Won customer,69722.0,Rep C,2022-01-31,2022-10-31,3,,,,,,,,
228,,Active customers,Won customer,73604.0,Rep C,2022-04-12,2022-09-09,15,,,,,,,,
229,,Active customers,Won customer,74181.0,Rep C,2022-04-22,2022-10-31,10,,,,,,,,
230,,Reseller onboarding,Onboarding,70315.0,Rep C,2022-09-21,2022-10-20,12,,,,,,,,
231,Account 0113,Orders,Shipped,68432.0,Rep A,2022-10-28,2022-11-18,8,Potential,CABA,Paint store,VAT registered,22.0,,19.0,6.0
232,,Active customers,Won customer,70188.0,Rep C,2022-07-28,2022-09-02,4,,,,,,,,
233,Account 0005,Orders,Shipped,73768.0,Rep A,2021-12-28,2022-01-12,0,Potential,Rio Negro,Paint store,VAT registered,22.0,Upfront,8.0,5.0
234,,Orders,Shipped,71151.0,Rep A,2022-01-21,2022-02-10,0,,,,,,,,
235,Account 0114,Orders,Shipped,73487.0,Rep B,2022-12-20,2022-12-21,3,Potential,BA Atlantico,Paint store,VAT registered,28.0,,10.0,5.0
236,,Active customers,Won customer,72285.0,Rep C,2021-11-11,2022-10-31,7,,,,,,,,
237,Account 0029,Orders,Shipped on credit,69921.0,Rep A,2022-06-29,2022-07-14,1,Strategic,CABA,Art supply store,VAT registered,28.0,Open account,16.0,18.0
238,Account 0115,Orders,Shipped,71959.0,Rep C,2022-05-16,2022-05-27,1,Standard,Santa Fe,Paint store,VAT registered,22.0,,6.0,1.0
239,Account 0116,Orders,Shipped,66581.0,Rep A,2021-12-01,2022-01-10,0,Churned,CABA,Art supply store,VAT registered,22.0,,6.0,1.0
240,Account 0040,Orders,Shipped on credit,67005.0,Rep A,2022-11-28,2023-01-05,8,Strategic,Santiago del Estero,Paint store,VAT registered,22.0,,18.0,7.0
241,Account 0117,Orders,Shipped,71781.0,Rep A,2022-05-09,2022-05-13,0,Potential,Chaco,Other,VAT registered,22.0,Upfront,10.0,6.0
242,Account 0118,Orders,Shipped,71098.0,Rep B,2023-02-02,2023-02-06,0,Potential,Cordoba,Art supply store,Simplified regime,22.0,,12.0,6.0
243,,Active customers,Won customer,67087.0,Rep C,2022-04-29,2022-10-31,2,,,,,,,,
244,Account 0119,Orders,Shipped,69044.0,Rep A,2021-11-17,2022-02-15,0,Potential,Chubut,Art supply store,Simplified regime,15.0,Upfront,17.0,7.0
245,Account 0113,Orders,Shipped,69559.0,Rep A,2022-01-19,2022-02-01,0,Potential,CABA,Paint store,VAT registered,22.0,,19.0,6.0
246,Account 0024,Orders,Shipped,70906.0,Rep A,2022-10-19,2022-10-24,0,Strategic,CABA,Paint store,VAT registered,28.0,Upfront,13.0,33.0
247,Account 0063,Orders,Shipped,68987.0,Rep A,2022-01-12,2022-01-12,0,Potential,Chubut,Paint store,VAT registered,22.0,Upfront,16.0,5.0
248,Account 0120,Orders,Shipped,67686.0,Rep A,2022-02-02,2022-02-10,0,Standard,CABA,Other,VAT registered,15.0,30 days,10.0,2.0
249,Account 0028,Orders,Shipped on credit,67292.0,Rep C,2022-01-28,2022-05-11,1,Strategic,Cordoba,Art supply store,VAT registered,22.0,Open account,6.0,6.0
250,Account 0006,Orders,Shipped on credit,67561.0,Rep B,2022-12-05,2023-02-06,1,Strategic,AMBA Sur,Art supply store,VAT registered,22.0,,9.0,5.0
251,Account 0121,Orders,Shipped,68676.0,Rep A,2022-01-27,2022-02-04,0,Standard,AMBA Sur,Workshop,VAT registered,7.0,,6.0,2.0
252,Account 0024,Orders,Shipped,70114.0,Rep A,2022-01-31,2022-02-10,0,Strategic,CABA,Paint store,VAT registered,28.0,Upfront,13.0,33.0
253,Account 0044,Orders,Shipped on credit,67255.0,Rep A,2023-02-07,2023-03-13,3,Potential,CABA,Art supply store,VAT registered,22.0,30 days,16.0,16.0
254,Account 0032,Orders,Shipped,65799.0,Rep A,2022-07-29,2022-08-17,0,Potential,BA Centro,Paint store,VAT registered,28.0,30 days,6.0,2.0
255,Account 0119,Orders,Shipped,65709.0,Rep A,2022-12-29,2023-01-05,2,Potential,Chubut,Art supply store,Simplified regime,15.0,Upfront,17.0,7.0
256,Account 0048,Orders,Shipped,69122.0,Rep A,2021-11-05,2021-11-05,0,Key,Entre Rios,Paint store,VAT registered,22.0,,11.0,4.0
257,Account 0064,Orders,Shipped,69550.0,Rep A,2021-11-04,2021-11-12,0,Potential,Cordoba,Paint store,VAT registered,22.0,,8.0,3.0
258,Account 0122,Orders,Shipped,64709.0,Rep A,2022-08-30,2022-10-03,3,Standard,AMBA Norte,Art supply store,VAT registered,22.0,Upfront,17.0,10.0
259,Account 0123,Orders,Shipped,64262.0,Rep A,2022-01-28,2022-02-04,0,Standard,Cordoba,Paint store,VAT registered,15.0,,10.0,2.0
260,Account 0124,Orders,Shipped,67786.0,Rep A,2022-12-13,2022-12-15,0,Standard,San Juan,Other,Simplified regime,15.0,,2.0,2.0
261,,Active customers,Won customer,64726.0,Rep C,2021-11-02,2022-10-31,1,,,,,,,,
262,,Active customers,Won customer,69278.0,Rep C,2022-06-27,2022-10-31,9,,,,,,,,
263,Account 0020,Orders,Shipped on credit,65689.0,Rep A,2022-08-11,2022-11-03,3,Key,Santa Fe,Other,VAT registered,22.0,30 days,11.0,2.0
264,Account 0023,Orders,Shipped,64357.0,Rep A,2022-11-03,2022-11-07,8,Key,Santa Fe,Art supply store,VAT registered,22.0,Upfront,16.0,4.0
265,Account 0125,Orders,Shipped,69494.0,Rep A,2022-02-18,2022-03-10,0,Churned,AMBA Norte,Other,Simplified regime,,Upfront,12.0,2.0
266,Account 0048,Orders,Shipped,64407.0,Rep A,2022-07-01,2022-08-09,4,Key,Entre Rios,Paint store,VAT registered,22.0,,11.0,4.0
267,Account 0126,Orders,Shipped,65185.0,Rep A,2022-05-19,2022-05-27,0,Standard,CABA,Workshop,VAT registered,22.0,,11.0,5.0
268,Account 0024,Orders,Shipped,64141.0,Rep A,2022-07-22,2022-08-08,0,Strategic,CABA,Paint store,VAT registered,28.0,Upfront,13.0,33.0
269,Account 0127,Orders,Backorder,63634.0,Rep A,2022-03-14,2022-08-29,0,Potential,CABA,Art supply store,VAT registered,28.0,Upfront,21.0,3.0
270,Account 0113,Orders,Shipped,62534.0,Rep A,2022-08-17,2022-09-23,0,Potential,CABA,Paint store,VAT registered,22.0,,19.0,6.0
271,Account 0128,Orders,Shipped,62180.0,Rep A,2021-12-22,2022-01-12,0,Churned,,Paint store,VAT registered,22.0,,4.0,1.0
272,Account 0129,Orders,Shipped,62949.0,Rep C,2023-03-08,2023-03-09,0,Potential,BA Norte,Art supply store,Simplified regime,15.0,,2.0,1.0
273,Account 0041,Orders,Shipped on credit,62149.0,Rep C,2022-08-18,2022-10-05,2,Key,Cordoba,Art supply store,Simplified regime,22.0,30 days,10.0,11.0
274,Account 0084,Orders,Shipped on credit,65648.0,Rep A,2022-11-22,2022-12-15,2,Strategic,Neuquen,Paint store,VAT registered,22.0,,10.0,6.0
275,Account 0130,Orders,Shipped,66004.0,Rep C,2023-02-13,2023-02-15,0,Potential,Corrientes,Art supply store,Simplified regime,22.0,,7.0,2.0
276,Account 0036,Orders,Shipped,63824.0,Rep A,2021-12-06,2022-01-10,0,Potential,Cordoba,Paint store,VAT registered,22.0,Upfront,14.0,5.0
277,Account 0024,Orders,Shipped,63332.0,Rep A,2022-09-30,2022-10-12,0,Strategic,CABA,Paint store,VAT registered,28.0,Upfront,13.0,33.0
278,Account 0017,Orders,Shipped,64303.0,Rep A,2022-01-31,2022-02-10,0,Churned,Mendoza,Distributor,VAT registered,22.0,Upfront,5.0,6.0
279,Account 0113,Orders,Shipped,66463.0,Rep C,2022-05-19,2022-07-11,4,Potential,CABA,Paint store,VAT registered,22.0,,19.0,6.0
280,,Active customers,Won customer,66299.0,Rep C,2022-07-16,2022-09-02,6,,,,,,,,
281,Account 0131,Orders,Shipped on credit,60975.0,Rep A,2021-10-21,2021-12-09,0,Standard,AMBA Sur,Other,Simplified regime,15.0,Upfront,11.0,3.0
282,Account 0031,Orders,Shipped,61621.0,Rep C,2023-03-15,2023-03-17,0,Potential,Rio Negro,Art supply store,VAT registered,22.0,,4.0,2.0
283,Account 0076,Orders,Shipped,61830.0,Rep B,2022-12-30,2023-01-05,5,Potential,Cordoba,Art supply store,Simplified regime,28.0,Upfront,15.0,4.0
284,Account 0113,Orders,Shipped,61855.0,Rep A,2022-12-05,2022-12-13,1,Potential,CABA,Paint store,VAT registered,22.0,,19.0,6.0
285,Account 0069,Orders,Shipped,63888.0,Rep A,2022-01-04,2022-01-12,0,Strategic,Santa Cruz,Other,VAT registered,15.0,,17.0,4.0
286,Account 0132,Orders,Shipped on credit,62562.0,Rep A,2022-04-26,2022-05-26,1,Potential,Tucuman,Art supply store,Final consumer,28.0,,30.0,9.0
287,Account 0061,Orders,Shipped,60104.0,Rep A,2022-10-17,2022-11-01,10,Key,AMBA Norte,Paint store,VAT registered,22.0,,13.0,3.0
288,Account 0051,Orders,Shipped,62135.0,Rep A,2021-12-20,2022-01-12,0,Potential,BA Atlantico,Paint store,VAT registered,22.0,,10.0,2.0
289,Account 0133,Orders,Shipped,63020.0,Rep A,2022-05-23,2022-05-27,0,Potential,AMBA Sur,Art supply store,Simplified regime,22.0,Upfront,10.0,5.0
290,Account 0134,Orders,Shipped,60365.0,Rep A,2022-12-23,2023-01-02,7,Churned,CABA,Art supply store,VAT registered,7.0,,11.0,3.0
291,Account 0135,Orders,Shipped,64795.0,Rep A,2022-11-24,2022-11-25,7,Potential,AMBA Norte,Paint store,VAT registered,22.0,,10.0,3.0
292,Account 0136,Orders,Shipped,59746.0,Rep C,2023-04-17,2023-04-18,0,Standard,Santa Fe,Other,Simplified regime,15.0,,1.0,1.0
293,Account 0098,Orders,Shipped,65163.0,Rep A,2022-07-29,2022-08-17,5,Potential,San Juan,Other,Simplified regime,15.0,,11.0,4.0
294,Account 0029,Orders,Shipped on credit,59960.0,Rep A,2022-12-01,2022-12-14,0,Strategic,CABA,Art supply store,VAT registered,28.0,Open account,16.0,18.0
295,,Reseller onboarding,Onboarding,64358.0,Rep C,2023-03-27,2023-04-12,3,,,,,,,,
296,Account 0029,Orders,Shipped on credit,64464.0,Rep A,2023-04-12,2023-04-17,3,Strategic,CABA,Art supply store,VAT registered,28.0,Open account,16.0,18.0
297,Account 0137,Orders,Shipped,64839.0,Rep B,2023-01-09,2023-01-13,0,Standard,Cordoba,Art supply store,Simplified regime,15.0,Upfront,1.0,1.0
298,Account 0041,Orders,Shipped,63721.0,Rep B,2022-10-12,2022-10-17,1,Key,Cordoba,Art supply store,Simplified regime,22.0,30 days,10.0,11.0
299,Account 0138,Orders,Shipped,63482.0,Rep B,2023-02-28,2023-03-07,3,Key,Rio Negro,Art supply store,Simplified regime,22.0,Upfront,13.0,10.0
300,Account 0069,Orders,Shipped,62508.0,Rep A,2022-06-13,2022-07-07,2,Strategic,Santa Cruz,Other,VAT registered,15.0,,17.0,4.0
301,Account 0041,Orders,Shipped on credit,63305.0,Rep A,2022-12-20,2022-12-21,0,Key,Cordoba,Art supply store,Simplified regime,22.0,30 days,10.0,11.0
302,,Active customers,Won customer,58771.0,Rep C,2022-05-11,2022-10-14,19,,,,,,,,
303,,Social media lead form,Onboarding,61220.0,Rep C,2022-09-26,2022-12-12,25,,,,,,,,
304,,Social media lead form,Onboarding,61087.0,Rep C,2022-11-09,2022-11-24,7,,,,,,,,
305,,Social media lead form,Onboarding,63181.0,Rep C,2022-11-09,2022-11-29,6,,,,,,,,
306,,Social media lead form,Onboarding,60773.0,Rep C,2022-12-19,2023-02-14,13,,,,,,,,
307,Account 0029,Orders,Shipped,60251.0,Rep A,2022-10-12,2022-10-17,1,Strategic,CABA,Art supply store,VAT registered,28.0,Open account,16.0,18.0
308,Account 0053,Orders,Shipped,61794.0,Rep A,2022-01-19,2022-03-18,0,Potential,Neuquen,Art supply store,VAT registered,22.0,Upfront,13.0,4.0
309,Account 0063,Orders,Shipped,58763.0,Rep A,2022-08-09,2022-08-17,7,Potential,Chubut,Paint store,VAT registered,22.0,Upfront,16.0,5.0
310,Account 0029,Orders,Shipped on credit,57762.0,Rep A,2022-01-21,2022-05-11,0,Strategic,CABA,Art supply store,VAT registered,28.0,Open account,16.0,18.0
311,Account 0139,Orders,Shipped,59521.0,Rep A,2022-07-19,2022-07-27,0,Standard,Chubut,Other,Simplified regime,15.0,,4.0,3.0
312,Account 0140,Orders,Shipped,58591.0,Rep A,2021-11-17,2022-02-15,0,Churned,AMBA Norte,Paint store,VAT registered,15.0,Upfront,5.0,3.0
313,Account 0122,Orders,Shipped on credit,57481.0,Rep A,2023-03-13,2023-03-17,8,Standard,AMBA Norte,Art supply store,VAT registered,22.0,Upfront,17.0,10.0
314,Account 0141,Orders,Shipped,57915.0,Rep A,2022-07-28,2022-08-17,0,Potential,Cordoba,Workshop,Simplified regime,7.0,,3.0,1.0
315,Account 0142,Orders,Shipped,57717.0,Rep C,2022-05-19,2022-07-11,1,Key,Tucuman,Art supply store,Simplified regime,15.0,,12.0,2.0
316,Account 0103,Orders,Shipped,57478.0,Rep B,2023-03-29,2023-04-04,2,Standard,BA Norte,Art supply store,Simplified regime,28.0,Upfront,7.0,8.0
317,Account 0060,Orders,Shipped,57710.0,Rep A,2022-07-26,2022-08-17,3,Key,BA Sur,Paint store,VAT registered,22.0,Upfront,21.0,8.0
318,Account 0114,Orders,Shipped,59379.0,Rep A,2021-11-12,2022-01-12,0,Potential,BA Atlantico,Paint store,VAT registered,28.0,,10.0,5.0
319,Account 0041,Orders,Shipped,57078.0,Rep A,2022-02-14,2022-03-07,0,Key,Cordoba,Art supply store,Simplified regime,22.0,30 days,10.0,11.0
320,Account 0029,Orders,Shipped on credit,60798.0,Rep A,2023-02-06,2023-03-20,1,Strategic,CABA,Art supply store,VAT registered,28.0,Open account,16.0,18.0
321,Account 0143,Orders,Shipped,60586.0,Rep A,2022-12-27,2022-12-29,0,Potential,BA Este,Paint store,VAT registered,15.0,,5.0,2.0
322,,Active customers,Won customer,58018.0,Rep C,2021-06-28,2022-10-31,0,,,,,,,,
323,Account 0017,Orders,Shipped,57123.0,Rep A,2022-02-23,2022-03-18,0,Churned,Mendoza,Distributor,VAT registered,22.0,Upfront,5.0,6.0
324,,Reseller onboarding,Onboarding,58155.0,Rep C,2021-09-09,2022-11-14,9,,,,,,,,
325,Account 0144,Orders,Shipped,58878.0,Rep B,2023-01-13,2023-01-17,1,Standard,BA Atlantico,Art supply store,VAT registered,15.0,Upfront,8.0,4.0
326,Account 0145,Orders,Shipped,57655.0,Rep B,2022-09-21,2022-10-12,3,Standard,Rio Negro,Art supply store,VAT registered,28.0,,6.0,3.0
327,Account 0027,Orders,Shipped,58481.0,Rep A,2021-10-21,2021-10-29,0,Potential,AMBA Sur,Workshop,Simplified regime,22.0,Upfront,12.0,17.0
328,Account 0146,Orders,Shipped,56897.0,Rep B,2022-09-15,2022-10-03,3,Standard,AMBA Norte,Art supply store,VAT registered,15.0,Upfront,10.0,5.0
329,Account 0027,Orders,Shipped,57371.0,Rep A,2022-06-30,2022-07-11,0,Potential,AMBA Sur,Workshop,Simplified regime,22.0,Upfront,12.0,17.0
330,Account 0130,Orders,Shipped,55306.0,Rep A,2022-11-24,2022-11-29,0,Potential,Corrientes,Art supply store,Simplified regime,22.0,,7.0,2.0
331,Account 0147,Orders,Shipped,57827.0,Rep A,2022-12-13,2022-12-21,0,Standard,BA Sur,Art supply store,Simplified regime,22.0,Upfront,13.0,7.0
332,Account 0027,Orders,Shipped,54804.0,Rep A,2022-05-31,2022-06-06,0,Potential,AMBA Sur,Workshop,Simplified regime,22.0,Upfront,12.0,17.0
333,Account 0148,Orders,Shipped,57141.0,Rep C,2023-03-10,2023-03-15,0,Standard,Santa Fe,Workshop,Simplified regime,15.0,,1.0,1.0
334,Account 0149,Orders,Shipped,57790.0,Rep C,2022-07-25,2022-08-17,3,Standard,Santa Fe,Paint store,VAT registered,22.0,,9.0,1.0
335,Account 0107,Orders,Shipped,53169.0,Rep A,2023-01-27,2023-02-06,7,Standard,AMBA Norte,Paint store,Simplified regime,15.0,Upfront,12.0,5.0
336,Account 0105,Orders,Shipped,55722.0,Rep A,2021-10-29,2021-11-02,0,Key,Catamarca,Art supply store,VAT registered,22.0,Upfront,13.0,4.0
337,,Reseller onboarding,Onboarding,52677.0,Rep C,2023-02-03,2023-03-10,6,,,,,,,,
338,Account 0082,Orders,Shipped,55936.0,Rep A,2022-06-28,2022-07-18,5,Potential,AMBA Sur,Art supply store,VAT registered,22.0,Upfront,16.0,6.0
339,Account 0150,Orders,Shipped,52414.0,Rep A,2023-02-24,2023-03-07,4,Churned,AMBA Norte,Art supply store,VAT registered,22.0,,9.0,2.0
340,Account 0021,Orders,Shipped,57025.0,Rep A,2021-12-01,2022-01-12,0,Strategic,AMBA Norte,Paint store,VAT registered,22.0,,16.0,6.0
341,Account 0087,Orders,Shipped,52166.0,Rep A,2022-07-26,2022-08-17,0,Standard,AMBA Norte,Workshop,Simplified regime,22.0,Upfront,11.0,14.0
342,Account 0151,Orders,Shipped,56495.0,Rep B,2023-03-20,2023-03-21,5,Standard,Rio Negro,Workshop,Final consumer,7.0,Upfront,7.0,5.0
343,Account 0152,Orders,Shipped,55374.0,Rep A,2022-03-25,2022-05-02,0,Standard,CABA,Workshop,VAT registered,7.0,Upfront,7.0,3.0
344,Account 0024,Orders,Shipped,53887.0,Rep A,2022-09-08,2022-09-19,0,Strategic,CABA,Paint store,VAT registered,28.0,Upfront,13.0,33.0
345,Account 0153,Orders,Shipped,54819.0,Rep A,2022-12-12,2022-12-21,3,Standard,AMBA Norte,Art supply store,VAT registered,28.0,Upfront,7.0,4.0
346,Account 0138,Orders,Shipped,54821.0,Rep A,2022-03-25,2022-05-02,0,Key,Rio Negro,Art supply store,Simplified regime,22.0,Upfront,13.0,10.0
347,Account 0029,Orders,Shipped,55615.0,Rep A,2023-03-17,2023-03-17,1,Strategic,CABA,Art supply store,VAT registered,28.0,Open account,16.0,18.0
348,Account 0154,Orders,Shipped,51904.0,Rep A,2022-11-14,2022-11-22,0,Standard,BA Este,Other,VAT registered,22.0,,4.0,3.0
349,Account 0155,Orders,Shipped,53557.0,Rep A,2021-11-17,2022-02-15,0,Churned,Catamarca,Art supply store,VAT registered,7.0,Upfront,11.0,3.0
350,Account 0004,Orders,Shipped,50889.0,Rep A,2021-10-21,2021-12-09,0,Key,Salta,Art supply store,Simplified regime,22.0,Open account,13.0,6.0
351,Account 0155,Orders,Shipped,53507.0,Rep A,2022-03-09,2022-03-17,0,Churned,Catamarca,Art supply store,VAT registered,7.0,Upfront,11.0,3.0
352,Account 0156,Orders,Shipped,51064.0,Rep C,2023-02-10,2023-02-15,0,Standard,Tierra del Fuego,Workshop,Exempt,15.0,,3.0,1.0
353,Account 0098,Orders,Shipped,52983.0,Rep B,2023-04-05,2023-04-13,1,Potential,San Juan,Other,Simplified regime,15.0,,11.0,4.0
354,Account 0103,Orders,Shipped,53005.0,Rep B,2022-09-29,2022-10-14,4,Standard,BA Norte,Art supply store,Simplified regime,28.0,Upfront,7.0,8.0
355,Account 0157,Active customers,Won customer,52322.0,Rep C,2022-02-01,2022-10-31,4,Standard,Cordoba,Paint store,VAT registered,7.0,Upfront,20.0,2.0
356,Account 0158,Orders,Shipped,52597.0,Rep A,2021-12-15,2022-01-10,0,Standard,Santa Fe,Art supply store,Simplified regime,22.0,Upfront,9.0,7.0
357,Account 0159,Orders,Shipped,53862.0,Rep A,2022-09-30,2022-10-13,0,Standard,Entre Rios,Art supply store,Simplified regime,22.0,,2.0,2.0
358,Account 0160,Orders,Backorder,53850.0,Rep A,2021-11-03,2022-08-29,0,Potential,BA Norte,Paint store,VAT registered,22.0,,7.0,6.0
359,Account 0086,Orders,Shipped on credit,52180.0,Rep A,2022-03-17,2022-05-11,4,Standard,CABA,Workshop,Simplified regime,22.0,Open account,21.0,12.0
360,Account 0161,Orders,Shipped,52546.0,Rep A,2022-11-09,2022-11-10,0,Standard,Santa Fe,Workshop,Final consumer,15.0,Upfront,11.0,6.0
361,Account 0162,Orders,Shipped,54264.0,Rep A,2022-09-13,2022-09-22,0,Standard,CABA,Art supply store,Final consumer,7.0,,3.0,1.0
362,Account 0163,Orders,Shipped,49967.0,Rep C,2022-08-04,2022-08-17,0,Standard,AMBA Norte,Art supply store,Simplified regime,7.0,,3.0,1.0
363,Account 0062,Orders,Shipped,49879.0,Rep A,2022-02-24,2022-03-07,0,Potential,Entre Rios,Paint store,VAT registered,22.0,,10.0,6.0
364,,Active customers,Won customer,49712.0,Rep C,2022-09-19,2022-09-26,7,,,,,,,,
365,Account 0041,Orders,Shipped,52471.0,Rep A,2022-04-18,2022-05-06,0,Key,Cordoba,Art supply store,Simplified regime,22.0,30 days,10.0,11.0
366,Account 0164,Orders,Shipped,51227.0,Rep A,2022-10-31,2022-11-07,9,Standard,CABA,Art supply store,Simplified regime,22.0,Upfront,11.0,10.0
367,Account 0165,Orders,Shipped,52884.0,Rep B,2022-11-22,2022-12-13,8,Standard,Cordoba,Paint store,VAT registered,28.0,,11.0,3.0
368,Account 0166,Orders,Shipped,52241.0,Rep A,2022-11-29,2022-11-29,0,Standard,Tierra del Fuego,Workshop,Exempt,28.0,,3.0,1.0
369,Account 0122,Orders,Shipped,50456.0,Rep A,2022-11-18,2022-11-29,2,Standard,AMBA Norte,Art supply store,VAT registered,22.0,Upfront,17.0,10.0
370,,Active customers,Won customer,53281.0,Rep C,2022-07-25,2022-09-12,11,,,,,,,,
371,,Reseller onboarding,Onboarding,52585.0,Rep C,2022-08-21,2023-02-10,25,,,,,,,,
372,Account 0167,Orders,Shipped,50064.0,Rep A,2022-08-25,2022-09-27,0,Standard,Cordoba,Art supply store,Final consumer,15.0,,8.0,1.0
373,,Active customers,Won customer,50544.0,Rep C,2022-09-19,2022-09-28,6,,,,,,,,
374,Account 0061,Orders,Shipped,50019.0,Rep A,2023-02-23,2023-02-27,2,Key,AMBA Norte,Paint store,VAT registered,22.0,,13.0,3.0
375,Account 0010,Orders,Shipped on credit,49087.0,Rep A,2023-01-26,2023-03-31,3,Strategic,CABA,Art supply store,VAT registered,22.0,Open account,13.0,10.0
376,Account 0011,Orders,Shipped,48875.0,Rep C,2022-01-31,2022-03-07,1,Strategic,Rio Negro,Paint store,VAT registered,22.0,,14.0,4.0
377,Account 0168,Orders,Shipped,52843.0,Rep C,2022-06-09,2022-07-07,1,Standard,Chaco,Art supply store,VAT registered,15.0,,8.0,3.0
378,Account 0169,Orders,Shipped,50231.0,Rep C,2023-01-13,2023-01-23,0,Standard,AMBA Norte,Art supply store,Simplified regime,15.0,Upfront,1.0,3.0
379,Account 0170,Orders,Shipped,49771.0,Rep B,2022-09-05,2022-09-23,4,Potential,Chubut,Art supply store,Simplified regime,28.0,,19.0,8.0
380,Account 0091,Orders,Shipped,51226.0,Rep B,2023-01-09,2023-02-06,4,Key,Corrientes,Paint store,VAT registered,28.0,,10.0,8.0
381,Account 0150,Orders,Shipped,50277.0,Rep A,2022-01-07,2022-01-26,0,Churned,AMBA Norte,Art supply store,VAT registered,22.0,,9.0,2.0
382,Account 0171,Orders,Shipped,52189.0,Rep B,2022-10-04,2022-10-14,0,Standard,Rio Negro,Art supply store,Final consumer,28.0,Upfront,8.0,7.0
383,Account 0170,Orders,Shipped,51371.0,Rep B,2022-11-28,2022-12-01,0,Potential,Chubut,Art supply store,Simplified regime,28.0,,19.0,8.0
384,Account 0172,Orders,Shipped,49724.0,Rep A,2022-05-02,2022-05-20,0,Churned,Santa Cruz,Art supply store,VAT registered,,Upfront,5.0,1.0
385,Account 0173,Orders,Shipped,49145.0,Rep A,2022-08-09,2022-09-06,6,Standard,BA Norte,Paint store,VAT registered,15.0,Upfront,9.0,6.0
386,Account 0138,Orders,Shipped,52180.0,Rep B,2022-11-17,2022-12-06,2,Key,Rio Negro,Art supply store,Simplified regime,22.0,Upfront,13.0,10.0
387,Account 0174,Orders,Shipped,50839.0,Rep A,2022-09-26,2022-10-03,0,Standard,Mendoza,Workshop,Final consumer,28.0,,7.0,4.0
388,Account 0044,Orders,Shipped on credit,51732.0,Rep A,2022-02-04,2022-05-11,0,Potential,CABA,Art supply store,VAT registered,22.0,30 days,16.0,16.0
389,Account 0175,Orders,Shipped on credit,47486.0,Rep A,2022-08-16,2022-09-27,1,Standard,Santa Fe,Other,VAT registered,28.0,30 days,1.0,1.0
390,Account 0152,Orders,Shipped,51047.0,Rep C,2022-07-05,2022-07-22,3,Standard,CABA,Workshop,VAT registered,7.0,Upfront,7.0,3.0
391,,Orders,Shipped,49818.0,Rep C,2023-01-20,2023-01-26,1,,,,,,,,
392,Account 0176,Orders,Shipped,47280.0,Rep C,2023-02-10,2023-02-15,0,Potential,Cordoba,Art supply store,VAT registered,15.0,,2.0,1.0
393,Account 0177,Orders,Shipped,49429.0,Rep A,2022-12-26,2023-01-02,0,Standard,BA Norte,Workshop,Final consumer,15.0,,2.0,1.0
394,Account 0127,Orders,Shipped on credit,49903.0,Rep A,2023-03-14,2023-03-28,0,Potential,CABA,Art supply store,VAT registered,28.0,Upfront,21.0,3.0
395,Account 0178,Orders,Shipped,46537.0,Rep B,2022-12-23,2022-12-29,4,Standard,BA Norte,Other,VAT registered,28.0,Upfront,6.0,10.0
396,Account 0179,Orders,Shipped,48674.0,Rep B,2023-03-27,2023-04-04,3,Key,San Luis,Art supply store,Simplified regime,15.0,Upfront,9.0,6.0
397,,Active customers,Won customer,50388.0,Rep C,2021-12-21,2022-10-31,0,,,,,,,,
398,,Reseller onboarding,Onboarding,47801.0,Rep C,2022-12-06,2022-12-22,7,,,,,,,,
399,,Reseller onboarding,Onboarding,48598.0,Rep C,2022-12-06,2022-12-26,7,,,,,,,,
400,,Reseller onboarding,Onboarding,48518.0,Rep C,2022-12-12,2022-12-29,6,,,,,,,,
401,,Social media lead form,Onboarding,47833.0,Rep C,2022-12-25,2023-02-10,7,,,,,,,,
402,,Reseller onboarding,Onboarding,50842.0,Rep C,2023-01-13,2023-02-07,6,,,,,,,,
403,Account 0132,Orders,Shipped on credit,50169.0,Rep A,2023-01-30,2023-02-22,4,Potential,Tucuman,Art supply store,Final consumer,28.0,,30.0,9.0
404,Account 0072,Orders,Shipped,46876.0,Rep B,2022-12-20,2022-12-27,0,Potential,San Luis,Art supply store,Simplified regime,22.0,,4.0,3.0
405,Account 0024,Orders,Shipped,51173.0,Rep A,2022-01-25,2022-03-07,0,Strategic,CABA,Paint store,VAT registered,28.0,Upfront,13.0,33.0
406,Account 0180,Orders,Shipped on credit,50516.0,Rep A,2022-09-30,2022-11-02,2,Potential,AMBA Norte,Workshop,Final consumer,22.0,30 days,16.0,14.0
407,Account 0098,Orders,Shipped,47573.0,Rep A,2021-11-17,2022-02-15,0,Potential,San Juan,Other,Simplified regime,15.0,,11.0,4.0
408,,Reseller onboarding,Onboarding,50093.0,Rep C,2023-02-10,2023-03-21,7,,,,,,,,
409,Account 0181,Orders,Shipped,46554.0,Rep C,2023-03-21,2023-03-27,0,Standard,BA Norte,Paint store,Simplified regime,7.0,,1.0,1.0
410,Account 0155,Orders,Shipped,50805.0,Rep A,2022-01-17,2022-02-03,0,Churned,Catamarca,Art supply store,VAT registered,7.0,Upfront,11.0,3.0
411,Account 0049,Orders,Shipped,49189.0,Rep C,2022-02-18,2022-03-07,4,Standard,AMBA Sur,Art supply store,VAT registered,28.0,,10.0,3.0
412,Account 0040,Orders,Shipped on credit,49100.0,Rep A,2021-11-17,2022-01-21,0,Strategic,Santiago del Estero,Paint store,VAT registered,22.0,,18.0,7.0
413,Account 0027,Orders,Shipped,46318.0,Rep A,2021-12-22,2022-01-12,0,Potential,AMBA Sur,Workshop,Simplified regime,22.0,Upfront,12.0,17.0
414,Account 0182,Orders,Shipped,50039.0,Rep A,2022-06-16,2022-07-18,3,Standard,AMBA Norte,Art supply store,VAT registered,22.0,Upfront,13.0,6.0
415,Account 0110,Orders,Shipped,45860.0,Rep C,2022-07-27,2022-08-17,7,Potential,Corrientes,Art supply store,VAT registered,15.0,,12.0,2.0
416,Account 0183,Orders,Shipped,46751.0,Rep C,2023-02-07,2023-02-09,0,Standard,San Luis,Other,VAT registered,15.0,,3.0,1.0
417,Account 0050,Orders,Shipped,46242.0,Rep B,2022-08-19,2022-10-12,6,Potential,AMBA Sur,Paint store,VAT registered,22.0,Upfront,15.0,7.0
418,Account 0040,Orders,Shipped on credit,49131.0,Rep A,2022-08-26,2022-10-17,1,Strategic,Santiago del Estero,Paint store,VAT registered,22.0,,18.0,7.0
419,Account 0008,Orders,Shipped,46277.0,Rep A,2022-05-16,2022-05-26,0,Standard,Jujuy,Workshop,Exempt,22.0,,7.0,2.0
420,Account 0122,Orders,Shipped,49547.0,Rep A,2022-05-17,2022-05-27,0,Standard,AMBA Norte,Art supply store,VAT registered,22.0,Upfront,17.0,10.0
421,Account 0087,Orders,Shipped,48301.0,Rep A,2022-09-19,2022-10-14,3,Standard,AMBA Norte,Workshop,Simplified regime,22.0,Upfront,11.0,14.0
422,Account 0184,Orders,Shipped,45210.0,Rep A,2021-10-25,2022-01-11,0,Churned,AMBA Norte,Paint store,VAT registered,7.0,,10.0,2.0
423,Account 0071,Orders,Shipped on credit,44971.0,Rep A,2022-05-31,2022-07-14,1,Potential,CABA,Art supply store,Simplified regime,22.0,30 days,20.0,14.0
424,Account 0084,Orders,Shipped on credit,45100.0,Rep B,2022-09-08,2022-10-04,3,Strategic,Neuquen,Paint store,VAT registered,22.0,,10.0,6.0
425,Account 0185,Orders,Shipped on credit,47522.0,Rep A,2022-02-03,2022-02-11,1,Key,CABA,Art supply store,VAT registered,22.0,30 days,15.0,39.0
426,Account 0186,Orders,Shipped,48362.0,Rep A,2022-09-09,2022-09-22,1,Standard,Santiago del Estero,Workshop,Simplified regime,22.0,,13.0,8.0
427,Account 0069,Orders,Shipped,45670.0,Rep A,2022-02-01,2022-02-10,2,Strategic,Santa Cruz,Other,VAT registered,15.0,,17.0,4.0
428,Account 0076,Orders,Shipped,48451.0,Rep A,2022-07-29,2022-09-23,4,Potential,Cordoba,Art supply store,Simplified regime,28.0,Upfront,15.0,4.0
429,Account 0187,Orders,Shipped,44707.0,Rep A,2022-11-24,2022-12-06,0,Standard,Santa Fe,Workshop,Final consumer,15.0,,6.0,1.0
430,Account 0188,Orders,Shipped,48110.0,Rep B,2022-10-11,2022-10-17,3,Standard,Corrientes,Art supply store,VAT registered,,,5.0,6.0
431,Account 0189,Orders,Shipped,48600.0,Rep A,2022-03-31,2022-05-02,0,Potential,BA Atlantico,Art supply store,Simplified regime,22.0,Upfront,8.0,18.0
432,,Reseller onboarding,Onboarding,47621.0,Rep C,2022-11-06,2022-11-23,8,,,,,,,,
433,Account 0169,Orders,Shipped,47278.0,Rep C,2023-03-22,2023-03-30,0,Standard,AMBA Norte,Art supply store,Simplified regime,15.0,Upfront,1.0,3.0
434,Account 0189,Orders,Shipped,47678.0,Rep B,2023-03-03,2023-03-09,2,Potential,BA Atlantico,Art supply store,Simplified regime,22.0,Upfront,8.0,18.0
435,Account 0190,Orders,Shipped on credit,43649.0,Rep A,2022-07-29,2022-08-23,2,Standard,AMBA Sur,Art supply store,Simplified regime,28.0,Upfront,14.0,5.0
436,Account 0191,Orders,Shipped,44321.0,Rep A,2022-12-12,2022-12-15,0,Low,Entre Rios,Paint store,VAT registered,7.0,Upfront,4.0,2.0
437,Account 0192,Orders,Shipped on credit,43940.0,Rep A,2022-06-06,2022-07-11,1,Key,Santa Fe,Workshop,Simplified regime,22.0,30 days,14.0,12.0
438,Account 0062,Orders,Shipped,45668.0,Rep A,2022-12-26,2023-01-02,3,Potential,Entre Rios,Paint store,VAT registered,22.0,,10.0,6.0
439,Account 0193,Orders,Shipped,46740.0,Rep A,2022-07-26,2022-08-09,6,Potential,Neuquen,Paint store,VAT registered,22.0,,13.0,1.0
440,Account 0194,Orders,Shipped,46211.0,Rep B,2023-03-01,2023-03-16,3,Standard,BA Norte,Paint store,VAT registered,,Upfront,7.0,4.0
441,Account 0142,Orders,Shipped,47188.0,Rep A,2022-08-04,2022-08-04,0,Key,Tucuman,Art supply store,Simplified regime,15.0,,12.0,2.0
442,Account 0027,Orders,Shipped,43906.0,Rep A,2021-11-18,2021-12-29,0,Potential,AMBA Sur,Workshop,Simplified regime,22.0,Upfront,12.0,17.0
443,Account 0195,Orders,Shipped,46487.0,Rep B,2022-11-02,2022-11-08,2,Potential,BA Centro,Paint store,VAT registered,22.0,,15.0,12.0
444,Account 0036,Orders,Shipped,44019.0,Rep C,2022-05-19,2022-07-07,4,Potential,Cordoba,Paint store,VAT registered,22.0,Upfront,14.0,5.0
445,Account 0122,Orders,Shipped,44335.0,Rep C,2022-03-15,2022-04-22,2,Standard,AMBA Norte,Art supply store,VAT registered,22.0,Upfront,17.0,10.0
446,Account 0050,Orders,Shipped,46265.0,Rep A,2021-10-29,2021-11-09,0,Potential,AMBA Sur,Paint store,VAT registered,22.0,Upfront,15.0,7.0
447,Account 0189,Orders,Shipped,47466.0,Rep A,2022-02-17,2022-03-10,0,Potential,BA Atlantico,Art supply store,Simplified regime,22.0,Upfront,8.0,18.0
448,Account 0016,Orders,Shipped,45475.0,Rep A,2022-03-09,2022-04-22,3,Potential,AMBA Sur,Paint store,VAT registered,15.0,Upfront,11.0,5.0
449,Account 0044,Orders,Shipped on credit,42898.0,Rep A,2022-10-28,2022-12-29,2,Potential,CABA,Art supply store,VAT registered,22.0,30 days,16.0,16.0
450,Account 0196,Orders,Shipped,45414.0,Rep A,2022-12-21,2023-01-02,0,Standard,La Pampa,Workshop,Simplified regime,15.0,Upfront,12.0,5.0
451,Account 0197,Orders,Shipped,42792.0,Rep A,2022-01-19,2022-02-01,0,Potential,Mendoza,Paint store,VAT registered,28.0,,14.0,4.0
452,Account 0145,Orders,Shipped,46519.0,Rep A,2022-01-12,2022-01-26,0,Standard,Rio Negro,Art supply store,VAT registered,28.0,,6.0,3.0
453,Account 0198,Orders,Shipped,45684.0,Rep A,2023-01-11,2023-01-17,2,Standard,Santa Fe,Art supply store,Simplified regime,15.0,,3.0,2.0
454,Account 0199,Orders,Shipped,43043.0,Rep B,2022-10-06,2022-11-02,6,Low,BA Este,Workshop,Simplified regime,15.0,Upfront,8.0,2.0
455,Account 0027,Orders,Shipped,42632.0,Rep A,2022-04-25,2022-05-10,0,Potential,AMBA Sur,Workshop,Simplified regime,22.0,Upfront,12.0,17.0
456,Account 0094,Orders,Shipped,42965.0,Rep A,2022-11-16,2022-11-22,3,Standard,CABA,Paint store,VAT registered,22.0,Upfront,10.0,6.0
457,Account 0200,Orders,Shipped,46272.0,Rep A,2022-10-12,2022-10-28,0,Standard,BA Norte,Art supply store,VAT registered,15.0,,2.0,1.0
458,Account 0201,Orders,Shipped,43903.0,Rep A,2022-04-21,2022-05-10,0,Standard,Entre Rios,Art supply store,Simplified regime,28.0,Upfront,10.0,4.0
459,Account 0202,Orders,Shipped,45129.0,Rep A,2022-07-04,2022-07-18,0,Standard,BA Norte,Workshop,Simplified regime,28.0,,7.0,10.0
460,Account 0071,Orders,Shipped on credit,44387.0,Rep C,2022-11-17,2023-01-03,1,Potential,CABA,Art supply store,Simplified regime,22.0,30 days,20.0,14.0
461,Account 0138,Orders,Picking,44103.0,Rep C,2022-07-20,2022-08-08,2,Key,Rio Negro,Art supply store,Simplified regime,22.0,Upfront,13.0,10.0
462,Account 0182,Orders,Shipped,42197.0,Rep A,2022-09-09,2022-10-03,3,Standard,AMBA Norte,Art supply store,VAT registered,22.0,Upfront,13.0,6.0
463,Account 0073,Orders,Shipped,45581.0,Rep B,2023-03-13,2023-03-15,1,Potential,Cordoba,Art supply store,Simplified regime,22.0,,2.0,3.0
464,Account 0203,Orders,Shipped,42599.0,Rep A,2022-10-27,2022-11-02,0,Potential,Entre Rios,Art supply store,VAT registered,15.0,,14.0,3.0
465,Account 0204,Orders,Shipped,43714.0,Rep B,2023-03-13,2023-03-17,3,Key,BA Norte,Art supply store,Simplified regime,28.0,Upfront,8.0,6.0
466,Account 0205,Orders,Shipped,44216.0,Rep A,2022-11-24,2022-12-06,0,Standard,Santa Fe,Art supply store,Simplified regime,15.0,,6.0,1.0
467,Account 0086,Orders,Shipped on credit,43698.0,Rep A,2022-08-30,2022-10-04,1,Standard,CABA,Workshop,Simplified regime,22.0,Open account,21.0,12.0
468,Account 0044,Orders,Shipped on credit,44919.0,Rep C,2022-09-07,2022-10-21,1,Potential,CABA,Art supply store,VAT registered,22.0,30 days,16.0,16.0
469,Account 0180,Orders,Shipped on credit,41485.0,Rep A,2022-02-22,2022-04-22,4,Potential,AMBA Norte,Workshop,Final consumer,22.0,30 days,16.0,14.0
470,Account 0206,Orders,Shipped,42926.0,Rep B,2022-10-18,2022-11-01,0,Standard,BA Sur,Workshop,Simplified regime,28.0,,6.0,4.0
471,Account 0207,Orders,Shipped,42316.0,Rep A,2022-09-08,2022-09-19,0,Standard,BA Norte,Art supply store,Final consumer,7.0,Upfront,1.0,2.0
472,,Active customers,Won customer,42590.0,Rep C,2022-03-10,2022-10-31,8,,,,,,,,
473,,Internal,Onboarding,41074.0,Rep C,2022-03-14,2022-10-26,21,,,,,,,,
474,,Reseller onboarding,Onboarding,41138.0,Rep C,2022-09-19,2023-01-05,16,,,,,,,,
475,,Active customers,Won customer,41752.0,Rep C,2022-10-06,2022-10-12,3,,,,,,,,
476,Account 0059,Orders,Shipped on credit,41836.0,Rep A,2022-10-11,2022-11-10,2,Key,Cordoba,Paint store,VAT registered,28.0,Upfront,6.0,4.0
477,Account 0060,Orders,Shipped,42320.0,Rep C,2022-05-16,2022-06-06,8,Key,BA Sur,Paint store,VAT registered,22.0,Upfront,21.0,8.0
478,Account 0208,Orders,Shipped,43080.0,Rep A,2022-04-12,2022-05-06,0,Key,Catamarca,Other,VAT registered,15.0,Upfront,13.0,2.0
479,Account 0153,Orders,Backorder,43179.0,Rep A,2021-12-14,2022-05-06,0,Standard,AMBA Norte,Art supply store,VAT registered,28.0,Upfront,7.0,4.0
480,Account 0024,Orders,Shipped,42213.0,Rep A,2022-05-09,2022-05-17,0,Strategic,CABA,Paint store,VAT registered,28.0,Upfront,13.0,33.0
481,Account 0209,Orders,Shipped,42129.0,Rep A,2022-01-19,2022-02-03,0,Low,Cordoba,Workshop,Simplified regime,7.0,,6.0,3.0
482,Account 0049,Orders,Shipped,41264.0,Rep A,2022-04-18,2022-05-26,3,Standard,AMBA Sur,Art supply store,VAT registered,28.0,,10.0,3.0
483,Account 0053,Orders,Shipped,42832.0,Rep A,2022-07-22,2022-08-09,0,Potential,Neuquen,Art supply store,VAT registered,22.0,Upfront,13.0,4.0
484,Account 0210,Orders,Shipped,41623.0,Rep B,2022-09-15,2022-10-03,2,Standard,Misiones,Paint store,VAT registered,15.0,,12.0,2.0
485,Account 0044,Orders,Shipped on credit,40414.0,Rep A,2022-06-16,2022-08-02,1,Potential,CABA,Art supply store,VAT registered,22.0,30 days,16.0,16.0
486,Account 0147,Orders,Shipped,42016.0,Rep A,2022-10-17,2022-10-28,4,Standard,BA Sur,Art supply store,Simplified regime,22.0,Upfront,13.0,7.0
487,Account 0189,Orders,Shipped,42182.0,Rep A,2022-08-02,2022-08-17,0,Potential,BA Atlantico,Art supply store,Simplified regime,22.0,Upfront,8.0,18.0
488,Account 0211,Orders,Shipped,41113.0,Rep A,2022-04-29,2022-05-11,2,Potential,Santa Fe,Art supply store,VAT registered,22.0,Upfront,21.0,9.0
489,Account 0117,Orders,Shipped,42501.0,Rep A,2022-12-15,2022-12-21,0,Potential,Chaco,Other,VAT registered,22.0,Upfront,10.0,6.0
490,Account 0212,Orders,Shipped,42442.0,Rep A,2022-08-26,2022-09-22,6,Standard,AMBA Norte,Art supply store,VAT registered,15.0,,11.0,2.0
491,Account 0071,Orders,Shipped on credit,42954.0,Rep A,2022-07-08,2022-08-26,2,Potential,CABA,Art supply store,Simplified regime,22.0,30 days,20.0,14.0
492,Account 0213,Orders,Shipped,42726.0,Rep C,2023-01-24,2023-01-26,0,Standard,La Rioja,Workshop,Final consumer,7.0,,3.0,2.0
493,Account 0180,Orders,Shipped on credit,42678.0,Rep A,2023-02-06,2023-03-01,2,Potential,AMBA Norte,Workshop,Final consumer,22.0,30 days,16.0,14.0
494,Account 0214,Orders,Shipped,41192.0,Rep A,2022-02-08,2022-02-11,0,Key,Santa Fe,Art supply store,VAT registered,22.0,,14.0,8.0
495,Account 0215,Orders,Shipped,42991.0,Rep A,2022-10-24,2022-11-01,0,Standard,Cordoba,Workshop,Simplified regime,15.0,,4.0,1.0
496,,Social media lead form,Onboarding,41684.0,Rep C,2022-10-29,2022-12-12,10,,,,,,,,
497,Account 0216,Orders,Shipped,41192.0,Rep B,2022-09-12,2022-09-22,2,Potential,Entre Rios,Workshop,Simplified regime,15.0,Upfront,13.0,9.0
498,Account 0217,Orders,Shipped,41962.0,Rep A,2022-11-23,2022-12-06,0,Standard,Santa Cruz,Art supply store,Simplified regime,22.0,,3.0,3.0
499,Account 0144,Orders,Shipped,40854.0,Rep A,2022-03-18,2022-03-31,0,Standard,BA Atlantico,Art supply store,VAT registered,15.0,Upfront,8.0,4.0
500,Account 0218,Orders,Shipped,41444.0,Rep A,2022-12-12,2022-12-21,0,Potential,Entre Rios,Paint store,VAT registered,15.0,Upfront,5.0,4.0
501,Account 0157,Orders,Shipped,42310.0,Rep A,2022-02-25,2022-03-07,0,Standard,Cordoba,Paint store,VAT registered,7.0,Upfront,20.0,2.0
502,Account 0208,Orders,Shipped,42862.0,Rep A,2022-09-05,2022-09-22,5,Key,Catamarca,Other,VAT registered,15.0,Upfront,13.0,2.0
503,Account 0138,Orders,Shipped,42930.0,Rep B,2022-09-14,2022-10-13,1,Key,Rio Negro,Art supply store,Simplified regime,22.0,Upfront,13.0,10.0
504,Account 0219,Orders,Shipped on credit,41208.0,Rep B,2022-11-14,2022-12-15,4,Standard,AMBA Sur,Paint store,VAT registered,28.0,Upfront,6.0,4.0
505,Account 0060,Orders,Shipped,40922.0,Rep A,2022-03-03,2022-03-17,1,Key,BA Sur,Paint store,VAT registered,22.0,Upfront,21.0,8.0
506,Account 0189,Orders,Shipped,41932.0,Rep B,2022-09-05,2022-09-19,2,Potential,BA Atlantico,Art supply store,Simplified regime,22.0,Upfront,8.0,18.0
507,Account 0220,Orders,Shipped,39946.0,Rep A,2022-06-14,2022-07-07,0,Standard,Misiones,Paint store,VAT registered,28.0,Upfront,3.0,4.0
508,Account 0189,Orders,Shipped,42002.0,Rep A,2022-03-10,2022-03-18,0,Potential,BA Atlantico,Art supply store,Simplified regime,22.0,Upfront,8.0,18.0
509,Account 0147,Orders,Shipped,40505.0,Rep A,2022-02-07,2022-02-22,0,Standard,BA Sur,Art supply store,Simplified regime,22.0,Upfront,13.0,7.0
510,Account 0139,Orders,Shipped,38970.0,Rep A,2022-06-09,2022-07-04,0,Standard,Chubut,Other,Simplified regime,15.0,,4.0,3.0
511,Account 0050,Orders,Shipped,38758.0,Rep A,2022-03-02,2022-03-18,0,Potential,AMBA Sur,Paint store,VAT registered,22.0,Upfront,15.0,7.0
512,Account 0221,Orders,Shipped,41870.0,Rep A,2022-01-14,2022-02-01,0,Standard,CABA,Art supply store,Simplified regime,7.0,,6.0,4.0
513,Account 0189,Orders,Shipped,38655.0,Rep A,2022-02-04,2022-02-10,0,Potential,BA Atlantico,Art supply store,Simplified regime,22.0,Upfront,8.0,18.0
514,Account 0123,Orders,Shipped,39501.0,Rep B,2022-12-05,2022-12-13,8,Standard,Cordoba,Paint store,VAT registered,15.0,,10.0,2.0
515,Account 0222,Orders,Shipped,39704.0,Rep C,2023-02-15,2023-02-17,0,Standard,BA Norte,Other,Final consumer,7.0,,5.0,2.0
516,Account 0044,Orders,Shipped on credit,38995.0,Rep A,2021-10-29,2022-01-21,0,Potential,CABA,Art supply store,VAT registered,22.0,30 days,16.0,16.0
517,Account 0211,Orders,Shipped,39498.0,Rep A,2022-07-05,2022-07-26,2,Potential,Santa Fe,Art supply store,VAT registered,22.0,Upfront,21.0,9.0
518,Account 0114,Orders,Shipped,41129.0,Rep A,2022-08-31,2022-09-09,2,Potential,BA Atlantico,Paint store,VAT registered,28.0,,10.0,5.0
519,Account 0223,Orders,Shipped,38159.0,Rep A,2022-07-06,2022-07-18,0,Standard,AMBA Norte,Paint store,VAT registered,28.0,,4.0,1.0
520,Account 0033,Orders,Shipped,41369.0,Rep A,2021-12-29,2022-01-12,0,Standard,Entre Rios,Paint store,Simplified regime,28.0,Upfront,10.0,6.0
521,Account 0224,Orders,Shipped,41399.0,Rep A,2022-03-11,2022-03-18,0,Standard,CABA,Workshop,VAT registered,22.0,Upfront,6.0,2.0
522,Account 0004,Orders,Shipped on credit,39446.0,Rep A,2022-07-19,2022-08-11,1,Key,Salta,Art supply store,Simplified regime,22.0,Open account,13.0,6.0
523,Account 0225,Orders,Shipped,38386.0,Rep B,2022-11-24,2022-12-01,5,Standard,AMBA Sur,Other,VAT registered,15.0,Upfront,12.0,4.0
524,Account 0226,Orders,Shipped,40157.0,Rep C,2022-02-04,2022-02-11,1,Standard,AMBA Sur,Art supply store,VAT registered,15.0,Upfront,15.0,2.0
525,Account 0024,Orders,Shipped,38164.0,Rep A,2022-02-17,2022-03-07,0,Strategic,CABA,Paint store,VAT registered,28.0,Upfront,13.0,33.0
526,,Active customers,Won customer,39114.0,Rep C,2022-03-29,2022-10-31,15,,,,,,,,
527,,Active customers,Won customer,41468.0,Rep C,2022-04-01,2022-10-31,7,,,,,,,,
528,Account 0180,Orders,Shipped on credit,41605.0,Rep A,2022-11-01,2022-11-28,1,Potential,AMBA Norte,Workshop,Final consumer,22.0,30 days,16.0,14.0
529,Account 0207,Orders,Shipped,40665.0,Rep B,2023-01-25,2023-01-27,1,Standard,BA Norte,Art supply store,Final consumer,7.0,Upfront,1.0,2.0
530,Account 0006,Orders,Shipped on credit,38813.0,Rep B,2022-11-29,2023-01-12,1,Strategic,AMBA Sur,Art supply store,VAT registered,22.0,,9.0,5.0
531,Account 0211,Orders,Shipped,40262.0,Rep A,2022-11-14,2022-11-16,1,Potential,Santa Fe,Art supply store,VAT registered,22.0,Upfront,21.0,9.0
532,Account 0201,Orders,Shipped,40330.0,Rep A,2022-02-16,2022-03-10,0,Standard,Entre Rios,Art supply store,Simplified regime,28.0,Upfront,10.0,4.0
533,Account 0203,Orders,Shipped,38944.0,Rep B,2023-01-25,2023-02-06,0,Potential,Entre Rios,Art supply store,VAT registered,15.0,,14.0,3.0
534,Account 0227,Orders,Shipped,39712.0,Rep B,2023-01-09,2023-01-20,3,Potential,BA Sur,Paint store,VAT registered,15.0,,4.0,3.0
535,Account 0186,Orders,Shipped,37112.0,Rep A,2023-03-14,2023-03-15,3,Standard,Santiago del Estero,Workshop,Simplified regime,22.0,,13.0,8.0
536,Account 0211,Orders,Shipped,37861.0,Rep A,2022-12-05,2022-12-13,0,Potential,Santa Fe,Art supply store,VAT registered,22.0,Upfront,21.0,9.0
537,Account 0103,Orders,Shipped,39076.0,Rep A,2022-08-08,2022-08-17,0,Standard,BA Norte,Art supply store,Simplified regime,28.0,Upfront,7.0,8.0
538,Account 0228,Orders,Shipped,37484.0,Rep A,2022-08-16,2022-08-23,0,Key,AMBA Norte,Other,Simplified regime,22.0,Upfront,11.0,8.0
539,Account 0188,Orders,Shipped,37487.0,Rep A,2022-12-23,2022-12-27,0,Standard,Corrientes,Art supply store,VAT registered,,,5.0,6.0
540,Account 0229,Orders,Shipped,40050.0,Rep A,2021-11-09,2021-11-12,0,Standard,AMBA Sur,Art supply store,Final consumer,7.0,,10.0,4.0
541,Account 0105,Orders,Shipped,40639.0,Rep A,2022-08-01,2022-08-17,2,Key,Catamarca,Art supply store,VAT registered,22.0,Upfront,13.0,4.0
542,,Active customers,Won customer,38952.0,Rep C,2022-03-18,2022-10-31,18,,,,,,,,
543,Account 0004,Orders,Shipped,39989.0,Rep A,2022-03-16,2022-05-09,0,Key,Salta,Art supply store,Simplified regime,22.0,Open account,13.0,6.0
544,Account 0230,Orders,Shipped,40538.0,Rep A,2022-04-27,2022-05-10,0,Churned,Santa Fe,Art supply store,VAT registered,22.0,,7.0,1.0
545,Account 0041,Orders,Shipped,37241.0,Rep C,2022-06-23,2022-07-18,3,Key,Cordoba,Art supply store,Simplified regime,22.0,30 days,10.0,11.0
546,Account 0231,Orders,Shipped,38348.0,Rep A,2023-03-16,2023-03-31,3,Standard,Jujuy,Art supply store,Simplified regime,22.0,Upfront,10.0,11.0
547,Account 0195,Orders,Shipped,38132.0,Rep B,2023-01-13,2023-01-17,0,Potential,BA Centro,Paint store,VAT registered,22.0,,15.0,12.0
548,Account 0062,Orders,Shipped,36854.0,Rep C,2022-06-07,2022-07-07,2,Potential,Entre Rios,Paint store,VAT registered,22.0,,10.0,6.0
549,Account 0044,Orders,Shipped on credit,39420.0,Rep A,2022-03-03,2022-05-11,1,Potential,CABA,Art supply store,VAT registered,22.0,30 days,16.0,16.0
550,Account 0050,Orders,Shipped,38179.0,Rep A,2022-06-02,2022-07-07,4,Potential,AMBA Sur,Paint store,VAT registered,22.0,Upfront,15.0,7.0
551,Account 0147,Orders,Shipped,38312.0,Rep A,2021-11-17,2022-01-12,0,Standard,BA Sur,Art supply store,Simplified regime,22.0,Upfront,13.0,7.0
552,Account 0195,Orders,Shipped,37056.0,Rep A,2022-08-02,2022-08-17,0,Potential,BA Centro,Paint store,VAT registered,22.0,,15.0,12.0
553,Account 0002,Orders,Shipped on credit,37152.0,Rep A,2022-01-25,2022-05-23,1,Strategic,CABA,Paint store,VAT registered,30.0,Open account,5.0,7.0
554,Account 0071,Orders,Shipped on credit,39862.0,Rep A,2022-04-21,2022-07-06,1,Potential,CABA,Art supply store,Simplified regime,22.0,30 days,20.0,14.0
555,Account 0232,Orders,Shipped,36554.0,Rep C,2022-07-06,2022-07-27,4,Potential,CABA,Art supply store,VAT registered,22.0,,15.0,4.0
556,Account 0024,Orders,Shipped,37077.0,Rep A,2022-11-03,2022-11-07,0,Strategic,CABA,Paint store,VAT registered,28.0,Upfront,13.0,33.0
557,Account 0233,Orders,Shipped,37301.0,Rep A,2022-09-30,2022-10-13,0,Low,Santa Cruz,Other,VAT registered,15.0,,2.0,2.0
558,Account 0234,Orders,Shipped,38044.0,Rep B,2022-10-17,2022-11-01,1,Standard,BA Este,Art supply store,Simplified regime,22.0,Upfront,8.0,11.0
559,Account 0082,Orders,Shipped,38383.0,Rep C,2022-08-22,2022-10-24,4,Potential,AMBA Sur,Art supply store,VAT registered,22.0,Upfront,16.0,6.0
560,Account 0235,Orders,Shipped,37935.0,Rep C,2023-03-14,2023-03-17,0,Low,CABA,Workshop,Final consumer,7.0,,3.0,1.0
561,Account 0206,Orders,Shipped,36324.0,Rep A,2022-06-27,2022-07-18,0,Standard,BA Sur,Workshop,Simplified regime,28.0,,6.0,4.0
562,Account 0052,Orders,Shipped,36793.0,Rep A,2022-05-26,2022-06-06,0,Standard,Chaco,Paint store,VAT registered,7.0,,8.0,2.0
563,Account 0236,Orders,Shipped,39055.0,Rep A,2022-05-04,2022-05-11,0,Churned,Santa Cruz,Other,Simplified regime,28.0,Upfront,3.0,1.0
564,Account 0237,Orders,Shipped,38220.0,Rep A,2022-10-05,2022-10-17,0,Standard,Tucuman,Art supply store,Simplified regime,15.0,,3.0,1.0
565,Account 0228,Orders,Shipped,38232.0,Rep A,2023-04-18,2023-04-18,0,Key,AMBA Norte,Other,Simplified regime,22.0,Upfront,11.0,8.0
566,Account 0189,Orders,Shipped,38199.0,Rep A,2022-06-06,2022-06-15,0,Potential,BA Atlantico,Art supply store,Simplified regime,22.0,Upfront,8.0,18.0
567,Account 0028,Orders,Shipped on credit,38534.0,Rep B,2022-10-17,2022-11-03,0,Strategic,Cordoba,Art supply store,VAT registered,22.0,Open account,6.0,6.0
568,Account 0027,Orders,Shipped,35874.0,Rep A,2022-03-29,2022-05-02,0,Potential,AMBA Sur,Workshop,Simplified regime,22.0,Upfront,12.0,17.0
569,Account 0029,Orders,Shipped on credit,37022.0,Rep A,2021-12-03,2022-05-11,0,Strategic,CABA,Art supply store,VAT registered,28.0,Open account,16.0,18.0
570,Account 0071,Orders,Shipped on credit,37642.0,Rep A,2021-10-21,2021-12-16,1,Potential,CABA,Art supply store,Simplified regime,22.0,30 days,20.0,14.0
571,Account 0238,Orders,Shipped,36844.0,Rep A,2021-11-02,2021-11-09,0,Standard,Santa Fe,Art supply store,Final consumer,15.0,,11.0,8.0
572,Account 0239,Orders,Shipped,38711.0,Rep A,2022-09-30,2022-10-13,0,Standard,Chubut,Workshop,Simplified regime,22.0,,2.0,3.0
573,Account 0211,Orders,Shipped,37163.0,Rep A,2022-02-21,2022-03-07,0,Potential,Santa Fe,Art supply store,VAT registered,22.0,Upfront,21.0,9.0
574,Account 0240,Orders,Shipped,38112.0,Rep A,2022-03-11,2022-03-18,0,Key,Misiones,Paint store,Simplified regime,28.0,Upfront,12.0,6.0
575,Account 0241,Orders,Shipped on credit,38408.0,Rep A,2022-05-10,2022-08-09,1,Standard,AMBA Sur,Art supply store,VAT registered,7.0,,2.0,1.0
576,Account 0093,Orders,Shipped,37108.0,Rep A,2023-01-11,2023-01-20,1,Potential,Santa Fe,Paint store,VAT registered,22.0,Upfront,9.0,6.0
577,Account 0204,Orders,Shipped,38517.0,Rep A,2022-12-16,2022-12-21,0,Key,BA Norte,Art supply store,Simplified regime,28.0,Upfront,8.0,6.0
578,Account 0242,Orders,Shipped,37301.0,Rep A,2022-10-12,2022-10-17,0,Low,Tucuman,Other,VAT registered,15.0,,4.0,1.0
579,Account 0243,Orders,Shipped,38274.0,Rep A,2023-01-27,2023-02-09,9,Key,AMBA Norte,Workshop,Simplified regime,22.0,Upfront,16.0,8.0
580,Account 0138,Orders,Shipped,36312.0,Rep C,2022-05-23,2022-06-06,3,Key,Rio Negro,Art supply store,Simplified regime,22.0,Upfront,13.0,10.0
581,Account 0244,Orders,Shipped on credit,36843.0,Rep A,2021-11-17,2022-05-11,0,Standard,Salta,Other,Simplified regime,15.0,,8.0,1.0
582,Account 0228,Orders,Shipped,36951.0,Rep A,2023-01-25,2023-01-27,6,Key,AMBA Norte,Other,Simplified regime,22.0,Upfront,11.0,8.0
583,Account 0081,Orders,Shipped,35321.0,Rep A,2021-12-27,2022-01-12,0,Standard,AMBA Sur,Paint store,VAT registered,15.0,Upfront,10.0,6.0
584,Account 0216,Orders,Shipped,36327.0,Rep A,2022-01-13,2022-01-26,0,Potential,Entre Rios,Workshop,Simplified regime,15.0,Upfront,13.0,9.0
585,Account 0245,Orders,Shipped,38185.0,Rep A,2021-11-17,2022-02-15,0,Potential,Chubut,Paint store,VAT registered,7.0,Upfront,4.0,2.0
586,Account 0246,Orders,Shipped,37128.0,Rep B,2023-04-12,2023-04-17,6,Low,Cordoba,Paint store,Simplified regime,15.0,,8.0,3.0
587,Account 0247,Orders,Shipped,35447.0,Rep A,2022-06-23,2022-07-07,0,Standard,Corrientes,Other,Simplified regime,15.0,Upfront,8.0,4.0
588,Account 0017,Orders,Shipped,36020.0,Rep A,2022-03-30,2022-05-02,0,Churned,Mendoza,Distributor,VAT registered,22.0,Upfront,5.0,6.0
589,,Active customers,Won customer,35471.0,Rep C,2020-05-15,2022-10-31,10,,,,,,,,
590,,Reseller onboarding,Onboarding,34861.0,Rep C,2021-08-23,2023-03-01,4,,,,,,,,
591,,Active customers,Won customer,38165.0,Rep C,2021-10-20,2022-10-31,13,,,,,,,,
592,,Active customers,Won customer,36410.0,Rep C,2021-12-06,2022-10-31,0,,,,,,,,
593,,Active customers,Won customer,35896.0,Rep C,2022-04-13,2022-10-31,9,,,,,,,,
594,,Active customers,Won customer,36960.0,Rep C,2022-05-17,2022-10-31,9,,,,,,,,
595,,Active customers,Won customer,34797.0,Rep C,2022-05-19,2022-10-31,2,,,,,,,,
596,,Active customers,Won customer,35788.0,Rep C,2022-06-01,2022-10-31,5,,,,,,,,
597,,Active customers,Won customer,37343.0,Rep C,2022-06-10,2022-10-31,5,,,,,,,,
598,,Social media lead form,Onboarding,37090.0,Rep C,2022-09-07,2022-09-29,13,,,,,,,,
599,,Social media lead form,Onboarding,38363.0,Rep C,2022-09-07,2022-10-11,6,,,,,,,,
600,,Active customers,Won customer,37041.0,Rep C,2022-09-10,2022-10-24,7,,,,,,,,
601,,Active customers,Won customer,36518.0,Rep C,2022-09-14,2022-09-27,9,,,,,,,,
602,,Active customers,Won customer,37557.0,Rep C,2022-09-16,2022-09-29,9,,,,,,,,
603,,Social media lead form,Onboarding,38076.0,Rep C,2022-09-24,2022-10-05,8,,,,,,,,
604,,Active customers,Won customer,37408.0,Rep C,2022-10-26,2022-10-29,10,,,,,,,,
605,,Social media lead form,Onboarding,38295.0,Rep C,2023-01-08,2023-03-13,5,,,,,,,,
606,,Social media lead form,Onboarding,37632.0,Rep C,2023-01-20,2023-02-16,8,,,,,,,,
607,,Social media lead form,Onboarding,37942.0,Rep C,2023-01-30,2023-02-16,3,,,,,,,,
608,Account 0248,Orders,Shipped,35186.0,Rep A,2022-09-15,2022-10-03,0,Low,BA Este,Workshop,Simplified regime,15.0,,3.0,1.0
609,Account 0249,Orders,Shipped,37443.0,Rep C,2022-07-27,2022-08-09,0,Low,Cordoba,Workshop,Simplified regime,7.0,,3.0,3.0
610,Account 0243,Orders,Shipped,36222.0,Rep A,2022-08-22,2022-09-06,1,Key,AMBA Norte,Workshop,Simplified regime,22.0,Upfront,16.0,8.0
611,Account 0220,Orders,Shipped,36580.0,Rep A,2022-08-01,2022-08-17,0,Standard,Misiones,Paint store,VAT registered,28.0,Upfront,3.0,4.0
612,Account 0043,Orders,Shipped,36937.0,Rep A,2022-01-26,2022-02-10,0,Potential,BA Atlantico,Paint store,VAT registered,28.0,,11.0,3.0
613,Account 0024,Orders,Shipped,38079.0,Rep A,2021-11-25,2022-01-11,0,Strategic,CABA,Paint store,VAT registered,28.0,Upfront,13.0,33.0
614,Account 0101,Orders,Shipped,38104.0,Rep A,2023-01-23,2023-02-06,15,Key,Salta,Paint store,VAT registered,22.0,Upfront,16.0,2.0
615,Account 0211,Orders,Shipped,35508.0,Rep A,2023-03-10,2023-03-30,7,Potential,Santa Fe,Art supply store,VAT registered,22.0,Upfront,21.0,9.0
616,Account 0196,Orders,Shipped,37100.0,Rep A,2023-03-21,2023-03-21,0,Standard,La Pampa,Workshop,Simplified regime,15.0,Upfront,12.0,5.0
617,Account 0024,Orders,Shipped,37158.0,Rep A,2022-01-07,2022-01-26,0,Strategic,CABA,Paint store,VAT registered,28.0,Upfront,13.0,33.0
618,Account 0179,Orders,Shipped,35647.0,Rep B,2022-09-29,2022-10-14,3,Key,San Luis,Art supply store,Simplified regime,15.0,Upfront,9.0,6.0
619,Account 0189,Orders,Shipped,34748.0,Rep A,2022-11-14,2022-11-16,0,Potential,BA Atlantico,Art supply store,Simplified regime,22.0,Upfront,8.0,18.0
620,Account 0250,Orders,Shipped,34415.0,Rep A,2022-10-28,2022-11-04,0,Low,Formosa,Paint store,VAT registered,15.0,Upfront,6.0,2.0
621,Account 0251,Orders,Shipped,37031.0,Rep C,2022-02-07,2022-02-25,0,Churned,BA Norte,Other,Simplified regime,7.0,Upfront,5.0,3.0
622,Account 0252,Orders,Shipped,35978.0,Rep A,2022-09-12,2022-09-12,0,Low,AMBA Norte,Other,,,,0.0,2.0
623,Account 0178,Orders,Shipped,37649.0,Rep A,2021-12-20,2022-01-12,0,Standard,BA Norte,Other,VAT registered,28.0,Upfront,6.0,10.0
624,Account 0170,Orders,Shipped on credit,35768.0,Rep B,2022-10-11,2022-11-25,1,Potential,Chubut,Art supply store,Simplified regime,28.0,,19.0,8.0
625,Account 0253,Orders,Shipped,37608.0,Rep C,2022-07-22,2022-08-08,0,Low,Santa Fe,Art supply store,Simplified regime,7.0,,3.0,1.0
626,Account 0093,Orders,Shipped,35539.0,Rep A,2022-10-28,2022-12-06,2,Potential,Santa Fe,Paint store,VAT registered,22.0,Upfront,9.0,6.0
627,Account 0118,Orders,Shipped,36901.0,Rep A,2022-03-11,2022-03-18,0,Potential,Cordoba,Art supply store,Simplified regime,22.0,,12.0,6.0
628,Account 0033,Orders,Shipped,34348.0,Rep B,2022-09-12,2022-10-03,5,Standard,Entre Rios,Paint store,Simplified regime,28.0,Upfront,10.0,6.0
629,Account 0254,Orders,Shipped,36017.0,Rep A,2022-05-23,2022-05-27,0,Standard,AMBA Norte,Art supply store,Simplified regime,28.0,,2.0,1.0
630,Account 0255,Orders,Shipped,36826.0,Rep A,2022-09-26,2022-10-03,0,Low,BA Norte,Art supply store,Simplified regime,15.0,,2.0,3.0
631,Account 0144,Orders,Shipped,37260.0,Rep A,2021-11-23,2022-01-12,0,Standard,BA Atlantico,Art supply store,VAT registered,15.0,Upfront,8.0,4.0
632,Account 0103,Orders,Shipped,36771.0,Rep C,2022-03-16,2022-03-31,1,Standard,BA Norte,Art supply store,Simplified regime,28.0,Upfront,7.0,8.0
633,Account 0135,Orders,Shipped,33955.0,Rep A,2022-06-28,2022-07-18,0,Potential,AMBA Norte,Paint store,VAT registered,22.0,,10.0,3.0
634,Account 0091,Orders,Shipped,35083.0,Rep B,2022-10-03,2022-10-24,2,Key,Corrientes,Paint store,VAT registered,28.0,,10.0,8.0
635,Account 0240,Orders,Shipped,33918.0,Rep A,2022-12-16,2022-12-21,0,Key,Misiones,Paint store,Simplified regime,28.0,Upfront,12.0,6.0
636,Account 0225,Orders,Shipped,34106.0,Rep A,2022-08-10,2022-08-23,2,Standard,AMBA Sur,Other,VAT registered,15.0,Upfront,12.0,4.0
637,Account 0029,Orders,Shipped on credit,36085.0,Rep A,2022-07-21,2022-08-11,1,Strategic,CABA,Art supply store,VAT registered,28.0,Open account,16.0,18.0
638,Account 0024,Orders,Shipped,36163.0,Rep A,2022-09-15,2022-09-22,0,Strategic,CABA,Paint store,VAT registered,28.0,Upfront,13.0,33.0
639,Account 0192,Orders,Shipped on credit,36372.0,Rep A,2022-07-12,2022-07-21,0,Key,Santa Fe,Workshop,Simplified regime,22.0,30 days,14.0,12.0
640,Account 0211,Orders,Shipped,36675.0,Rep A,2022-09-16,2022-10-17,5,Potential,Santa Fe,Art supply store,VAT registered,22.0,Upfront,21.0,9.0
641,Account 0256,Orders,Shipped,36221.0,Rep A,2022-03-30,2022-05-06,0,Low,AMBA Norte,Art supply store,VAT registered,7.0,,2.0,2.0
642,Account 0220,Orders,Shipped,36410.0,Rep B,2023-01-09,2023-01-26,2,Standard,Misiones,Paint store,VAT registered,28.0,Upfront,3.0,4.0
643,Account 0257,Orders,Shipped,33742.0,Rep A,2022-06-15,2022-07-04,0,Churned,CABA,Art supply store,VAT registered,28.0,Upfront,2.0,1.0
644,Account 0204,Orders,Shipped,34393.0,Rep B,2022-09-26,2022-10-03,2,Key,BA Norte,Art supply store,Simplified regime,28.0,Upfront,8.0,6.0
645,Account 0132,Orders,Shipped,35754.0,Rep C,2022-07-04,2022-07-27,2,Potential,Tucuman,Art supply store,Final consumer,28.0,,30.0,9.0
646,Account 0188,Orders,Shipped,36520.0,Rep A,2021-12-03,2022-01-11,0,Standard,Corrientes,Art supply store,VAT registered,,,5.0,6.0
647,Account 0258,Orders,Shipped,33496.0,Rep A,2021-11-17,2022-02-15,0,Potential,AMBA Sur,Art supply store,VAT registered,22.0,,10.0,5.0
648,Account 0087,Orders,Shipped,35277.0,Rep A,2022-06-27,2022-07-18,1,Standard,AMBA Norte,Workshop,Simplified regime,22.0,Upfront,11.0,14.0
649,Account 0259,Orders,Shipped,35833.0,Rep A,2022-09-22,2022-10-14,6,Standard,Santa Fe,Other,VAT registered,,Upfront,10.0,2.0
650,Account 0186,Orders,Shipped,33501.0,Rep A,2022-11-22,2022-11-24,0,Standard,Santiago del Estero,Workshop,Simplified regime,22.0,,13.0,8.0
651,Account 0118,Orders,Shipped,34803.0,Rep A,2022-05-05,2022-05-26,4,Potential,Cordoba,Art supply store,Simplified regime,22.0,,12.0,6.0
652,Account 0086,Orders,Shipped on credit,36535.0,Rep A,2022-05-23,2022-07-06,1,Standard,CABA,Workshop,Simplified regime,22.0,Open account,21.0,12.0
653,Account 0127,Orders,Shipped on credit,35677.0,Rep A,2023-01-06,2023-02-07,6,Potential,CABA,Art supply store,VAT registered,28.0,Upfront,21.0,3.0
654,Account 0260,Orders,Shipped,34107.0,Rep C,2023-02-09,2023-02-10,0,Churned,,Art supply store,Simplified regime,,,4.0,1.0
655,Account 0220,Orders,Shipped,36124.0,Rep A,2022-04-01,2022-05-02,0,Standard,Misiones,Paint store,VAT registered,28.0,Upfront,3.0,4.0
656,Account 0076,Orders,Shipped,34321.0,Rep A,2022-05-19,2022-06-21,3,Potential,Cordoba,Art supply store,Simplified regime,28.0,Upfront,15.0,4.0
657,Account 0261,Orders,Shipped on credit,36007.0,Rep A,2022-09-05,2022-10-17,2,Standard,Entre Rios,Art supply store,VAT registered,22.0,Open account,16.0,8.0
658,Account 0228,Orders,Shipped,33963.0,Rep A,2021-12-06,2022-01-11,0,Key,AMBA Norte,Other,Simplified regime,22.0,Upfront,11.0,8.0
659,Account 0262,Orders,Shipped,34954.0,Rep A,2022-01-19,2022-02-03,0,Churned,BA Atlantico,Other,VAT registered,7.0,,11.0,2.0
660,Account 0263,Orders,Shipped,34284.0,Rep B,2023-03-07,2023-03-09,0,Low,BA Norte,Workshop,Final consumer,7.0,,5.0,3.0
661,Account 0189,Orders,Shipped,33842.0,Rep A,2022-07-13,2022-07-26,0,Potential,BA Atlantico,Art supply store,Simplified regime,22.0,Upfront,8.0,18.0
662,Account 0095,Orders,Shipped,35857.0,Rep A,2021-10-29,2021-11-02,0,Churned,Cordoba,Other,VAT registered,15.0,,17.0,3.0
663,Account 0264,Orders,Shipped,33442.0,Rep A,2022-03-31,2022-05-04,0,Standard,AMBA Sur,Art supply store,VAT registered,28.0,Upfront,12.0,4.0
664,Account 0265,Orders,Shipped,33052.0,Rep A,2023-02-16,2023-02-17,2,Potential,AMBA Norte,Workshop,Simplified regime,22.0,,10.0,8.0
665,Account 0266,Orders,Shipped,33842.0,Rep C,2022-05-10,2022-07-11,1,Churned,Chubut,Other,VAT registered,15.0,,3.0,1.0
666,Account 0024,Orders,Shipped,35090.0,Rep A,2022-02-24,2022-03-07,0,Strategic,CABA,Paint store,VAT registered,28.0,Upfront,13.0,33.0
667,Account 0164,Orders,Shipped,35379.0,Rep A,2022-09-06,2022-09-19,0,Standard,CABA,Art supply store,Simplified regime,22.0,Upfront,11.0,10.0
668,Account 0081,Orders,Shipped,36028.0,Rep A,2022-09-02,2022-09-22,0,Standard,AMBA Sur,Paint store,VAT registered,15.0,Upfront,10.0,6.0
669,Account 0087,Orders,Shipped,33540.0,Rep A,2022-04-18,2022-05-06,0,Standard,AMBA Norte,Workshop,Simplified regime,22.0,Upfront,11.0,14.0
670,Account 0186,Orders,Shipped,33901.0,Rep A,2022-03-22,2022-03-31,0,Standard,Santiago del Estero,Workshop,Simplified regime,22.0,,13.0,8.0
671,Account 0211,Orders,Shipped,32933.0,Rep A,2021-11-15,2022-01-11,0,Potential,Santa Fe,Art supply store,VAT registered,22.0,Upfront,21.0,9.0
672,Account 0267,Orders,Shipped on credit,34355.0,Rep A,2022-08-05,2022-10-05,2,Key,CABA,Art supply store,VAT registered,22.0,30 days,13.0,10.0
673,Account 0268,Orders,Shipped,35748.0,Rep A,2021-10-28,2021-12-20,0,Churned,La Pampa,Paint store,VAT registered,28.0,,6.0,1.0
674,Account 0261,Orders,Shipped on credit,34725.0,Rep A,2022-03-07,2022-05-11,1,Standard,Entre Rios,Art supply store,VAT registered,22.0,Open account,16.0,8.0
675,Account 0179,Orders,Shipped,34334.0,Rep A,2022-03-16,2022-04-22,0,Key,San Luis,Art supply store,Simplified regime,15.0,Upfront,9.0,6.0
676,Account 0145,Orders,Shipped,33605.0,Rep B,2023-03-16,2023-03-27,3,Standard,Rio Negro,Art supply store,VAT registered,28.0,,6.0,3.0
677,Account 0040,Orders,Shipped on credit,35282.0,Rep A,2021-12-22,2022-01-21,0,Strategic,Santiago del Estero,Paint store,VAT registered,22.0,,18.0,7.0
678,Account 0269,Orders,Shipped,33848.0,Rep A,2023-01-09,2023-01-13,4,Low,Salta,Art supply store,VAT registered,15.0,,10.0,3.0
679,Account 0270,Orders,Shipped,32564.0,Rep A,2022-03-17,2022-05-02,0,Standard,Santiago del Estero,Art supply store,Simplified regime,22.0,Upfront,12.0,1.0
680,Account 0132,Orders,Shipped,33313.0,Rep A,2022-10-12,2022-10-17,4,Potential,Tucuman,Art supply store,Final consumer,28.0,,30.0,9.0
681,Account 0271,Orders,Shipped,32302.0,Rep C,2022-03-04,2022-03-17,3,Standard,BA Norte,Workshop,VAT registered,28.0,Upfront,6.0,2.0
682,Account 0212,Orders,Shipped,32674.0,Rep C,2022-03-11,2022-03-18,3,Standard,AMBA Norte,Art supply store,VAT registered,15.0,,11.0,2.0
683,Account 0103,Orders,Shipped,32018.0,Rep A,2021-11-17,2022-02-15,0,Standard,BA Norte,Art supply store,Simplified regime,28.0,Upfront,7.0,8.0
684,Account 0146,Orders,Backorder,33460.0,Rep A,2021-11-23,2022-01-11,0,Standard,AMBA Norte,Art supply store,VAT registered,15.0,Upfront,10.0,5.0
685,Account 0272,Orders,Shipped,34069.0,Rep A,2022-07-19,2022-07-22,0,Standard,BA Atlantico,Art supply store,Simplified regime,7.0,Upfront,6.0,4.0
686,Account 0273,Orders,Shipped,33078.0,Rep A,2022-05-26,2022-06-15,0,Low,AMBA Sur,Other,Final consumer,7.0,,3.0,1.0
687,Account 0146,Orders,Shipped,33302.0,Rep A,2022-03-31,2022-05-02,0,Standard,AMBA Norte,Art supply store,VAT registered,15.0,Upfront,10.0,5.0
688,,Active customers,Won customer,35088.0,Rep C,2021-12-01,2022-10-31,0,,,,,,,,
689,Account 0274,Orders,Shipped,34393.0,Rep A,2021-12-14,2022-02-14,0,Standard,BA Atlantico,Art supply store,Simplified regime,7.0,,16.0,2.0
690,Account 0275,Orders,Shipped,33671.0,Rep A,2022-11-23,2022-11-29,0,Standard,BA Este,Art supply store,VAT registered,15.0,,8.0,4.0
691,Account 0044,Orders,Shipped on credit,32793.0,Rep A,2022-04-11,2022-05-23,1,Potential,CABA,Art supply store,VAT registered,22.0,30 days,16.0,16.0
692,Account 0276,Orders,Shipped,34766.0,Rep A,2022-10-28,2022-11-02,3,Low,Santa Fe,Workshop,Final consumer,15.0,,4.0,3.0
693,Account 0232,Orders,Shipped,32535.0,Rep A,2022-01-10,2022-02-10,0,Potential,CABA,Art supply store,VAT registered,22.0,,15.0,4.0
694,Account 0265,Orders,Shipped,32654.0,Rep A,2022-12-13,2022-12-15,1,Potential,AMBA Norte,Workshop,Simplified regime,22.0,,10.0,8.0
695,Account 0277,Orders,Shipped,34587.0,Rep A,2023-01-24,2023-01-26,3,Potential,CABA,Art supply store,VAT registered,28.0,Upfront,15.0,20.0
696,Account 0278,Orders,Shipped,33303.0,Rep A,2022-12-16,2022-12-21,2,Potential,Santa Fe,Paint store,VAT registered,28.0,Upfront,11.0,11.0
697,Account 0279,Orders,Shipped,34006.0,Rep B,2023-03-31,2023-04-13,2,Standard,AMBA Sur,Art supply store,Simplified regime,15.0,,10.0,8.0
698,Account 0280,Orders,Shipped,33363.0,Rep A,2022-08-29,2022-09-19,5,Standard,AMBA Norte,Art supply store,VAT registered,15.0,Upfront,11.0,3.0
699,Account 0265,Orders,Shipped,33515.0,Rep A,2022-07-06,2022-07-18,0,Potential,AMBA Norte,Workshop,Simplified regime,22.0,,10.0,8.0
700,Account 0160,Orders,Shipped,32328.0,Rep B,2022-11-18,2022-11-24,0,Potential,BA Norte,Paint store,VAT registered,22.0,,7.0,6.0
701,Account 0189,Orders,Shipped,32091.0,Rep A,2021-12-30,2022-01-12,0,Potential,BA Atlantico,Art supply store,Simplified regime,22.0,Upfront,8.0,18.0
702,Account 0210,Orders,Shipped,32338.0,Rep A,2022-01-28,2022-02-04,0,Standard,Misiones,Paint store,VAT registered,15.0,,12.0,2.0
703,Account 0259,Orders,Shipped,31746.0,Rep A,2022-03-11,2022-03-31,0,Standard,Santa Fe,Other,VAT registered,,Upfront,10.0,2.0
704,Account 0090,Orders,Shipped,34076.0,Rep A,2021-12-01,2022-01-12,0,Standard,BA Sur,Workshop,Final consumer,15.0,Upfront,7.0,6.0
705,Account 0185,Orders,Shipped on credit,32132.0,Rep A,2022-10-28,2022-12-05,1,Key,CABA,Art supply store,VAT registered,22.0,30 days,15.0,39.0
706,Account 0219,Orders,Shipped,33010.0,Rep A,2021-11-03,2021-11-09,0,Standard,AMBA Sur,Paint store,VAT registered,28.0,Upfront,6.0,4.0
707,Account 0118,Orders,Shipped,33590.0,Rep A,2021-11-17,2022-02-15,0,Potential,Cordoba,Art supply store,Simplified regime,22.0,,12.0,6.0
708,Account 0102,Orders,Shipped,33555.0,Rep A,2022-07-11,2022-07-26,0,Potential,BA Norte,Art supply store,Simplified regime,15.0,Upfront,7.0,3.0
709,Account 0281,Orders,Shipped,32400.0,Rep A,2022-03-28,2022-05-02,0,Low,BA Este,Art supply store,Simplified regime,,Upfront,5.0,2.0
710,Account 0060,Orders,Shipped,32506.0,Rep A,2021-11-10,2022-01-12,0,Key,BA Sur,Paint store,VAT registered,22.0,Upfront,21.0,8.0
711,Account 0106,Orders,Shipped on credit,34192.0,Rep B,2023-02-09,2023-03-15,1,Strategic,AMBA Norte,Other,VAT registered,28.0,,11.0,6.0
712,Account 0282,Orders,Shipped,33133.0,Rep C,2022-05-03,2022-05-11,3,Churned,BA Norte,Other,Simplified regime,7.0,Upfront,8.0,1.0
713,Account 0283,Orders,Shipped on credit,33545.0,Rep A,2022-01-13,2022-02-22,1,Standard,AMBA Norte,Art supply store,Simplified regime,15.0,Upfront,17.0,5.0
714,Account 0284,Orders,Shipped,33822.0,Rep B,2023-03-22,2023-03-29,1,Standard,Neuquen,Workshop,Final consumer,7.0,Upfront,6.0,3.0
715,Account 0044,Orders,Shipped on credit,33444.0,Rep A,2022-03-17,2022-05-11,1,Potential,CABA,Art supply store,VAT registered,22.0,30 days,16.0,16.0
716,Account 0024,Orders,Shipped,31361.0,Rep A,2022-08-18,2022-09-02,0,Strategic,CABA,Paint store,VAT registered,28.0,Upfront,13.0,33.0
717,Account 0285,Orders,Shipped,32547.0,Rep A,2021-10-21,2021-10-25,0,Standard,Neuquen,Art supply store,VAT registered,22.0,Upfront,7.0,4.0
718,Account 0122,Orders,Shipped,30954.0,Rep A,2021-12-09,2022-01-11,0,Standard,AMBA Norte,Art supply store,VAT registered,22.0,Upfront,17.0,10.0
719,Account 0133,Orders,Shipped,32718.0,Rep A,2022-07-06,2022-07-26,0,Potential,AMBA Sur,Art supply store,Simplified regime,22.0,Upfront,10.0,5.0
720,Account 0151,Orders,Shipped,33685.0,Rep A,2022-07-07,2022-08-04,2,Standard,Rio Negro,Workshop,Final consumer,7.0,Upfront,7.0,5.0
721,Account 0211,Orders,Shipped,32248.0,Rep A,2021-10-21,2021-10-25,0,Potential,Santa Fe,Art supply store,VAT registered,22.0,Upfront,21.0,9.0
722,Account 0286,Orders,Shipped,31979.0,Rep A,2022-07-22,2022-08-04,0,Low,Santa Fe,Art supply store,VAT registered,15.0,,7.0,2.0
723,Account 0103,Orders,Shipped,30667.0,Rep A,2022-05-19,2022-05-26,1,Standard,BA Norte,Art supply store,Simplified regime,28.0,Upfront,7.0,8.0
724,Account 0090,Orders,Shipped,33559.0,Rep A,2022-03-02,2022-03-08,0,Standard,BA Sur,Workshop,Final consumer,15.0,Upfront,7.0,6.0
725,Account 0287,Orders,Shipped,30786.0,Rep A,2022-12-28,2023-01-11,0,Standard,BA Atlantico,Workshop,Final consumer,22.0,Upfront,5.0,8.0
726,Account 0189,Orders,Shipped,30555.0,Rep A,2022-10-06,2022-10-17,0,Potential,BA Atlantico,Art supply store,Simplified regime,22.0,Upfront,8.0,18.0
727,Account 0121,Orders,Shipped,31200.0,Rep A,2022-08-01,2022-08-25,1,Standard,AMBA Sur,Workshop,VAT registered,7.0,,6.0,2.0
728,Account 0164,Orders,Shipped,30587.0,Rep A,2021-12-14,2022-01-10,0,Standard,CABA,Art supply store,Simplified regime,22.0,Upfront,11.0,10.0
729,Account 0190,Orders,Shipped,31818.0,Rep A,2022-02-21,2022-03-15,0,Standard,AMBA Sur,Art supply store,Simplified regime,28.0,Upfront,14.0,5.0
730,Account 0178,Orders,Shipped,31996.0,Rep B,2022-09-26,2022-11-02,0,Standard,BA Norte,Other,VAT registered,28.0,Upfront,6.0,10.0
731,Account 0264,Orders,Shipped,31285.0,Rep A,2021-10-28,2021-12-27,0,Standard,AMBA Sur,Art supply store,VAT registered,28.0,Upfront,12.0,4.0
732,Account 0153,Orders,Shipped,30310.0,Rep C,2022-03-31,2022-05-06,0,Standard,AMBA Norte,Art supply store,VAT registered,28.0,Upfront,7.0,4.0
733,Account 0232,Orders,Shipped,30340.0,Rep A,2022-04-01,2022-05-09,1,Potential,CABA,Art supply store,VAT registered,22.0,,15.0,4.0
734,Account 0102,Orders,Shipped,31190.0,Rep B,2022-09-21,2022-10-13,4,Potential,BA Norte,Art supply store,Simplified regime,15.0,Upfront,7.0,3.0
735,Account 0272,Orders,Shipped,30111.0,Rep B,2023-03-15,2023-03-27,5,Standard,BA Atlantico,Art supply store,Simplified regime,7.0,Upfront,6.0,4.0
736,Account 0288,Orders,Shipped,32100.0,Rep A,2021-11-17,2022-02-15,0,Churned,Santa Fe,Workshop,Simplified regime,15.0,Upfront,7.0,2.0
737,Account 0289,Orders,Shipped,30528.0,Rep A,2021-10-28,2021-12-20,0,Low,AMBA Sur,Workshop,Simplified regime,7.0,Upfront,7.0,2.0
738,Account 0120,Orders,Shipped,30806.0,Rep A,2022-07-26,2022-08-25,3,Standard,CABA,Other,VAT registered,15.0,30 days,10.0,2.0
739,Account 0283,Orders,Shipped,31081.0,Rep A,2022-10-31,2022-11-10,6,Standard,AMBA Norte,Art supply store,Simplified regime,15.0,Upfront,17.0,5.0
740,Account 0109,Orders,Shipped,31124.0,Rep C,2022-03-28,2022-05-04,0,Potential,CABA,Art supply store,VAT registered,28.0,Upfront,12.0,6.0
741,Account 0290,Orders,Shipped,29741.0,Rep A,2022-03-16,2022-03-18,0,Standard,La Rioja,Workshop,Final consumer,28.0,Upfront,8.0,4.0
742,Account 0147,Orders,Shipped,30080.0,Rep A,2022-07-07,2022-10-03,3,Standard,BA Sur,Art supply store,Simplified regime,22.0,Upfront,13.0,7.0
743,Account 0291,Orders,Shipped,32402.0,Rep A,2021-12-15,2022-01-12,0,Low,CABA,Other,VAT registered,15.0,,4.0,2.0
744,Account 0173,Orders,Shipped,29675.0,Rep B,2023-02-01,2023-02-06,0,Standard,BA Norte,Paint store,VAT registered,15.0,Upfront,9.0,6.0
745,Account 0054,Orders,Shipped,31237.0,Rep A,2022-11-11,2022-11-25,1,Key,AMBA Norte,Distributor,VAT registered,22.0,Upfront,10.0,7.0
746,Account 0165,Orders,Shipped,31169.0,Rep A,2022-05-06,2022-05-20,0,Standard,Cordoba,Paint store,VAT registered,28.0,,11.0,3.0
747,Account 0064,Orders,Shipped,30630.0,Rep C,2022-06-21,2022-07-27,2,Potential,Cordoba,Paint store,VAT registered,22.0,,8.0,3.0
748,Account 0263,Orders,Shipped,30925.0,Rep A,2023-01-09,2023-01-09,0,Low,BA Norte,Workshop,Final consumer,7.0,,5.0,3.0
749,Account 0261,Orders,Shipped on credit,32004.0,Rep A,2022-02-02,2022-05-11,1,Standard,Entre Rios,Art supply store,VAT registered,22.0,Open account,16.0,8.0
750,Account 0292,Orders,Shipped on credit,32156.0,Rep A,2023-01-02,2023-03-15,2,Standard,AMBA Norte,Workshop,Simplified regime,7.0,30 days,12.0,9.0
751,Account 0218,Orders,Shipped,30322.0,Rep A,2021-10-21,2021-10-25,0,Potential,Entre Rios,Paint store,VAT registered,15.0,Upfront,5.0,4.0
752,Account 0293,Orders,Shipped,30513.0,Rep A,2022-03-31,2022-04-22,0,Standard,Tierra del Fuego,Art supply store,Exempt,7.0,Upfront,5.0,2.0
753,Account 0294,Orders,Shipped,30190.0,Rep A,2022-10-18,2022-10-28,0,Low,Misiones,Workshop,Simplified regime,7.0,,4.0,2.0
754,Account 0109,Orders,Shipped,30920.0,Rep A,2022-09-15,2022-10-03,5,Potential,CABA,Art supply store,VAT registered,28.0,Upfront,12.0,6.0
755,Account 0295,Orders,Shipped,31535.0,Rep A,2022-08-11,2022-09-02,2,Standard,Chubut,Art supply store,Simplified regime,15.0,Upfront,10.0,5.0
756,Account 0296,Orders,Shipped,30053.0,Rep A,2022-12-01,2022-12-13,0,Standard,AMBA Norte,Paint store,Simplified regime,7.0,,2.0,1.0
757,Account 0111,Orders,Shipped,30338.0,Rep A,2022-08-18,2022-09-19,5,Potential,CABA,Art supply store,VAT registered,22.0,,11.0,2.0
758,Account 0164,Orders,Shipped,32131.0,Rep A,2022-12-16,2023-01-02,0,Standard,CABA,Art supply store,Simplified regime,22.0,Upfront,11.0,10.0
759,Account 0297,Orders,Shipped,29372.0,Rep A,2022-11-08,2022-11-10,0,Low,BA Este,Workshop,Final consumer,7.0,,3.0,1.0
760,Account 0168,Orders,Shipped,30612.0,Rep A,2021-10-22,2021-10-28,0,Standard,Chaco,Art supply store,VAT registered,15.0,,8.0,3.0
761,Account 0146,Orders,Shipped,31349.0,Rep A,2022-07-28,2022-08-08,0,Standard,AMBA Norte,Art supply store,VAT registered,15.0,Upfront,10.0,5.0
762,Account 0204,Orders,Shipped,29608.0,Rep A,2021-12-15,2022-01-10,0,Key,BA Norte,Art supply store,Simplified regime,28.0,Upfront,8.0,6.0
763,Account 0298,Orders,Shipped,29276.0,Rep B,2022-09-16,2022-09-27,1,Standard,BA Sur,Workshop,Final consumer,7.0,,4.0,2.0
764,Account 0164,Orders,Shipped,29511.0,Rep A,2022-03-07,2022-03-18,0,Standard,CABA,Art supply store,Simplified regime,22.0,Upfront,11.0,10.0
765,Account 0201,Orders,Shipped,31850.0,Rep B,2022-09-02,2022-09-27,3,Standard,Entre Rios,Art supply store,Simplified regime,28.0,Upfront,10.0,4.0
766,Account 0151,Orders,Shipped,29032.0,Rep C,2022-02-04,2022-02-11,1,Standard,Rio Negro,Workshop,Final consumer,7.0,Upfront,7.0,5.0
767,Account 0231,Orders,Shipped,29552.0,Rep A,2022-04-19,2022-05-09,0,Standard,Jujuy,Art supply store,Simplified regime,22.0,Upfront,10.0,11.0
768,,Active customers,Won customer,29070.0,Rep C,2022-05-24,2022-10-31,8,,,,,,,,
769,,Active customers,Won customer,29312.0,Rep C,2022-08-02,2022-09-30,10,,,,,,,,
770,,Social media lead form,Onboarding,30866.0,Rep C,2022-09-07,2022-11-23,9,,,,,,,,
771,,Reseller onboarding,Onboarding,29712.0,Rep C,2022-11-26,2022-12-01,4,,,,,,,,
772,Account 0299,Orders,Shipped,30696.0,Rep A,2022-01-10,2022-01-26,0,Churned,BA Este,Other,Final consumer,22.0,Upfront,6.0,10.0
773,Account 0300,Orders,Shipped,30749.0,Rep A,2021-12-17,2022-01-12,0,Standard,BA Este,Workshop,Final consumer,15.0,Upfront,10.0,3.0
774,Account 0301,Orders,Shipped,31520.0,Rep B,2023-03-13,2023-03-17,5,Standard,AMBA Sur,Art supply store,Simplified regime,15.0,,11.0,4.0
775,Account 0276,Orders,Shipped,28904.0,Rep A,2022-07-11,2022-07-26,0,Low,Santa Fe,Workshop,Final consumer,15.0,,4.0,3.0
776,Account 0206,Orders,Shipped,31470.0,Rep A,2022-08-08,2022-09-02,2,Standard,BA Sur,Workshop,Simplified regime,28.0,,6.0,4.0
777,Account 0196,Orders,Shipped,30678.0,Rep A,2022-08-04,2022-08-23,0,Standard,La Pampa,Workshop,Simplified regime,15.0,Upfront,12.0,5.0
778,Account 0261,Orders,Shipped on credit,29289.0,Rep A,2022-05-06,2022-06-15,1,Standard,Entre Rios,Art supply store,VAT registered,22.0,Open account,16.0,8.0
779,Account 0264,Orders,Shipped,31032.0,Rep B,2022-09-20,2022-10-03,5,Standard,AMBA Sur,Art supply store,VAT registered,28.0,Upfront,12.0,4.0
780,Account 0302,Orders,Shipped,31248.0,Rep A,2023-02-14,2023-03-10,1,Standard,AMBA Norte,Art supply store,VAT registered,15.0,Upfront,16.0,10.0
781,Account 0303,Orders,Shipped on credit,29383.0,Rep A,2022-10-31,2022-12-14,1,Standard,BA Este,Workshop,Simplified regime,15.0,,4.0,2.0
782,Account 0173,Orders,Shipped,31360.0,Rep A,2022-03-16,2022-04-22,0,Standard,BA Norte,Paint store,VAT registered,15.0,Upfront,9.0,6.0
783,Account 0041,Orders,Shipped on credit,29942.0,Rep A,2021-11-16,2022-01-10,0,Key,Cordoba,Art supply store,Simplified regime,22.0,30 days,10.0,11.0
784,Account 0304,Orders,Shipped,30378.0,Rep C,2022-06-29,2022-08-17,7,Standard,Rio Negro,Paint store,VAT registered,,,9.0,1.0
785,Account 0011,Orders,Shipped,31497.0,Rep C,2022-02-01,2022-03-07,1,Strategic,Rio Negro,Paint store,VAT registered,22.0,,14.0,4.0
786,Account 0243,Orders,Shipped,29613.0,Rep A,2021-11-17,2021-12-29,0,Key,AMBA Norte,Workshop,Simplified regime,22.0,Upfront,16.0,8.0
787,Account 0029,Orders,Shipped on credit,30925.0,Rep A,2022-04-18,2022-05-19,1,Strategic,CABA,Art supply store,VAT registered,28.0,Open account,16.0,18.0
788,Account 0305,Orders,Shipped,29395.0,Rep A,2022-11-03,2022-11-07,0,Standard,Misiones,Art supply store,VAT registered,28.0,Upfront,9.0,6.0
789,Account 0218,Orders,Shipped,30823.0,Rep A,2022-08-02,2022-08-17,0,Potential,Entre Rios,Paint store,VAT registered,15.0,Upfront,5.0,4.0
790,Account 0202,Orders,Shipped,30202.0,Rep A,2022-12-07,2022-12-15,0,Standard,BA Norte,Workshop,Simplified regime,28.0,,7.0,10.0
791,,Active customers,Won customer,29042.0,Rep C,2022-07-03,2022-09-02,7,,,,,,,,
792,Account 0306,Orders,Shipped,29539.0,Rep A,2022-04-26,2022-05-10,0,Key,La Pampa,Other,VAT registered,15.0,Upfront,12.0,12.0
793,Account 0238,Orders,Shipped,29233.0,Rep A,2022-01-25,2022-02-14,1,Standard,Santa Fe,Art supply store,Final consumer,15.0,,11.0,8.0
794,Account 0043,Orders,Shipped,28496.0,Rep A,2022-01-18,2022-01-21,0,Potential,BA Atlantico,Paint store,VAT registered,28.0,,11.0,3.0
795,Account 0243,Orders,Shipped,28325.0,Rep C,2022-05-31,2022-06-15,5,Key,AMBA Norte,Workshop,Simplified regime,22.0,Upfront,16.0,8.0
796,Account 0307,Orders,Shipped,29261.0,Rep A,2021-11-16,2022-02-15,0,Key,Rio Negro,Art supply store,Simplified regime,15.0,,11.0,5.0
797,Account 0295,Orders,Shipped,28271.0,Rep B,2022-10-25,2022-11-01,4,Standard,Chubut,Art supply store,Simplified regime,15.0,Upfront,10.0,5.0
798,Account 0308,Orders,Shipped,28704.0,Rep A,2022-02-22,2022-03-10,0,Standard,La Rioja,Art supply store,Simplified regime,7.0,Upfront,6.0,3.0
799,Account 0309,Orders,Shipped,30321.0,Rep A,2021-11-09,2022-01-12,0,Standard,AMBA Sur,Art supply store,VAT registered,15.0,Upfront,9.0,3.0
800,Account 0027,Orders,Shipped,30267.0,Rep A,2022-01-24,2022-02-03,0,Potential,AMBA Sur,Workshop,Simplified regime,22.0,Upfront,12.0,17.0
801,Account 0179,Orders,Shipped,30343.0,Rep A,2021-11-16,2022-02-15,0,Key,San Luis,Art supply store,Simplified regime,15.0,Upfront,9.0,6.0
802,Account 0310,Orders,Shipped,29065.0,Rep A,2022-12-01,2022-12-13,0,Standard,BA Norte,Other,Simplified regime,7.0,,1.0,1.0
803,Account 0186,Orders,Shipped,30689.0,Rep A,2021-11-29,2022-01-12,0,Standard,Santiago del Estero,Workshop,Simplified regime,22.0,,13.0,8.0
804,Account 0234,Orders,Shipped,29775.0,Rep B,2023-01-02,2023-01-04,2,Standard,BA Este,Art supply store,Simplified regime,22.0,Upfront,8.0,11.0
805,Account 0234,Orders,Shipped on credit,28388.0,Rep B,2023-03-29,2023-04-03,2,Standard,BA Este,Art supply store,Simplified regime,22.0,Upfront,8.0,11.0
806,Account 0054,Orders,Shipped,28431.0,Rep A,2022-09-20,2022-10-03,1,Key,AMBA Norte,Distributor,VAT registered,22.0,Upfront,10.0,7.0
807,Account 0311,Orders,Shipped,29995.0,Rep C,2022-04-26,2022-05-10,3,Churned,AMBA Sur,Art supply store,Simplified regime,7.0,Upfront,7.0,6.0
808,Account 0071,Orders,Shipped on credit,28457.0,Rep A,2022-06-16,2022-08-16,2,Potential,CABA,Art supply store,Simplified regime,22.0,30 days,20.0,14.0
809,Account 0153,Orders,Shipped,29415.0,Rep A,2022-07-26,2022-08-18,1,Standard,AMBA Norte,Art supply store,VAT registered,28.0,Upfront,7.0,4.0
810,Account 0312,Orders,Shipped,30790.0,Rep A,2022-07-22,2022-08-23,5,Low,BA Atlantico,Art supply store,Simplified regime,28.0,Upfront,9.0,2.0
811,Account 0117,Orders,Shipped,27872.0,Rep A,2022-11-23,2022-11-29,2,Potential,Chaco,Other,VAT registered,22.0,Upfront,10.0,6.0
812,Account 0119,Orders,Shipped,27886.0,Rep B,2022-08-19,2022-10-12,8,Potential,Chubut,Art supply store,Simplified regime,15.0,Upfront,17.0,7.0
813,Account 0313,Orders,Shipped,30731.0,Rep A,2021-10-21,2021-10-28,0,Low,Misiones,Workshop,Final consumer,7.0,,3.0,1.0
814,Account 0314,Orders,Shipped,29441.0,Rep C,2023-02-02,2023-02-09,0,Low,Chaco,Workshop,Final consumer,0.0,,3.0,1.0
815,Account 0315,Orders,Shipped,28068.0,Rep A,2021-12-17,2022-01-11,0,Churned,Formosa,Art supply store,Final consumer,15.0,,5.0,1.0
816,Account 0119,Orders,Shipped,30308.0,Rep C,2022-01-28,2022-03-10,1,Potential,Chubut,Art supply store,Simplified regime,15.0,Upfront,17.0,7.0
817,Account 0316,Orders,Shipped,30258.0,Rep A,2022-11-23,2022-12-13,4,Low,AMBA Norte,Workshop,Final consumer,7.0,Upfront,5.0,5.0
818,Account 0087,Orders,Shipped,29236.0,Rep A,2022-11-17,2022-11-25,0,Standard,AMBA Norte,Workshop,Simplified regime,22.0,Upfront,11.0,14.0
819,Account 0231,Orders,Shipped,29463.0,Rep A,2021-12-17,2022-01-11,0,Standard,Jujuy,Art supply store,Simplified regime,22.0,Upfront,10.0,11.0
820,Account 0267,Orders,Shipped on credit,28436.0,Rep A,2023-01-30,2023-03-16,2,Key,CABA,Art supply store,VAT registered,22.0,30 days,13.0,10.0
821,Account 0090,Orders,Shipped,27784.0,Rep B,2023-01-13,2023-01-17,2,Standard,BA Sur,Workshop,Final consumer,15.0,Upfront,7.0,6.0
822,Account 0317,Orders,Shipped,29367.0,Rep A,2022-08-23,2022-08-30,4,Standard,Mendoza,Art supply store,Simplified regime,7.0,Upfront,10.0,4.0
823,Account 0073,Orders,Shipped,28434.0,Rep A,2022-11-24,2022-12-06,0,Potential,Cordoba,Art supply store,Simplified regime,22.0,,2.0,3.0
824,Account 0195,Orders,Shipped,29391.0,Rep A,2022-01-03,2022-01-12,0,Potential,BA Centro,Paint store,VAT registered,22.0,,15.0,12.0
825,Account 0062,Orders,Shipped,29826.0,Rep A,2022-10-31,2022-11-02,0,Potential,Entre Rios,Paint store,VAT registered,22.0,,10.0,6.0
826,Account 0024,Orders,Shipped,27425.0,Rep A,2022-09-16,2022-09-22,0,Strategic,CABA,Paint store,VAT registered,28.0,Upfront,13.0,33.0
827,Account 0185,Orders,Shipped on credit,29063.0,Rep A,2022-09-09,2022-10-12,1,Key,CABA,Art supply store,VAT registered,22.0,30 days,15.0,39.0
828,Account 0182,Orders,Shipped,28005.0,Rep C,2022-02-04,2022-03-18,1,Standard,AMBA Norte,Art supply store,VAT registered,22.0,Upfront,13.0,6.0
829,Account 0189,Orders,Shipped,29836.0,Rep A,2021-10-28,2021-11-09,0,Potential,BA Atlantico,Art supply store,Simplified regime,22.0,Upfront,8.0,18.0
830,Account 0291,Orders,Shipped,28009.0,Rep C,2022-08-18,2022-08-25,1,Low,CABA,Other,VAT registered,15.0,,4.0,2.0
831,Account 0318,Orders,Shipped,28993.0,Rep A,2022-09-13,2022-09-27,0,Low,Salta,Workshop,Simplified regime,7.0,,3.0,1.0
832,,Social media lead form,Onboarding,28824.0,Rep C,2023-01-20,2023-02-02,6,,,,,,,,
833,,Reseller onboarding,Onboarding,28372.0,Rep C,2023-03-23,2023-03-31,2,,,,,,,,
834,Account 0263,Orders,Shipped,29116.0,Rep A,2022-11-29,2022-11-29,0,Low,BA Norte,Workshop,Final consumer,7.0,,5.0,3.0
835,Account 0083,Orders,Shipped,29246.0,Rep A,2022-03-11,2022-03-18,0,Key,AMBA Norte,Art supply store,Simplified regime,7.0,Upfront,9.0,7.0
836,Account 0256,Orders,Shipped,28747.0,Rep A,2022-08-03,2022-09-06,1,Low,AMBA Norte,Art supply store,VAT registered,7.0,,2.0,2.0
837,Account 0202,Orders,Shipped,29228.0,Rep B,2023-03-08,2023-03-10,0,Standard,BA Norte,Workshop,Simplified regime,28.0,,7.0,10.0
838,Account 0319,Orders,Shipped,29785.0,Rep B,2023-01-11,2023-01-17,3,Standard,AMBA Sur,Other,Final consumer,22.0,Upfront,12.0,13.0
839,Account 0227,Orders,Shipped,28147.0,Rep A,2022-02-08,2022-03-07,0,Potential,BA Sur,Paint store,VAT registered,15.0,,4.0,3.0
840,Account 0320,Orders,Shipped,28347.0,Rep A,2022-12-06,2022-12-13,0,Low,La Pampa,Workshop,Final consumer,7.0,,1.0,1.0
841,Account 0321,Orders,Shipped,26846.0,Rep C,2022-08-16,2022-08-23,2,Churned,Tucuman,Other,Final consumer,28.0,,16.0,5.0
842,Account 0168,Orders,Shipped,29041.0,Rep A,2022-02-01,2022-02-14,0,Standard,Chaco,Art supply store,VAT registered,15.0,,8.0,3.0
843,Account 0071,Orders,Shipped on credit,28168.0,Rep A,2022-08-18,2022-11-10,2,Potential,CABA,Art supply store,Simplified regime,22.0,30 days,20.0,14.0
844,Account 0322,Orders,Shipped,27834.0,Rep B,2022-10-31,2022-11-07,1,Standard,AMBA Sur,Workshop,Simplified regime,15.0,Upfront,4.0,3.0
845,Account 0323,Orders,Shipped,26948.0,Rep A,2022-09-13,2022-11-22,6,Standard,CABA,Art supply store,Simplified regime,28.0,Upfront,13.0,7.0
846,Account 0107,Orders,Shipped,29182.0,Rep C,2022-02-23,2022-03-15,3,Standard,AMBA Norte,Paint store,Simplified regime,15.0,Upfront,12.0,5.0
847,Account 0324,Orders,Shipped,27783.0,Rep A,2021-10-21,2021-10-25,0,Standard,BA Sur,Art supply store,Final consumer,,Upfront,2.0,10.0
848,,Social media lead form,Onboarding,28572.0,Rep C,2022-11-24,2022-12-05,4,,,,,,,,
849,Account 0325,Orders,Shipped,27046.0,Rep A,2022-07-29,2022-08-09,0,Low,Chaco,Workshop,Simplified regime,7.0,,2.0,1.0
850,Account 0326,Orders,Shipped,29314.0,Rep A,2022-12-12,2022-12-15,0,Low,Chubut,Art supply store,Simplified regime,7.0,,2.0,1.0
851,Account 0327,Orders,Shipped,27113.0,Rep A,2022-09-30,2022-10-13,0,Low,Corrientes,Art supply store,Simplified regime,7.0,,4.0,4.0
852,Account 0261,Orders,Shipped on credit,27145.0,Rep A,2022-07-04,2022-08-17,1,Standard,Entre Rios,Art supply store,VAT registered,22.0,Open account,16.0,8.0
853,Account 0180,Orders,Shipped on credit,28942.0,Rep C,2022-07-07,2022-08-17,1,Potential,AMBA Norte,Workshop,Final consumer,22.0,30 days,16.0,14.0
854,Account 0185,Orders,Shipped on credit,29087.0,Rep A,2023-02-14,2023-02-24,0,Key,CABA,Art supply store,VAT registered,22.0,30 days,15.0,39.0
855,Account 0328,Orders,Shipped,27084.0,Rep C,2022-06-08,2022-07-07,3,Low,Chubut,Workshop,VAT registered,7.0,,7.0,4.0
856,Account 0170,Orders,Shipped,27751.0,Rep A,2021-12-10,2022-01-11,0,Potential,Chubut,Art supply store,Simplified regime,28.0,,19.0,8.0
857,Account 0302,Orders,Shipped,28479.0,Rep A,2022-10-17,2022-10-28,1,Standard,AMBA Norte,Art supply store,VAT registered,15.0,Upfront,16.0,10.0
858,Account 0307,Orders,Shipped,28866.0,Rep B,2022-11-30,2022-12-13,4,Key,Rio Negro,Art supply store,Simplified regime,15.0,,11.0,5.0
859,Account 0275,Orders,Shipped,27477.0,Rep A,2022-01-31,2022-02-10,0,Standard,BA Este,Art supply store,VAT registered,15.0,,8.0,4.0
860,Account 0317,Orders,Shipped,27824.0,Rep A,2021-10-25,2021-10-25,0,Standard,Mendoza,Art supply store,Simplified regime,7.0,Upfront,10.0,4.0
861,Account 0329,Orders,Shipped,28426.0,Rep A,2022-08-03,2022-08-17,0,Low,Salta,Workshop,Final consumer,15.0,,3.0,1.0
862,Account 0292,Orders,Shipped on credit,28388.0,Rep A,2022-03-31,2022-05-09,1,Standard,AMBA Norte,Workshop,Simplified regime,7.0,30 days,12.0,9.0
863,Account 0054,Orders,Shipped,28532.0,Rep A,2022-08-12,2022-09-02,4,Key,AMBA Norte,Distributor,VAT registered,22.0,Upfront,10.0,7.0
864,Account 0202,Orders,Shipped,27921.0,Rep C,2022-04-26,2022-05-10,1,Standard,BA Norte,Workshop,Simplified regime,28.0,,7.0,10.0
865,Account 0285,Orders,Shipped,26586.0,Rep B,2023-01-02,2023-02-06,1,Standard,Neuquen,Art supply store,VAT registered,22.0,Upfront,7.0,4.0
866,Account 0275,Orders,Shipped,28783.0,Rep C,2022-06-21,2022-07-11,3,Standard,BA Este,Art supply store,VAT registered,15.0,,8.0,4.0
867,Account 0330,Orders,Shipped,28659.0,Rep A,2022-10-27,2022-11-10,1,Standard,AMBA Norte,Art supply store,VAT registered,7.0,,5.0,7.0
868,Account 0060,Orders,Shipped,28464.0,Rep A,2021-10-22,2021-11-05,0,Key,BA Sur,Paint store,VAT registered,22.0,Upfront,21.0,8.0
869,Account 0189,Orders,Shipped,26500.0,Rep A,2022-04-27,2022-05-10,0,Potential,BA Atlantico,Art supply store,Simplified regime,22.0,Upfront,8.0,18.0
870,Account 0331,Orders,Shipped,26772.0,Rep A,2022-07-28,2022-08-09,0,Low,San Luis,Other,Final consumer,15.0,,7.0,1.0
871,Account 0332,Orders,Shipped,28257.0,Rep A,2022-11-08,2022-11-16,0,Low,AMBA Norte,Workshop,Simplified regime,7.0,Upfront,3.0,1.0
872,Account 0024,Orders,Shipped,26253.0,Rep A,2021-11-17,2022-02-15,0,Strategic,CABA,Paint store,VAT registered,28.0,Upfront,13.0,33.0
873,Account 0333,Orders,Shipped,28879.0,Rep A,2021-11-02,2021-11-12,0,Key,AMBA Sur,Workshop,Final consumer,15.0,Upfront,8.0,5.0
874,Account 0299,Orders,Shipped,27198.0,Rep A,2022-10-03,2022-10-28,0,Churned,BA Este,Other,Final consumer,22.0,Upfront,6.0,10.0
875,Account 0214,Orders,Shipped,28136.0,Rep A,2022-11-14,2022-11-18,2,Key,Santa Fe,Art supply store,VAT registered,22.0,,14.0,8.0
876,Account 0334,Orders,Shipped,28525.0,Rep A,2022-01-11,2022-01-26,0,Churned,Santa Cruz,Other,Final consumer,,Upfront,4.0,2.0
877,,Reseller onboarding,Onboarding,27161.0,Rep C,2022-02-01,2022-11-08,7,,,,,,,,
878,,Active customers,Won customer,26954.0,Rep C,2022-02-21,2022-10-31,2,,,,,,,,
879,,Active customers,Won customer,27748.0,Rep C,2022-07-11,2022-09-02,5,,,,,,,,
880,,Active customers,Won customer,27672.0,Rep C,2022-07-16,2022-09-02,5,,,,,,,,
881,,Active customers,Won customer,27201.0,Rep C,2022-08-29,2022-09-12,5,,,,,,,,
882,,Reseller onboarding,Onboarding,27729.0,Rep C,2022-09-24,2022-11-08,7,,,,,,,,
883,,Active customers,Won customer,28645.0,Rep C,2022-09-26,2022-10-12,9,,,,,,,,
884,,Reseller onboarding,Onboarding,27361.0,Rep C,2022-09-26,2023-01-24,13,,,,,,,,
885,,Social media lead form,Onboarding,26618.0,Rep C,2022-10-16,2022-11-29,12,,,,,,,,
886,Account 0249,Orders,Shipped,26998.0,Rep B,2023-01-20,2023-01-23,2,Low,Cordoba,Workshop,Simplified regime,7.0,,3.0,3.0
887,Account 0292,Orders,Shipped on credit,26992.0,Rep A,2022-06-07,2022-08-09,2,Standard,AMBA Norte,Workshop,Simplified regime,7.0,30 days,12.0,9.0
888,Account 0335,Orders,Shipped,26215.0,Rep A,2022-04-22,2022-05-10,0,Standard,BA Norte,Workshop,Final consumer,7.0,Upfront,6.0,3.0
889,Account 0198,Orders,Shipped,26291.0,Rep A,2022-05-11,2022-05-20,0,Standard,Santa Fe,Art supply store,Simplified regime,15.0,,3.0,2.0
890,Account 0336,Orders,Shipped,27703.0,Rep A,2022-02-25,2022-03-10,0,Low,AMBA Sur,Workshop,Final consumer,7.0,Upfront,7.0,1.0
891,Account 0114,Orders,Shipped,26728.0,Rep A,2022-04-04,2022-05-06,0,Potential,BA Atlantico,Paint store,VAT registered,28.0,,10.0,5.0
892,Account 0277,Orders,Shipped,28400.0,Rep A,2023-02-22,2023-02-24,4,Potential,CABA,Art supply store,VAT registered,28.0,Upfront,15.0,20.0
893,Account 0337,Orders,Shipped,26422.0,Rep B,2022-09-12,2022-11-04,0,Low,AMBA Sur,Workshop,Simplified regime,7.0,Upfront,3.0,4.0
894,Account 0185,Orders,Shipped on credit,26027.0,Rep A,2022-07-25,2022-08-18,1,Key,CABA,Art supply store,VAT registered,22.0,30 days,15.0,39.0
895,Account 0338,Orders,Shipped,27783.0,Rep A,2022-01-24,2022-02-22,0,Key,Santa Fe,Other,VAT registered,15.0,Upfront,9.0,4.0
896,Account 0267,Orders,Shipped on credit,28117.0,Rep A,2022-06-01,2022-08-17,2,Key,CABA,Art supply store,VAT registered,22.0,30 days,13.0,10.0
897,Account 0133,Orders,Shipped,26440.0,Rep B,2022-09-29,2022-10-17,2,Potential,AMBA Sur,Art supply store,Simplified regime,22.0,Upfront,10.0,5.0
898,Account 0185,Orders,Shipped on credit,26178.0,Rep A,2022-08-10,2022-08-26,0,Key,CABA,Art supply store,VAT registered,22.0,30 days,15.0,39.0
899,Account 0074,Orders,Shipped on credit,26115.0,Rep A,2022-07-01,2022-07-07,1,Potential,BA Atlantico,Art supply store,Simplified regime,28.0,,6.0,5.0
900,Account 0089,Orders,Shipped,26955.0,Rep A,2022-08-30,2022-09-27,1,Potential,Santa Cruz,Paint store,VAT registered,15.0,,12.0,3.0
901,Account 0135,Orders,Shipped,26791.0,Rep A,2021-10-21,2021-11-12,0,Potential,AMBA Norte,Paint store,VAT registered,22.0,,10.0,3.0
902,Account 0132,Orders,Shipped,26219.0,Rep A,2022-08-02,2022-09-19,3,Potential,Tucuman,Art supply store,Final consumer,28.0,,30.0,9.0
903,,Active customers,Won customer,25619.0,Rep C,2022-02-04,2022-10-31,7,,,,,,,,
904,Account 0339,Orders,Shipped,26788.0,Rep B,2022-10-18,2022-10-28,0,Low,AMBA Sur,Other,VAT registered,15.0,,9.0,3.0
905,Account 0178,Orders,Shipped,28061.0,Rep A,2022-10-28,2022-11-02,0,Standard,BA Norte,Other,VAT registered,28.0,Upfront,6.0,10.0
906,Account 0004,Orders,Shipped,27150.0,Rep C,2022-01-31,2022-02-22,2,Key,Salta,Art supply store,Simplified regime,22.0,Open account,13.0,6.0
907,Account 0271,Orders,Shipped,26710.0,Rep A,2022-07-20,2022-08-08,2,Standard,BA Norte,Workshop,VAT registered,28.0,Upfront,6.0,2.0
908,Account 0302,Orders,Shipped,25674.0,Rep A,2022-09-19,2022-10-03,2,Standard,AMBA Norte,Art supply store,VAT registered,15.0,Upfront,16.0,10.0
909,Account 0033,Orders,Shipped,26048.0,Rep B,2023-04-13,2023-04-17,1,Standard,Entre Rios,Paint store,Simplified regime,28.0,Upfront,10.0,6.0
910,Account 0147,Orders,Shipped,26150.0,Rep A,2022-04-19,2022-05-26,2,Standard,BA Sur,Art supply store,Simplified regime,22.0,Upfront,13.0,7.0
911,Account 0228,Orders,Shipped,27397.0,Rep A,2022-10-31,2022-11-02,0,Key,AMBA Norte,Other,Simplified regime,22.0,Upfront,11.0,8.0
912,Account 0302,Orders,Shipped,27637.0,Rep C,2022-06-23,2022-08-08,1,Standard,AMBA Norte,Art supply store,VAT registered,15.0,Upfront,16.0,10.0
913,Account 0160,Orders,Shipped,27689.0,Rep A,2022-08-19,2022-09-06,2,Potential,BA Norte,Paint store,VAT registered,22.0,,7.0,6.0
914,,Active customers,Won customer,27856.0,Rep C,2022-03-12,2022-10-31,5,,,,,,,,
915,Account 0340,Orders,Shipped,27847.0,Rep A,2022-04-29,2022-05-10,0,Standard,CABA,Other,Simplified regime,15.0,Upfront,10.0,5.0
916,Account 0341,Orders,Shipped,27735.0,Rep C,2022-02-09,2022-03-10,1,Standard,Corrientes,Workshop,Simplified regime,7.0,,9.0,3.0
917,Account 0258,Orders,Shipped on credit,25313.0,Rep A,2022-05-04,2022-05-24,1,Potential,AMBA Sur,Art supply store,VAT registered,22.0,,10.0,5.0
918,Account 0342,Orders,Shipped,25423.0,Rep B,2022-10-18,2022-11-24,1,Standard,Cordoba,Art supply store,Simplified regime,15.0,Upfront,12.0,5.0
919,Account 0283,Orders,Shipped,25857.0,Rep A,2022-08-29,2022-09-02,0,Standard,AMBA Norte,Art supply store,Simplified regime,15.0,Upfront,17.0,5.0
920,Account 0044,Orders,Shipped on credit,26472.0,Rep A,2022-01-20,2022-03-17,0,Potential,CABA,Art supply store,VAT registered,22.0,30 days,16.0,16.0
921,Account 0306,Orders,Shipped,25230.0,Rep A,2022-12-22,2022-12-27,4,Key,La Pampa,Other,VAT registered,15.0,Upfront,12.0,12.0
922,Account 0024,Orders,Shipped,27195.0,Rep A,2022-03-25,2022-05-02,0,Strategic,CABA,Paint store,VAT registered,28.0,Upfront,13.0,33.0
923,Account 0225,Orders,Shipped,26583.0,Rep C,2022-02-21,2022-03-15,5,Standard,AMBA Sur,Other,VAT registered,15.0,Upfront,12.0,4.0
924,Account 0071,Orders,Shipped on credit,26385.0,Rep A,2022-11-11,2022-12-23,2,Potential,CABA,Art supply store,Simplified regime,22.0,30 days,20.0,14.0
925,Account 0024,Orders,Shipped,25383.0,Rep A,2023-01-25,2023-01-27,1,Strategic,CABA,Paint store,VAT registered,28.0,Upfront,13.0,33.0
926,Account 0074,Orders,Shipped,25576.0,Rep A,2022-09-12,2022-09-27,0,Potential,BA Atlantico,Art supply store,Simplified regime,28.0,,6.0,5.0
927,Account 0343,Orders,Shipped,25264.0,Rep A,2022-09-28,2022-10-13,0,Low,Jujuy,Workshop,Simplified regime,7.0,Upfront,5.0,1.0
928,Account 0185,Orders,Shipped,27070.0,Rep A,2022-01-20,2022-02-01,0,Key,CABA,Art supply store,VAT registered,22.0,30 days,15.0,39.0
929,Account 0029,Orders,Shipped on credit,26303.0,Rep A,2022-08-11,2022-10-06,1,Strategic,CABA,Art supply store,VAT registered,28.0,Open account,16.0,18.0
930,Account 0344,Orders,Shipped,26645.0,Rep A,2022-09-05,2022-09-19,0,Low,Formosa,Other,Simplified regime,7.0,,2.0,2.0
931,Account 0188,Orders,Shipped,25472.0,Rep A,2022-07-08,2022-07-26,0,Standard,Corrientes,Art supply store,VAT registered,,,5.0,6.0
932,Account 0278,Orders,Shipped,25633.0,Rep A,2022-08-31,2022-09-09,0,Potential,Santa Fe,Paint store,VAT registered,28.0,Upfront,11.0,11.0
933,Account 0345,Orders,Shipped,25715.0,Rep A,2022-10-14,2022-10-28,0,Low,Santa Fe,Workshop,Simplified regime,7.0,,6.0,2.0
934,Account 0243,Orders,Shipped,26607.0,Rep A,2022-03-30,2022-05-04,0,Key,AMBA Norte,Workshop,Simplified regime,22.0,Upfront,16.0,8.0
935,Account 0346,Orders,Shipped,26635.0,Rep A,2022-11-29,2022-12-13,2,Standard,San Luis,Art supply store,Simplified regime,15.0,,6.0,9.0
936,Account 0347,Orders,Shipped,25166.0,Rep A,2022-02-09,2022-02-14,0,Churned,AMBA Norte,Workshop,Final consumer,,Upfront,1.0,1.0
937,Account 0348,Orders,Shipped,27071.0,Rep A,2022-02-23,2022-03-15,0,Standard,San Luis,Art supply store,Simplified regime,15.0,Upfront,5.0,2.0
938,Account 0087,Orders,Shipped,24919.0,Rep A,2021-11-09,2021-11-12,0,Standard,AMBA Norte,Workshop,Simplified regime,22.0,Upfront,11.0,14.0
939,Account 0196,Orders,Shipped,26917.0,Rep A,2022-03-14,2022-03-18,0,Standard,La Pampa,Workshop,Simplified regime,15.0,Upfront,12.0,5.0
940,Account 0213,Orders,Shipped,24830.0,Rep C,2023-03-23,2023-03-29,0,Standard,La Rioja,Workshop,Final consumer,7.0,,3.0,2.0
941,Account 0086,Orders,Shipped on credit,25231.0,Rep A,2022-09-21,2022-10-24,1,Standard,CABA,Workshop,Simplified regime,22.0,Open account,21.0,12.0
942,Account 0054,Orders,Shipped,26712.0,Rep A,2022-11-01,2022-11-01,1,Key,AMBA Norte,Distributor,VAT registered,22.0,Upfront,10.0,7.0
943,Account 0349,Orders,Shipped,24952.0,Rep A,2022-01-24,2022-02-04,0,Low,AMBA Norte,Workshop,VAT registered,7.0,Upfront,5.0,7.0
944,Account 0189,Orders,Shipped,25542.0,Rep A,2021-11-03,2021-11-09,0,Potential,BA Atlantico,Art supply store,Simplified regime,22.0,Upfront,8.0,18.0
945,Account 0086,Orders,Shipped on credit,25627.0,Rep A,2022-10-26,2022-12-15,2,Standard,CABA,Workshop,Simplified regime,22.0,Open account,21.0,12.0
946,Account 0350,Orders,Shipped,25099.0,Rep A,2022-03-21,2022-04-19,0,Standard,BA Este,Art supply store,VAT registered,7.0,Upfront,2.0,2.0
947,Account 0351,Orders,Shipped,26297.0,Rep A,2022-03-28,2022-05-02,0,Standard,Entre Rios,Other,Final consumer,7.0,Upfront,6.0,2.0
948,Account 0352,Orders,Shipped,26660.0,Rep A,2022-05-03,2022-05-11,0,Churned,Salta,Workshop,Final consumer,15.0,Upfront,5.0,3.0
949,Account 0353,Orders,Shipped,26708.0,Rep A,2022-09-15,2022-10-03,0,Low,BA Norte,Workshop,Simplified regime,,,2.0,1.0
950,Account 0354,Orders,Shipped,25322.0,Rep A,2022-07-08,2022-07-22,0,Standard,AMBA Norte,Workshop,Final consumer,15.0,,13.0,6.0
951,Account 0252,Orders,Shipped,25791.0,Rep A,2022-03-31,2022-05-02,0,Low,AMBA Norte,Other,,,,0.0,2.0
952,Account 0054,Orders,Shipped,25059.0,Rep A,2022-07-13,2022-07-27,0,Key,AMBA Norte,Distributor,VAT registered,22.0,Upfront,10.0,7.0
953,Account 0355,Orders,Shipped,25036.0,Rep A,2022-06-22,2022-07-04,0,Low,AMBA Norte,Workshop,Simplified regime,15.0,,7.0,1.0
954,Account 0033,Orders,Shipped,24805.0,Rep A,2022-03-15,2022-03-18,0,Standard,Entre Rios,Paint store,Simplified regime,28.0,Upfront,10.0,6.0
955,Account 0224,Orders,Shipped,26767.0,Rep A,2021-12-09,2022-01-10,0,Standard,CABA,Workshop,VAT registered,22.0,Upfront,6.0,2.0
956,Account 0346,Orders,Shipped,26627.0,Rep B,2023-02-22,2023-02-24,0,Standard,San Luis,Art supply store,Simplified regime,15.0,,6.0,9.0
957,,Active customers,Won customer,26331.0,Rep C,2022-02-03,2022-10-31,3,,,,,,,,
958,,Active customers,Won customer,25665.0,Rep C,2022-03-02,2022-10-31,3,,,,,,,,
959,,Active customers,Won customer,25596.0,Rep C,2022-08-28,2022-09-14,5,,,,,,,,
960,Account 0245,Orders,Shipped,25672.0,Rep A,2022-04-21,2022-05-10,0,Potential,Chubut,Paint store,VAT registered,7.0,Upfront,4.0,2.0
961,Account 0246,Orders,Shipped,25616.0,Rep A,2022-05-19,2022-05-27,0,Low,Cordoba,Paint store,Simplified regime,15.0,,8.0,3.0
962,Account 0356,Orders,Shipped,25352.0,Rep C,2022-01-31,2022-02-10,1,Standard,Santa Cruz,Workshop,Simplified regime,7.0,Upfront,9.0,8.0
963,Account 0342,Orders,Shipped,24518.0,Rep C,2022-01-28,2022-02-10,1,Standard,Cordoba,Art supply store,Simplified regime,15.0,Upfront,12.0,5.0
964,Account 0340,Orders,Shipped,24437.0,Rep A,2022-06-16,2022-07-07,0,Standard,CABA,Other,Simplified regime,15.0,Upfront,10.0,5.0
965,Account 0357,Orders,Shipped,26528.0,Rep A,2023-01-30,2023-02-06,0,Low,La Rioja,Paint store,Simplified regime,0.0,,4.0,1.0
966,Account 0358,Orders,Shipped,25334.0,Rep C,2023-02-06,2023-02-09,0,Low,La Pampa,Other,Simplified regime,0.0,,3.0,2.0
967,Account 0231,Orders,Shipped,26506.0,Rep A,2022-02-22,2022-03-14,0,Standard,Jujuy,Art supply store,Simplified regime,22.0,Upfront,10.0,11.0
968,Account 0231,Orders,Shipped,24496.0,Rep A,2022-12-23,2022-12-27,0,Standard,Jujuy,Art supply store,Simplified regime,22.0,Upfront,10.0,11.0
969,Account 0119,Orders,Shipped,25478.0,Rep A,2022-05-02,2022-05-11,2,Potential,Chubut,Art supply store,Simplified regime,15.0,Upfront,17.0,7.0
970,Account 0359,Orders,Shipped,24583.0,Rep A,2021-11-12,2022-01-11,0,Low,Cordoba,Art supply store,Simplified regime,,Upfront,8.0,2.0
971,Account 0322,Orders,Shipped,24675.0,Rep A,2022-05-03,2022-05-11,0,Standard,AMBA Sur,Workshop,Simplified regime,15.0,Upfront,4.0,3.0
972,Account 0360,Orders,Shipped,24086.0,Rep A,2022-02-21,2022-03-15,0,Churned,San Juan,Other,Simplified regime,,Upfront,6.0,1.0
973,Account 0277,Orders,Shipped,24288.0,Rep A,2023-04-05,2023-04-17,1,Potential,CABA,Art supply store,VAT registered,28.0,Upfront,15.0,20.0
974,Account 0191,Orders,Shipped,26268.0,Rep C,2022-02-09,2022-03-07,2,Low,Entre Rios,Paint store,VAT registered,7.0,Upfront,4.0,2.0
975,Account 0185,Orders,Shipped on credit,24697.0,Rep A,2022-02-17,2022-04-19,0,Key,CABA,Art supply store,VAT registered,22.0,30 days,15.0,39.0
976,Account 0170,Orders,Shipped,25351.0,Rep A,2022-06-01,2022-07-04,6,Potential,Chubut,Art supply store,Simplified regime,28.0,,19.0,8.0
977,Account 0361,Orders,Shipped,24990.0,Rep A,2021-11-15,2021-12-29,0,Churned,,Workshop,Simplified regime,15.0,,4.0,3.0
978,Account 0362,Orders,Shipped,24779.0,Rep A,2022-03-31,2022-05-02,0,Churned,AMBA Sur,Other,VAT registered,7.0,Upfront,4.0,1.0
979,Account 0301,Orders,Shipped,25094.0,Rep A,2022-04-28,2022-05-10,0,Standard,AMBA Sur,Art supply store,Simplified regime,15.0,,11.0,4.0
980,,Active customers,Won customer,24228.0,Rep C,2021-11-05,2022-10-31,0,,,,,,,,
981,,Active customers,Won customer,26232.0,Rep C,2022-07-27,2022-09-14,17,,,,,,,,
982,Account 0295,Orders,Shipped,25798.0,Rep A,2022-05-17,2022-05-26,0,Standard,Chubut,Art supply store,Simplified regime,15.0,Upfront,10.0,5.0
983,Account 0363,Orders,Shipped on credit,25578.0,Rep A,2023-01-02,2023-01-20,10,Standard,Santa Fe,Workshop,Simplified regime,15.0,,15.0,7.0
984,Account 0161,Orders,Shipped,24853.0,Rep A,2022-03-14,2022-03-18,0,Standard,Santa Fe,Workshop,Final consumer,15.0,Upfront,11.0,6.0
985,Account 0197,Orders,Shipped,24059.0,Rep A,2022-08-30,2022-09-22,5,Potential,Mendoza,Paint store,VAT registered,28.0,,14.0,4.0
986,Account 0364,Orders,Shipped,25970.0,Rep C,2022-08-08,2022-09-02,1,,,,,,,1.0,1.0
987,Account 0365,Orders,Shipped,24520.0,Rep C,2022-04-20,2022-05-10,3,Standard,AMBA Norte,Art supply store,VAT registered,15.0,,13.0,6.0
988,Account 0366,Orders,Shipped,23772.0,Rep C,2023-02-08,2023-02-10,0,Low,Tierra del Fuego,Workshop,Exempt,0.0,,4.0,1.0
989,Account 0367,Orders,Shipped,24486.0,Rep A,2022-06-09,2022-06-15,0,Churned,Cordoba,Other,Simplified regime,7.0,,5.0,1.0
990,Account 0368,Orders,Shipped,25598.0,Rep A,2022-02-21,2022-03-07,0,Standard,AMBA Norte,Paint store,VAT registered,15.0,Upfront,6.0,9.0
991,Account 0109,Orders,Shipped,25163.0,Rep A,2022-07-20,2022-08-05,0,Potential,CABA,Art supply store,VAT registered,28.0,Upfront,12.0,6.0
992,Account 0024,Orders,Shipped,25460.0,Rep A,2022-05-27,2022-06-06,0,Strategic,CABA,Paint store,VAT registered,28.0,Upfront,13.0,33.0
993,Account 0369,Orders,Shipped,25527.0,Rep A,2022-03-22,2022-04-19,0,Low,Santa Fe,Workshop,Simplified regime,15.0,Upfront,5.0,1.0
994,Account 0319,Orders,Shipped,24085.0,Rep A,2022-07-05,2022-07-27,4,Standard,AMBA Sur,Other,Final consumer,22.0,Upfront,12.0,13.0
995,Account 0139,Orders,Shipped,25762.0,Rep B,2022-09-05,2022-09-19,1,Standard,Chubut,Other,Simplified regime,15.0,,4.0,3.0
996,Account 0261,Orders,Shipped on credit,24520.0,Rep A,2022-10-28,2022-12-21,4,Standard,Entre Rios,Art supply store,VAT registered,22.0,Open account,16.0,8.0
997,Account 0368,Orders,Shipped,25011.0,Rep A,2022-11-30,2022-12-12,3,Standard,AMBA Norte,Paint store,VAT registered,15.0,Upfront,6.0,9.0
998,Account 0218,Orders,Shipped,23433.0,Rep A,2022-04-18,2022-05-09,0,Potential,Entre Rios,Paint store,VAT registered,15.0,Upfront,5.0,4.0
999,Account 0269,Orders,Shipped,25867.0,Rep A,2022-07-04,2022-07-27,0,Low,Salta,Art supply store,VAT registered,15.0,,10.0,3.0
1000,Account 0180,Orders,Shipped,24110.0,Rep A,2021-11-29,2022-01-03,0,Potential,AMBA Norte,Workshop,Final consumer,22.0,30 days,16.0,14.0
1001,Account 0234,Orders,Shipped,23536.0,Rep B,2023-02-24,2023-03-15,3,Standard,BA Este,Art supply store,Simplified regime,22.0,Upfront,8.0,11.0
1002,Account 0272,Orders,Shipped,24458.0,Rep A,2022-04-13,2022-05-06,0,Standard,BA Atlantico,Art supply store,Simplified regime,7.0,Upfront,6.0,4.0
1003,Account 0152,Orders,Shipped,23646.0,Rep A,2021-12-07,2022-05-11,0,Standard,CABA,Workshop,VAT registered,7.0,Upfront,7.0,3.0
1004,Account 0370,Orders,Shipped,23682.0,Rep A,2022-05-19,2022-05-26,0,Churned,AMBA Norte,Workshop,Simplified regime,15.0,,6.0,1.0
1005,Account 0185,Orders,Shipped on credit,24836.0,Rep A,2022-04-04,2022-05-05,0,Key,CABA,Art supply store,VAT registered,22.0,30 days,15.0,39.0
1006,Account 0165,Orders,Shipped,24236.0,Rep A,2022-01-19,2022-02-23,0,Standard,Cordoba,Paint store,VAT registered,28.0,,11.0,3.0
1007,Account 0044,Orders,Shipped on credit,25515.0,Rep A,2022-04-26,2022-05-17,1,Potential,CABA,Art supply store,VAT registered,22.0,30 days,16.0,16.0
1008,Account 0280,Orders,Shipped,24014.0,Rep A,2022-03-16,2022-04-22,0,Standard,AMBA Norte,Art supply store,VAT registered,15.0,Upfront,11.0,3.0
1009,Account 0239,Orders,Shipped,24994.0,Rep B,2023-01-12,2023-01-20,1,Standard,Chubut,Workshop,Simplified regime,22.0,,2.0,3.0
1010,Account 0189,Orders,Shipped,24337.0,Rep A,2022-05-17,2022-05-26,0,Potential,BA Atlantico,Art supply store,Simplified regime,22.0,Upfront,8.0,18.0
1011,Account 0311,Orders,Shipped,24813.0,Rep A,2022-06-22,2022-07-07,3,Churned,AMBA Sur,Art supply store,Simplified regime,7.0,Upfront,7.0,6.0
1012,Account 0371,Orders,Shipped,24661.0,Rep B,2023-03-20,2023-03-21,0,Low,BA Norte,Workshop,Final consumer,0.0,,2.0,2.0
1013,Account 0372,Orders,Shipped,24351.0,Rep A,2022-11-01,2022-11-07,0,Low,BA Sur,Art supply store,Simplified regime,7.0,,3.0,1.0
1014,Account 0354,Orders,Shipped,25506.0,Rep A,2022-10-27,2022-11-08,0,Standard,AMBA Norte,Workshop,Final consumer,15.0,,13.0,6.0
1015,,Active customers,Won customer,24016.0,Rep C,2021-03-08,2022-10-31,8,,,,,,,,
1016,,Active customers,Won customer,23612.0,Rep C,2021-03-08,2022-10-31,7,,,,,,,,
1017,,Active customers,Won customer,24835.0,Rep C,2021-08-22,2022-10-31,10,,,,,,,,
1018,,Active customers,Won customer,25244.0,Rep C,2022-01-27,2022-10-31,7,,,,,,,,
1019,,Active customers,Won customer,23278.0,Rep C,2022-03-09,2022-10-31,6,,,,,,,,
1020,,Active customers,Won customer,24277.0,Rep C,2022-03-09,2022-10-31,3,,,,,,,,
1021,,Active customers,Won customer,25358.0,Rep C,2022-03-15,2022-10-31,10,,,,,,,,
1022,,Active customers,Won customer,25009.0,Rep C,2022-04-04,2022-10-31,4,,,,,,,,
1023,,Active customers,Won customer,25600.0,Rep C,2022-04-12,2022-10-31,7,,,,,,,,
1024,,Active customers,Won customer,24477.0,Rep C,2022-04-13,2022-10-31,2,,,,,,,,
1025,,Active customers,Won customer,24790.0,Rep C,2022-04-26,2022-10-31,3,,,,,,,,
1026,,Active customers,Won customer,23918.0,Rep C,2022-04-27,2022-10-31,6,,,,,,,,
1027,,Active customers,Won customer,25492.0,Rep C,2022-04-29,2022-10-31,6,,,,,,,,
1028,,Active customers,Won customer,24074.0,Rep C,2022-05-09,2022-10-31,4,,,,,,,,
1029,,Active customers,Won customer,24982.0,Rep C,2022-05-22,2022-10-31,9,,,,,,,,
1030,,Active customers,Won customer,24164.0,Rep C,2022-06-08,2022-10-03,11,,,,,,,,
1031,,Active customers,Won customer,24551.0,Rep C,2022-06-24,2022-10-31,6,,,,,,,,
1032,,Active customers,Won customer,24936.0,Rep C,2022-07-09,2022-09-02,13,,,,,,,,
1033,,Reseller onboarding,Onboarding,24422.0,Rep C,2022-07-22,2023-01-30,11,,,,,,,,
1034,,Active customers,Won customer,25393.0,Rep C,2022-08-26,2022-10-31,6,,,,,,,,
1035,,Active customers,Won customer,24203.0,Rep C,2022-08-28,2022-09-27,9,,,,,,,,
1036,,Social media lead form,Onboarding,24759.0,Rep C,2022-09-13,2022-09-28,5,,,,,,,,
1037,,Reseller onboarding,Onboarding,24015.0,Rep C,2022-10-03,2022-10-31,11,,,,,,,,
1038,,Active customers,Won customer,24176.0,Rep C,2022-10-06,2022-10-14,7,,,,,,,,
1039,,Reseller onboarding,Onboarding,24254.0,Rep C,2023-02-17,2023-03-08,4,,,,,,,,
1040,Account 0299,Orders,Shipped,23457.0,Rep A,2021-12-20,2022-01-11,0,Churned,BA Este,Other,Final consumer,22.0,Upfront,6.0,10.0
1041,Account 0373,Orders,Shipped,23374.0,Rep A,2022-02-11,2022-02-18,0,Standard,AMBA Sur,Other,Simplified regime,7.0,,4.0,1.0
1042,Account 0374,Orders,Shipped,24771.0,Rep C,2022-04-05,2022-05-11,3,Low,BA Centro,Workshop,Simplified regime,,,7.0,2.0
1043,Account 0179,Orders,Shipped,24736.0,Rep A,2022-05-31,2022-07-11,2,Key,San Luis,Art supply store,Simplified regime,15.0,Upfront,9.0,6.0
1044,Account 0375,Orders,Shipped,24712.0,Rep A,2021-11-16,2022-02-15,0,Standard,Santa Fe,Workshop,Simplified regime,15.0,Upfront,11.0,8.0
1045,Account 0376,Orders,Shipped,23112.0,Rep A,2022-05-09,2022-05-13,0,Churned,AMBA Norte,Workshop,Simplified regime,15.0,,6.0,1.0
1046,Account 0214,Orders,Shipped,23831.0,Rep A,2023-04-03,2023-04-13,4,Key,Santa Fe,Art supply store,VAT registered,22.0,,14.0,8.0
1047,Account 0377,Orders,Shipped,23481.0,Rep A,2022-09-09,2022-09-19,1,Low,Catamarca,Workshop,Final consumer,7.0,,7.0,2.0
1048,Account 0378,Orders,Shipped,24873.0,Rep A,2022-10-20,2022-11-01,2,Low,Tucuman,Workshop,Final consumer,7.0,,16.0,2.0
1049,Account 0216,Orders,Shipped,25069.0,Rep B,2023-04-04,2023-04-13,2,Potential,Entre Rios,Workshop,Simplified regime,15.0,Upfront,13.0,9.0
1050,Account 0379,Orders,Shipped,23459.0,Rep C,2022-01-28,2022-02-10,0,Low,Entre Rios,Workshop,Final consumer,7.0,,6.0,4.0
1051,Account 0380,Orders,Shipped,24461.0,Rep A,2022-10-17,2022-10-28,0,Low,Catamarca,Other,VAT registered,7.0,,5.0,2.0
1052,Account 0106,Orders,Shipped on credit,23157.0,Rep B,2023-02-09,2023-03-15,1,Strategic,AMBA Norte,Other,VAT registered,28.0,,11.0,6.0
1053,Account 0221,Orders,Shipped on credit,23489.0,Rep A,2022-06-21,2022-08-26,4,Standard,CABA,Art supply store,Simplified regime,7.0,,6.0,4.0
1054,Account 0138,Orders,Shipped,23087.0,Rep A,2021-11-16,2022-02-15,0,Key,Rio Negro,Art supply store,Simplified regime,22.0,Upfront,13.0,10.0
1055,Account 0171,Orders,Shipped,23427.0,Rep C,2022-04-05,2022-05-09,2,Standard,Rio Negro,Art supply store,Final consumer,28.0,Upfront,8.0,7.0
1056,Account 0265,Orders,Shipped,24353.0,Rep A,2022-06-22,2022-07-07,0,Potential,AMBA Norte,Workshop,Simplified regime,22.0,,10.0,8.0
1057,Account 0381,Orders,Shipped,24915.0,Rep A,2021-10-22,2021-11-02,0,Churned,AMBA Sur,Workshop,Simplified regime,28.0,,5.0,1.0
1058,Account 0160,Orders,Shipped,23207.0,Rep A,2022-01-25,2022-03-07,0,Potential,BA Norte,Paint store,VAT registered,22.0,,7.0,6.0
1059,Account 0277,Orders,Shipped,24010.0,Rep A,2022-06-22,2022-07-27,3,Potential,CABA,Art supply store,VAT registered,28.0,Upfront,15.0,20.0
1060,Account 0317,Orders,Shipped,24376.0,Rep C,2022-02-14,2022-03-18,1,Standard,Mendoza,Art supply store,Simplified regime,7.0,Upfront,10.0,4.0
1061,Account 0151,Orders,Shipped,24963.0,Rep A,2022-05-10,2022-05-12,0,Standard,Rio Negro,Workshop,Final consumer,7.0,Upfront,7.0,5.0
1062,Account 0382,Orders,Shipped,24133.0,Rep A,2022-11-07,2022-11-10,0,Standard,AMBA Norte,Other,VAT registered,15.0,,12.0,5.0
1063,Account 0383,Orders,Shipped,23251.0,Rep A,2022-11-29,2022-12-13,0,Low,Santa Fe,Art supply store,Simplified regime,7.0,Upfront,17.0,4.0
1064,Account 0158,Orders,Shipped,24103.0,Rep A,2022-02-16,2022-03-10,0,Standard,Santa Fe,Art supply store,Simplified regime,22.0,Upfront,9.0,7.0
1065,Account 0024,Orders,Shipped,23364.0,Rep A,2023-02-02,2023-02-06,0,Strategic,CABA,Paint store,VAT registered,28.0,Upfront,13.0,33.0
1066,Account 0185,Orders,Shipped on credit,24923.0,Rep A,2022-10-11,2022-11-17,1,Key,CABA,Art supply store,VAT registered,22.0,30 days,15.0,39.0
1067,Account 0342,Orders,Shipped,23535.0,Rep A,2021-10-27,2021-12-20,0,Standard,Cordoba,Art supply store,Simplified regime,15.0,Upfront,12.0,5.0
1068,Account 0071,Orders,Shipped,24211.0,Rep A,2021-11-11,2022-01-12,0,Potential,CABA,Art supply store,Simplified regime,22.0,30 days,20.0,14.0
1069,Account 0384,Orders,Shipped,22634.0,Rep C,2022-06-24,2022-07-18,3,Low,Mendoza,Workshop,Simplified regime,15.0,,3.0,1.0
1070,Account 0385,Orders,Shipped,23518.0,Rep A,2022-07-04,2022-07-27,0,Low,BA Norte,Workshop,Final consumer,15.0,,3.0,1.0
1071,Account 0278,Orders,Shipped,24549.0,Rep A,2023-03-20,2023-03-27,0,Potential,Santa Fe,Paint store,VAT registered,28.0,Upfront,11.0,11.0
1072,Account 0106,Orders,Shipped on credit,23860.0,Rep A,2022-11-28,2022-12-15,0,Strategic,AMBA Norte,Other,VAT registered,28.0,,11.0,6.0
1073,Account 0386,Orders,Shipped,23456.0,Rep A,2022-05-06,2022-05-26,1,Low,AMBA Sur,Art supply store,Simplified regime,7.0,,9.0,2.0
1074,Account 0251,Orders,Shipped,24611.0,Rep A,2021-11-11,2021-12-29,0,Churned,BA Norte,Other,Simplified regime,7.0,Upfront,5.0,3.0
1075,Account 0387,Orders,Shipped,24416.0,Rep B,2022-09-09,2022-10-12,3,Low,BA Este,Art supply store,VAT registered,7.0,,7.0,2.0
1076,Account 0279,Orders,Shipped,23159.0,Rep A,2022-10-25,2022-11-01,0,Standard,AMBA Sur,Art supply store,Simplified regime,15.0,,10.0,8.0
1077,Account 0029,Orders,Shipped on credit,23675.0,Rep A,2021-11-17,2022-01-21,0,Strategic,CABA,Art supply store,VAT registered,28.0,Open account,16.0,18.0
1078,Account 0388,Orders,Shipped,23542.0,Rep A,2021-11-18,2022-02-09,0,Standard,BA Centro,Art supply store,VAT registered,,,6.0,4.0
1079,Account 0024,Orders,Shipped,23800.0,Rep A,2022-04-12,2022-05-06,0,Strategic,CABA,Paint store,VAT registered,28.0,Upfront,13.0,33.0
1080,Account 0044,Orders,Shipped on credit,23096.0,Rep A,2023-02-24,2023-03-30,1,Potential,CABA,Art supply store,VAT registered,22.0,30 days,16.0,16.0
1081,Account 0050,Orders,Shipped,22853.0,Rep A,2022-04-06,2022-05-06,0,Potential,AMBA Sur,Paint store,VAT registered,22.0,Upfront,15.0,7.0
1082,Account 0334,Orders,Shipped,24414.0,Rep A,2022-03-14,2022-03-18,2,Churned,Santa Cruz,Other,Final consumer,,Upfront,4.0,2.0
1083,Account 0109,Orders,Shipped,24363.0,Rep A,2022-02-03,2022-02-10,0,Potential,CABA,Art supply store,VAT registered,28.0,Upfront,12.0,6.0
1084,Account 0306,Orders,Shipped,24175.0,Rep A,2022-11-08,2022-11-16,0,Key,La Pampa,Other,VAT registered,15.0,Upfront,12.0,12.0
1085,Account 0231,Orders,Shipped,24477.0,Rep A,2021-10-21,2021-12-10,0,Standard,Jujuy,Art supply store,Simplified regime,22.0,Upfront,10.0,11.0
1086,Account 0387,Orders,Shipped,23926.0,Rep A,2021-12-23,2022-01-12,0,Low,BA Este,Art supply store,VAT registered,7.0,,7.0,2.0
1087,Account 0119,Orders,Shipped,23884.0,Rep A,2022-06-23,2022-07-07,0,Potential,Chubut,Art supply store,Simplified regime,15.0,Upfront,17.0,7.0
1088,Account 0247,Orders,Shipped,23866.0,Rep B,2023-03-17,2023-04-13,3,Standard,Corrientes,Other,Simplified regime,15.0,Upfront,8.0,4.0
1089,Account 0086,Orders,Shipped on credit,23169.0,Rep A,2021-12-28,2022-05-11,0,Standard,CABA,Workshop,Simplified regime,22.0,Open account,21.0,12.0
1090,,Active customers,Won customer,23079.0,Rep C,2021-10-12,2022-10-31,0,,,,,,,,
1091,Account 0305,Orders,Shipped,22568.0,Rep A,2022-07-29,2022-08-09,0,Standard,Misiones,Art supply store,VAT registered,28.0,Upfront,9.0,6.0
1092,Account 0389,Orders,Shipped,23485.0,Rep A,2022-03-07,2022-03-18,0,Standard,AMBA Sur,Art supply store,VAT registered,15.0,Upfront,12.0,12.0
1093,Account 0214,Orders,Shipped,22644.0,Rep A,2022-05-02,2022-05-11,0,Key,Santa Fe,Art supply store,VAT registered,22.0,,14.0,8.0
1094,Account 0192,Orders,Shipped on credit,22569.0,Rep A,2022-08-30,2022-09-12,0,Key,Santa Fe,Workshop,Simplified regime,22.0,30 days,14.0,12.0
1095,Account 0133,Orders,Shipped,23283.0,Rep B,2023-04-05,2023-04-13,1,Potential,AMBA Sur,Art supply store,Simplified regime,22.0,Upfront,10.0,5.0
1096,Account 0311,Orders,Shipped,22866.0,Rep A,2021-12-14,2022-01-10,0,Churned,AMBA Sur,Art supply store,Simplified regime,7.0,Upfront,7.0,6.0
1097,Account 0390,Orders,Shipped on credit,22418.0,Rep A,2022-09-09,2022-10-03,1,Standard,AMBA Norte,Art supply store,VAT registered,15.0,,8.0,7.0
1098,Account 0267,Orders,Shipped on credit,23795.0,Rep A,2022-09-19,2022-12-21,2,Key,CABA,Art supply store,VAT registered,22.0,30 days,13.0,10.0
1099,Account 0330,Orders,Shipped,23884.0,Rep A,2022-07-22,2022-08-05,2,Standard,AMBA Norte,Art supply store,VAT registered,7.0,,5.0,7.0
1100,Account 0391,Orders,Shipped,22263.0,Rep A,2022-04-01,2022-05-06,0,Low,AMBA Norte,Other,Simplified regime,15.0,Upfront,9.0,2.0
1101,Account 0086,Orders,Shipped on credit,21895.0,Rep C,2022-06-23,2022-08-24,3,Standard,CABA,Workshop,Simplified regime,22.0,Open account,21.0,12.0
1102,Account 0392,Orders,Shipped,22645.0,Rep C,2022-06-16,2022-07-07,3,Low,AMBA Norte,Workshop,Simplified regime,15.0,,6.0,1.0
1103,Account 0377,Orders,Shipped,23706.0,Rep A,2022-07-06,2022-07-27,0,Low,Catamarca,Workshop,Final consumer,7.0,,7.0,2.0
1104,Account 0393,Orders,Shipped,23802.0,Rep A,2022-07-21,2022-08-04,0,Standard,CABA,Art supply store,Final consumer,7.0,,6.0,1.0
1105,Account 0196,Orders,Shipped on credit,22139.0,Rep A,2022-05-06,2022-06-03,1,Standard,La Pampa,Workshop,Simplified regime,15.0,Upfront,12.0,5.0
1106,Account 0383,Orders,Shipped,23566.0,Rep A,2022-09-29,2022-10-13,6,Low,Santa Fe,Art supply store,Simplified regime,7.0,Upfront,17.0,4.0
1107,Account 0041,Orders,Shipped,22041.0,Rep A,2021-12-15,2022-01-10,0,Key,Cordoba,Art supply store,Simplified regime,22.0,30 days,10.0,11.0
1108,Account 0285,Orders,Shipped,22668.0,Rep B,2022-11-09,2022-11-10,3,Standard,Neuquen,Art supply store,VAT registered,22.0,Upfront,7.0,4.0
1109,Account 0044,Orders,Shipped on credit,24051.0,Rep A,2022-05-13,2022-07-21,1,Potential,CABA,Art supply store,VAT registered,22.0,30 days,16.0,16.0
1110,Account 0081,Orders,Shipped,22203.0,Rep A,2022-04-21,2022-05-10,0,Standard,AMBA Sur,Paint store,VAT registered,15.0,Upfront,10.0,6.0
1111,Account 0277,Orders,Shipped,22051.0,Rep A,2022-03-21,2022-04-22,0,Potential,CABA,Art supply store,VAT registered,28.0,Upfront,15.0,20.0
1112,Account 0084,Orders,Shipped,22650.0,Rep A,2022-03-23,2022-05-02,0,Strategic,Neuquen,Paint store,VAT registered,22.0,,10.0,6.0
1113,Account 0390,Orders,Shipped on credit,23085.0,Rep A,2022-10-31,2023-01-06,1,Standard,AMBA Norte,Art supply store,VAT registered,15.0,,8.0,7.0
1114,Account 0178,Orders,Shipped,23796.0,Rep A,2022-07-01,2022-07-27,0,Standard,BA Norte,Other,VAT registered,28.0,Upfront,6.0,10.0
1115,Account 0394,Orders,Shipped,23882.0,Rep A,2022-09-15,2022-09-23,0,Low,Cordoba,Art supply store,Simplified regime,15.0,,7.0,4.0
1116,Account 0277,Orders,Shipped,21784.0,Rep A,2022-01-26,2022-02-03,0,Potential,CABA,Art supply store,VAT registered,28.0,Upfront,15.0,20.0
1117,Account 0395,Orders,Shipped,21934.0,Rep A,2022-03-04,2022-03-17,0,Standard,Neuquen,Art supply store,Simplified regime,15.0,Upfront,9.0,6.0
1118,Account 0396,Orders,Shipped,23408.0,Rep A,2022-06-27,2022-07-07,0,Churned,AMBA Norte,Workshop,Final consumer,15.0,,9.0,3.0
1119,Account 0238,Orders,Shipped,22159.0,Rep A,2022-06-07,2022-06-15,0,Standard,Santa Fe,Art supply store,Final consumer,15.0,,11.0,8.0
1120,Account 0243,Orders,Shipped,23549.0,Rep A,2022-09-30,2022-10-28,0,Key,AMBA Norte,Workshop,Simplified regime,22.0,Upfront,16.0,8.0
1121,Account 0087,Orders,Shipped,23045.0,Rep A,2022-05-23,2022-05-27,0,Standard,AMBA Norte,Workshop,Simplified regime,22.0,Upfront,11.0,14.0
1122,Account 0397,Orders,Shipped,21751.0,Rep A,2022-11-24,2022-12-27,3,Standard,AMBA Sur,Art supply store,VAT registered,15.0,,13.0,6.0
1123,Account 0287,Orders,Shipped,23368.0,Rep B,2022-11-04,2022-11-22,0,Standard,BA Atlantico,Workshop,Final consumer,22.0,Upfront,5.0,8.0
1124,,Active customers,Won customer,21840.0,Rep C,2022-06-23,2022-09-14,9,,,,,,,,
1125,Account 0278,Orders,Shipped,22383.0,Rep A,2023-02-06,2023-02-08,2,Potential,Santa Fe,Paint store,VAT registered,28.0,Upfront,11.0,11.0
1126,Account 0398,Orders,Shipped on credit,22668.0,Rep A,2022-08-16,2022-09-27,1,Standard,Santa Fe,Art supply store,Simplified regime,7.0,30 days,5.0,2.0
1127,Account 0250,Orders,Shipped,22537.0,Rep A,2022-04-13,2022-05-06,0,Low,Formosa,Paint store,VAT registered,15.0,Upfront,6.0,2.0
1128,Account 0399,Orders,Shipped,22938.0,Rep A,2021-10-21,2021-12-10,0,Churned,AMBA Sur,Workshop,Final consumer,7.0,Upfront,10.0,1.0
1129,Account 0201,Orders,Shipped,22855.0,Rep B,2022-12-02,2022-12-13,2,Standard,Entre Rios,Art supply store,Simplified regime,28.0,Upfront,10.0,4.0
1130,Account 0400,Orders,Shipped,23611.0,Rep A,2022-01-12,2022-01-26,0,Churned,Misiones,Art supply store,Exempt,7.0,,8.0,1.0
1131,Account 0243,Orders,Shipped,23609.0,Rep A,2022-10-12,2022-10-28,1,Key,AMBA Norte,Workshop,Simplified regime,22.0,Upfront,16.0,8.0
1132,Account 0321,Orders,Shipped,22492.0,Rep A,2022-02-01,2022-02-10,0,Churned,Tucuman,Other,Final consumer,28.0,,16.0,5.0
1133,Account 0199,Orders,Shipped,21543.0,Rep A,2022-04-19,2022-05-10,0,Low,BA Este,Workshop,Simplified regime,15.0,Upfront,8.0,2.0
1134,Account 0371,Orders,Shipped,22959.0,Rep C,2023-03-09,2023-03-14,0,Low,BA Norte,Workshop,Final consumer,0.0,,2.0,2.0
1135,Account 0180,Orders,Shipped on credit,23510.0,Rep A,2021-11-17,2021-12-29,0,Potential,AMBA Norte,Workshop,Final consumer,22.0,30 days,16.0,14.0
1136,Account 0033,Orders,Shipped,22028.0,Rep B,2023-01-26,2023-01-27,0,Standard,Entre Rios,Paint store,Simplified regime,28.0,Upfront,10.0,6.0
1137,Account 0401,Orders,Shipped,22337.0,Rep A,2021-11-17,2022-02-15,0,Churned,,Art supply store,Simplified regime,15.0,,5.0,1.0
1138,Account 0279,Orders,Shipped,22216.0,Rep A,2021-11-17,2022-02-15,0,Standard,AMBA Sur,Art supply store,Simplified regime,15.0,,10.0,8.0
1139,Account 0402,Orders,Shipped,21376.0,Rep A,2022-07-22,2022-08-04,0,Low,BA Atlantico,Art supply store,Simplified regime,,,5.0,1.0
1140,Account 0288,Orders,Shipped,22758.0,Rep A,2022-02-09,2022-04-22,0,Churned,Santa Fe,Workshop,Simplified regime,15.0,Upfront,7.0,2.0
1141,Account 0238,Orders,Shipped,22041.0,Rep A,2022-09-26,2022-10-03,3,Standard,Santa Fe,Art supply store,Final consumer,15.0,,11.0,8.0
1142,Account 0118,Orders,Shipped,22989.0,Rep A,2022-07-06,2022-07-27,3,Potential,Cordoba,Art supply store,Simplified regime,22.0,,12.0,6.0
1143,Account 0292,Orders,Shipped on credit,23066.0,Rep A,2022-01-03,2022-03-31,1,Standard,AMBA Norte,Workshop,Simplified regime,7.0,30 days,12.0,9.0
1144,Account 0403,Orders,Shipped,22999.0,Rep A,2021-11-11,2021-12-29,0,Standard,CABA,Art supply store,VAT registered,7.0,Upfront,11.0,4.0
1145,Account 0404,Orders,Shipped,22030.0,Rep A,2022-01-26,2022-02-02,0,Churned,CABA,Other,Simplified regime,7.0,,3.0,1.0
1146,Account 0405,Orders,Shipped,21790.0,Rep A,2022-04-29,2022-05-11,0,Standard,AMBA Norte,Workshop,Final consumer,15.0,Upfront,4.0,1.0
1147,Account 0406,Orders,Shipped,22731.0,Rep C,2022-02-22,2022-03-17,3,Standard,Mendoza,Other,Final consumer,7.0,Upfront,9.0,3.0
1148,Account 0299,Orders,Shipped,22847.0,Rep A,2022-05-19,2022-05-27,0,Churned,BA Este,Other,Final consumer,22.0,Upfront,6.0,10.0
1149,Account 0278,Orders,Shipped,22160.0,Rep A,2022-06-13,2022-06-21,2,Potential,Santa Fe,Paint store,VAT registered,28.0,Upfront,11.0,11.0
1150,Account 0185,Orders,Shipped on credit,23017.0,Rep A,2022-08-24,2022-09-19,0,Key,CABA,Art supply store,VAT registered,22.0,30 days,15.0,39.0
1151,Account 0407,Orders,Shipped,21337.0,Rep A,2021-11-15,2021-12-29,0,Churned,BA Atlantico,Other,Simplified regime,7.0,,3.0,1.0
1152,Account 0408,Orders,Shipped,22949.0,Rep C,2022-01-27,2022-02-10,1,Standard,AMBA Norte,Paint store,VAT registered,7.0,Upfront,13.0,3.0
1153,Account 0283,Orders,Shipped,21199.0,Rep A,2022-04-21,2022-05-11,0,Standard,AMBA Norte,Art supply store,Simplified regime,15.0,Upfront,17.0,5.0
1154,Account 0294,Orders,Shipped,21319.0,Rep A,2022-08-03,2022-08-17,0,Low,Misiones,Workshop,Simplified regime,7.0,,4.0,2.0
1155,Account 0087,Orders,Shipped,22153.0,Rep A,2022-03-02,2022-03-15,0,Standard,AMBA Norte,Workshop,Simplified regime,22.0,Upfront,11.0,14.0
1156,Account 0409,Orders,Shipped,21114.0,Rep A,2022-12-05,2022-12-13,2,Standard,CABA,Other,Simplified regime,22.0,Upfront,17.0,53.0
1157,Account 0195,Orders,Shipped,21016.0,Rep B,2022-09-07,2022-09-19,2,Potential,BA Centro,Paint store,VAT registered,22.0,,15.0,12.0
1158,Account 0410,Orders,Shipped,20897.0,Rep A,2022-12-12,2022-12-15,0,Standard,BA Norte,Art supply store,Simplified regime,7.0,,6.0,5.0
1159,Account 0411,Orders,Shipped,21843.0,Rep A,2022-04-06,2022-05-05,0,Churned,Tucuman,Workshop,Final consumer,7.0,Upfront,2.0,1.0
1160,Account 0186,Orders,Shipped,22586.0,Rep A,2022-06-13,2022-07-04,0,Standard,Santiago del Estero,Workshop,Simplified regime,22.0,,13.0,8.0
1161,,Active customers,Won customer,20957.0,Rep C,2021-12-08,2022-10-31,0,,,,,,,,
1162,Account 0412,Orders,Shipped,22314.0,Rep A,2021-12-14,2022-01-10,0,Churned,AMBA Norte,Art supply store,Simplified regime,15.0,,3.0,1.0
1163,Account 0413,Orders,Shipped,22681.0,Rep B,2022-12-28,2023-01-04,0,Standard,BA Sur,Workshop,Simplified regime,15.0,Upfront,10.0,12.0
1164,Account 0397,Orders,Shipped,21240.0,Rep A,2022-03-08,2022-03-18,0,Standard,AMBA Sur,Art supply store,VAT registered,15.0,,13.0,6.0
1165,Account 0414,Orders,Shipped,21186.0,Rep A,2021-11-17,2022-02-15,0,Churned,CABA,Other,Simplified regime,15.0,,5.0,1.0
1166,,Active customers,Won customer,22752.0,Rep C,2021-08-29,2022-10-31,0,,,,,,,,
1167,,Active customers,Won customer,22670.0,Rep C,2022-03-15,2022-10-31,10,,,,,,,,
1168,Account 0415,Orders,Shipped,22006.0,Rep B,2022-11-04,2022-11-08,3,Standard,San Luis,Paint store,VAT registered,15.0,Upfront,7.0,9.0
1169,Account 0300,Orders,Shipped,22572.0,Rep A,2022-03-04,2022-03-17,0,Standard,BA Este,Workshop,Final consumer,15.0,Upfront,10.0,3.0
1170,Account 0195,Orders,Shipped,20972.0,Rep A,2022-02-18,2022-03-07,0,Potential,BA Centro,Paint store,VAT registered,22.0,,15.0,12.0
1171,Account 0416,Orders,Shipped,21629.0,Rep C,2022-01-28,2022-02-24,0,Standard,AMBA Norte,Paint store,VAT registered,15.0,Upfront,15.0,5.0
1172,Account 0319,Orders,Shipped,22356.0,Rep C,2022-04-22,2022-05-10,0,Standard,AMBA Sur,Other,Final consumer,22.0,Upfront,12.0,13.0
1173,Account 0265,Orders,Shipped,21299.0,Rep A,2022-10-05,2022-10-14,0,Potential,AMBA Norte,Workshop,Simplified regime,22.0,,10.0,8.0
1174,Account 0158,Orders,Shipped,22360.0,Rep A,2022-09-30,2022-10-14,0,Standard,Santa Fe,Art supply store,Simplified regime,22.0,Upfront,9.0,7.0
1175,Account 0388,Orders,Shipped,21804.0,Rep A,2022-02-17,2022-03-18,0,Standard,BA Centro,Art supply store,VAT registered,,,6.0,4.0
1176,Account 0417,Orders,Shipped,22327.0,Rep C,2022-01-28,2022-02-14,1,Churned,Santa Fe,Art supply store,Simplified regime,28.0,,6.0,2.0
1177,Account 0418,Orders,Shipped,21705.0,Rep A,2022-05-05,2022-05-11,0,Low,Santa Fe,Art supply store,Simplified regime,15.0,,10.0,2.0
1178,Account 0204,Orders,Shipped,21490.0,Rep A,2022-03-02,2022-03-18,0,Key,BA Norte,Art supply store,Simplified regime,28.0,Upfront,8.0,6.0
1179,Account 0118,Orders,Shipped,21110.0,Rep A,2022-01-11,2022-01-17,0,Potential,Cordoba,Art supply store,Simplified regime,22.0,,12.0,6.0
1180,Account 0388,Orders,Shipped,21080.0,Rep B,2022-09-15,2022-09-27,4,Standard,BA Centro,Art supply store,VAT registered,,,6.0,4.0
1181,Account 0306,Orders,Shipped,22222.0,Rep A,2021-12-16,2022-01-10,0,Key,La Pampa,Other,VAT registered,15.0,Upfront,12.0,12.0
1182,Account 0277,Orders,Shipped,20851.0,Rep A,2022-09-14,2022-10-03,1,Potential,CABA,Art supply store,VAT registered,28.0,Upfront,15.0,20.0
1183,Account 0410,Orders,Shipped,20778.0,Rep A,2021-12-14,2022-01-10,0,Standard,BA Norte,Art supply store,Simplified regime,7.0,,6.0,5.0
1184,Account 0419,Orders,Shipped,20969.0,Rep C,2022-04-06,2022-05-06,2,Standard,Santa Fe,Art supply store,Simplified regime,15.0,Upfront,6.0,7.0
1185,Account 0420,Orders,Shipped,20964.0,Rep C,2022-02-03,2022-03-10,1,Standard,AMBA Sur,Workshop,Simplified regime,15.0,,10.0,6.0
1186,Account 0239,Orders,Shipped,22364.0,Rep A,2022-11-15,2022-11-16,0,Standard,Chubut,Workshop,Simplified regime,22.0,,2.0,3.0
1187,Account 0299,Orders,Shipped,21432.0,Rep A,2022-02-24,2022-03-10,0,Churned,BA Este,Other,Final consumer,22.0,Upfront,6.0,10.0
1188,Account 0308,Orders,Shipped,22697.0,Rep A,2022-09-30,2022-10-14,0,Standard,La Rioja,Art supply store,Simplified regime,7.0,Upfront,6.0,3.0
1189,Account 0421,Orders,Shipped on credit,20847.0,Rep A,2021-12-10,2022-05-27,1,Maker,,Workshop,Simplified regime,,,1.0,1.0
1190,Account 0287,Orders,Shipped,21950.0,Rep A,2022-02-07,2022-03-10,0,Standard,BA Atlantico,Workshop,Final consumer,22.0,Upfront,5.0,8.0
1191,Account 0087,Orders,Shipped,21495.0,Rep A,2021-10-21,2021-11-01,0,Standard,AMBA Norte,Workshop,Simplified regime,22.0,Upfront,11.0,14.0
1192,Account 0346,Orders,Shipped,21369.0,Rep B,2022-09-26,2022-10-03,2,Standard,San Luis,Art supply store,Simplified regime,15.0,,6.0,9.0
1193,Account 0333,Orders,Shipped,22407.0,Rep A,2022-04-25,2022-05-10,0,Key,AMBA Sur,Workshop,Final consumer,15.0,Upfront,8.0,5.0
1194,Account 0422,Orders,Shipped,22602.0,Rep B,2022-12-15,2022-12-27,2,Standard,BA Este,Art supply store,Simplified regime,7.0,Upfront,8.0,6.0
1195,Account 0307,Orders,Shipped,22377.0,Rep C,2022-04-25,2022-07-04,3,Key,Rio Negro,Art supply store,Simplified regime,15.0,,11.0,5.0
1196,Account 0423,Orders,Shipped,20906.0,Rep A,2022-04-06,2022-05-05,0,Standard,Santa Fe,Workshop,Simplified regime,7.0,Upfront,8.0,2.0
1197,Account 0298,Orders,Shipped,20963.0,Rep A,2022-02-04,2022-02-10,0,Standard,BA Sur,Workshop,Final consumer,7.0,,4.0,2.0
1198,Account 0424,Orders,Shipped,21901.0,Rep A,2022-05-11,2022-05-13,0,Standard,Entre Rios,Paint store,VAT registered,7.0,,10.0,6.0
1199,Account 0333,Orders,Shipped,21075.0,Rep B,2022-10-28,2022-11-02,7,Key,AMBA Sur,Workshop,Final consumer,15.0,Upfront,8.0,5.0
1200,Account 0171,Orders,Shipped,21990.0,Rep A,2021-11-30,2022-01-12,0,Standard,Rio Negro,Art supply store,Final consumer,28.0,Upfront,8.0,7.0
1201,Account 0425,Orders,Shipped,21608.0,Rep A,2022-09-08,2022-10-03,0,Low,AMBA Norte,Art supply store,Simplified regime,7.0,Upfront,4.0,1.0
1202,Account 0319,Orders,Shipped,21541.0,Rep B,2023-04-10,2023-04-13,0,Standard,AMBA Sur,Other,Final consumer,22.0,Upfront,12.0,13.0
1203,Account 0096,Orders,Shipped,22131.0,Rep B,2022-09-13,2022-09-22,4,Potential,Misiones,Art supply store,Simplified regime,28.0,,15.0,3.0
1204,Account 0312,Orders,Shipped,21868.0,Rep C,2022-02-15,2022-03-14,2,Low,BA Atlantico,Art supply store,Simplified regime,28.0,Upfront,9.0,2.0
1205,Account 0087,Orders,Shipped,20378.0,Rep A,2021-11-16,2021-12-23,0,Standard,AMBA Norte,Workshop,Simplified regime,22.0,Upfront,11.0,14.0
1206,Account 0419,Orders,Shipped,20425.0,Rep A,2023-01-11,2023-01-23,1,Standard,Santa Fe,Art supply store,Simplified regime,15.0,Upfront,6.0,7.0
1207,Account 0277,Orders,Shipped,21580.0,Rep A,2021-10-22,2021-11-01,0,Potential,CABA,Art supply store,VAT registered,28.0,Upfront,15.0,20.0
1208,,Active customers,Won customer,21321.0,Rep C,2022-05-29,2022-10-31,7,,,,,,,,
1209,,Active customers,Won customer,20838.0,Rep C,2022-07-11,2022-09-02,6,,,,,,,,
1210,,Active customers,Won customer,21176.0,Rep C,2022-08-01,2022-09-02,3,,,,,,,,
1211,Account 0426,Orders,Shipped,21901.0,Rep A,2022-11-16,2022-12-05,4,Low,CABA,Art supply store,VAT registered,7.0,Upfront,15.0,6.0
1212,Account 0091,Orders,Shipped,22034.0,Rep A,2021-12-15,2021-12-20,0,Key,Corrientes,Paint store,VAT registered,28.0,,10.0,8.0
1213,Account 0138,Orders,Shipped,21444.0,Rep A,2022-01-31,2022-02-10,0,Key,Rio Negro,Art supply store,Simplified regime,22.0,Upfront,13.0,10.0
1214,Account 0423,Orders,Shipped,21069.0,Rep A,2022-08-03,2022-08-17,0,Standard,Santa Fe,Workshop,Simplified regime,7.0,Upfront,8.0,2.0
1215,Account 0378,Orders,Shipped,20824.0,Rep C,2022-06-16,2022-07-26,1,Low,Tucuman,Workshop,Final consumer,7.0,,16.0,2.0
1216,Account 0279,Orders,Shipped,21345.0,Rep B,2022-09-07,2022-09-22,4,Standard,AMBA Sur,Art supply store,Simplified regime,15.0,,10.0,8.0
1217,Account 0395,Orders,Shipped,20890.0,Rep A,2022-09-22,2022-10-03,0,Standard,Neuquen,Art supply store,Simplified regime,15.0,Upfront,9.0,6.0
1218,Account 0018,Orders,Shipped,21362.0,Rep A,2022-08-26,2022-09-19,0,Standard,Mendoza,Paint store,VAT registered,15.0,Upfront,6.0,3.0
1219,Account 0324,Orders,Shipped,21598.0,Rep B,2023-03-30,2023-03-31,1,Standard,BA Sur,Art supply store,Final consumer,,Upfront,2.0,10.0
1220,Account 0340,Orders,Shipped,20291.0,Rep A,2022-12-12,2022-12-21,2,Standard,CABA,Other,Simplified regime,15.0,Upfront,10.0,5.0
1221,Account 0151,Orders,Shipped,20148.0,Rep A,2022-03-16,2022-04-22,0,Standard,Rio Negro,Workshop,Final consumer,7.0,Upfront,7.0,5.0
1222,Account 0301,Orders,Shipped,20584.0,Rep A,2022-06-01,2022-06-15,0,Standard,AMBA Sur,Art supply store,Simplified regime,15.0,,11.0,4.0
1223,Account 0302,Orders,Shipped,22012.0,Rep A,2022-04-11,2022-05-09,0,Standard,AMBA Norte,Art supply store,VAT registered,15.0,Upfront,16.0,10.0
1224,Account 0024,Orders,Shipped,21466.0,Rep A,2022-04-28,2022-05-10,0,Strategic,CABA,Paint store,VAT registered,28.0,Upfront,13.0,33.0
1225,Account 0228,Orders,Shipped,20453.0,Rep A,2022-02-10,2022-03-10,0,Key,AMBA Norte,Other,Simplified regime,22.0,Upfront,11.0,8.0
1226,Account 0427,Orders,Shipped,21966.0,Rep A,2022-11-16,2022-11-22,0,Low,AMBA Sur,Workshop,Final consumer,15.0,Upfront,2.0,6.0
1227,Account 0234,Orders,Shipped,20993.0,Rep A,2022-08-16,2022-08-25,0,Standard,BA Este,Art supply store,Simplified regime,22.0,Upfront,8.0,11.0
1228,Account 0428,Orders,Shipped,20997.0,Rep A,2022-04-12,2022-05-06,0,Low,AMBA Norte,Workshop,Final consumer,7.0,Upfront,5.0,2.0
1229,Account 0418,Orders,Shipped,21961.0,Rep A,2023-01-17,2023-02-09,9,Low,Santa Fe,Art supply store,Simplified regime,15.0,,10.0,2.0
1230,Account 0195,Orders,Shipped,20099.0,Rep A,2022-03-31,2022-05-04,0,Potential,BA Centro,Paint store,VAT registered,22.0,,15.0,12.0
1231,Account 0429,Orders,Shipped,20398.0,Rep A,2022-03-11,2022-03-18,0,Standard,Rio Negro,Other,VAT registered,7.0,Upfront,3.0,1.0
1232,Account 0232,Orders,Shipped,21170.0,Rep A,2022-09-29,2022-10-17,4,Potential,CABA,Art supply store,VAT registered,22.0,,15.0,4.0
1233,Account 0264,Orders,Shipped,20350.0,Rep B,2022-09-30,2022-11-07,0,Standard,AMBA Sur,Art supply store,VAT registered,28.0,Upfront,12.0,4.0
1234,Account 0330,Orders,Shipped,21364.0,Rep A,2022-04-12,2022-05-06,0,Standard,AMBA Norte,Art supply store,VAT registered,7.0,,5.0,7.0
1235,Account 0430,Orders,Shipped,20382.0,Rep C,2022-02-08,2022-03-07,0,Standard,Catamarca,Art supply store,Simplified regime,15.0,Upfront,9.0,5.0
1236,Account 0397,Orders,Shipped,20135.0,Rep A,2022-05-16,2022-06-15,0,Standard,AMBA Sur,Art supply store,VAT registered,15.0,,13.0,6.0
1237,Account 0341,Orders,Shipped,20345.0,Rep A,2021-11-23,2022-02-18,0,Standard,Corrientes,Workshop,Simplified regime,7.0,,9.0,3.0
1238,Account 0143,Orders,Shipped,20770.0,Rep A,2023-03-29,2023-04-13,1,Potential,BA Este,Paint store,VAT registered,15.0,,5.0,2.0
1239,Account 0431,Orders,Shipped,20177.0,Rep A,2022-12-16,2023-01-02,0,Standard,AMBA Norte,Workshop,Final consumer,22.0,Upfront,10.0,7.0
1240,Account 0432,Orders,Shipped,20081.0,Rep A,2022-01-24,2022-02-03,0,Standard,Entre Rios,Workshop,VAT registered,0.0,,9.0,2.0
1241,Account 0231,Orders,Shipped,21578.0,Rep A,2022-08-30,2022-09-06,0,Standard,Jujuy,Art supply store,Simplified regime,22.0,Upfront,10.0,11.0
1242,Account 0408,Orders,Shipped,20444.0,Rep A,2022-08-29,2022-10-28,13,Standard,AMBA Norte,Paint store,VAT registered,7.0,Upfront,13.0,3.0
1243,Account 0158,Orders,Shipped,20496.0,Rep C,2022-04-25,2022-05-10,1,Standard,Santa Fe,Art supply store,Simplified regime,22.0,Upfront,9.0,7.0
1244,Account 0354,Orders,Shipped,19835.0,Rep A,2022-12-27,2023-01-05,1,Standard,AMBA Norte,Workshop,Final consumer,15.0,,13.0,6.0
1245,Account 0190,Orders,Shipped,20453.0,Rep A,2021-12-28,2022-01-12,0,Standard,AMBA Sur,Art supply store,Simplified regime,28.0,Upfront,14.0,5.0
1246,Account 0415,Orders,Shipped,20258.0,Rep A,2023-01-24,2023-01-27,0,Standard,San Luis,Paint store,VAT registered,15.0,Upfront,7.0,9.0
1247,Account 0395,Orders,Shipped,20912.0,Rep B,2022-11-11,2022-11-16,8,Standard,Neuquen,Art supply store,Simplified regime,15.0,Upfront,9.0,6.0
1248,Account 0292,Orders,Shipped,20013.0,Rep A,2022-09-30,2022-11-16,0,Standard,AMBA Norte,Workshop,Simplified regime,7.0,30 days,12.0,9.0
1249,,Active customers,Won customer,21419.0,Rep C,2022-02-12,2022-10-31,3,,,,,,,,
1250,Account 0339,Orders,Shipped,21474.0,Rep A,2022-03-30,2022-05-04,0,Low,AMBA Sur,Other,VAT registered,15.0,,9.0,3.0
1251,Account 0424,Orders,Shipped,19743.0,Rep B,2022-09-05,2022-09-19,1,Standard,Entre Rios,Paint store,VAT registered,7.0,,10.0,6.0
1252,Account 0319,Orders,Shipped,19753.0,Rep B,2023-01-20,2023-01-24,0,Standard,AMBA Sur,Other,Final consumer,22.0,Upfront,12.0,13.0
1253,Account 0238,Orders,Shipped,19762.0,Rep A,2021-11-16,2022-02-15,0,Standard,Santa Fe,Art supply store,Final consumer,15.0,,11.0,8.0
1254,Account 0330,Orders,Shipped,20742.0,Rep C,2022-06-02,2022-06-15,1,Standard,AMBA Norte,Art supply store,VAT registered,7.0,,5.0,7.0
1255,Account 0267,Orders,Shipped on credit,19672.0,Rep A,2022-02-04,2022-04-22,2,Key,CABA,Art supply store,VAT registered,22.0,30 days,13.0,10.0
1256,Account 0433,Orders,Shipped,21153.0,Rep A,2021-10-29,2021-12-29,0,Churned,La Pampa,Paint store,,,,3.0,1.0
1257,Account 0306,Orders,Shipped,20941.0,Rep A,2022-09-05,2022-09-19,1,Key,La Pampa,Other,VAT registered,15.0,Upfront,12.0,12.0
1258,Account 0185,Orders,Shipped,21004.0,Rep A,2021-11-29,2021-12-29,0,Key,CABA,Art supply store,VAT registered,22.0,30 days,15.0,39.0
1259,Account 0024,Orders,Shipped,20389.0,Rep A,2021-12-23,2022-01-12,0,Strategic,CABA,Paint store,VAT registered,28.0,Upfront,13.0,33.0
1260,Account 0299,Orders,Shipped,21332.0,Rep A,2021-11-17,2022-02-15,0,Churned,BA Este,Other,Final consumer,22.0,Upfront,6.0,10.0
1261,Account 0188,Orders,Shipped,19386.0,Rep C,2022-02-03,2022-02-18,1,Standard,Corrientes,Art supply store,VAT registered,,,5.0,6.0
1262,Account 0267,Orders,Shipped on credit,20100.0,Rep A,2022-04-26,2022-08-09,1,Key,CABA,Art supply store,VAT registered,22.0,30 days,13.0,10.0
1263,Account 0231,Orders,Shipped,19938.0,Rep A,2022-05-27,2022-06-15,0,Standard,Jujuy,Art supply store,Simplified regime,22.0,Upfront,10.0,11.0
1264,Account 0306,Orders,Shipped,21155.0,Rep A,2022-03-11,2022-03-18,0,Key,La Pampa,Other,VAT registered,15.0,Upfront,12.0,12.0
1265,Account 0305,Orders,Shipped,20382.0,Rep A,2022-04-08,2022-05-05,2,Standard,Misiones,Art supply store,VAT registered,28.0,Upfront,9.0,6.0
1266,Account 0185,Orders,Shipped on credit,20811.0,Rep A,2022-05-09,2022-06-15,1,Key,CABA,Art supply store,VAT registered,22.0,30 days,15.0,39.0
1267,Account 0410,Orders,Shipped,19504.0,Rep B,2022-09-05,2022-09-19,4,Standard,BA Norte,Art supply store,Simplified regime,7.0,,6.0,5.0
1268,Account 0286,Orders,Shipped,21104.0,Rep A,2022-09-29,2022-10-13,0,Low,Santa Fe,Art supply store,VAT registered,15.0,,7.0,2.0
1269,Account 0243,Orders,Shipped,20129.0,Rep A,2022-02-02,2022-02-10,0,Key,AMBA Norte,Workshop,Simplified regime,22.0,Upfront,16.0,8.0
1270,Account 0396,Orders,Shipped,20097.0,Rep A,2022-02-09,2022-02-11,0,Churned,AMBA Norte,Workshop,Final consumer,15.0,,9.0,3.0
1271,Account 0185,Orders,Shipped on credit,21014.0,Rep A,2021-12-30,2022-02-22,0,Key,CABA,Art supply store,VAT registered,22.0,30 days,15.0,39.0
1272,Account 0277,Orders,Shipped,19813.0,Rep A,2022-02-21,2022-03-07,0,Potential,CABA,Art supply store,VAT registered,28.0,Upfront,15.0,20.0
1273,Account 0261,Orders,Shipped on credit,19844.0,Rep A,2022-12-27,2023-02-24,3,Standard,Entre Rios,Art supply store,VAT registered,22.0,Open account,16.0,8.0
1274,Account 0434,Orders,Shipped,20213.0,Rep A,2022-03-02,2022-03-08,0,Standard,Santa Fe,Workshop,Simplified regime,15.0,Upfront,10.0,11.0
1275,Account 0231,Orders,Shipped,19284.0,Rep A,2022-10-31,2022-11-02,1,Standard,Jujuy,Art supply store,Simplified regime,22.0,Upfront,10.0,11.0
1276,Account 0435,Orders,Shipped,19630.0,Rep A,2021-11-17,2022-02-15,0,Standard,Cordoba,Workshop,VAT registered,,Upfront,12.0,4.0
1277,Account 0323,Orders,Shipped,19369.0,Rep A,2022-06-28,2022-08-23,0,Standard,CABA,Art supply store,Simplified regime,28.0,Upfront,13.0,7.0
1278,Account 0419,Orders,Shipped,19185.0,Rep A,2022-09-05,2022-09-23,0,Standard,Santa Fe,Art supply store,Simplified regime,15.0,Upfront,6.0,7.0
1279,Account 0082,Orders,Shipped,20693.0,Rep A,2021-11-11,2022-01-12,0,Potential,AMBA Sur,Art supply store,VAT registered,22.0,Upfront,16.0,6.0
1280,Account 0328,Orders,Shipped,20098.0,Rep B,2022-10-28,2022-11-01,3,Low,Chubut,Workshop,VAT registered,7.0,,7.0,4.0
1281,Account 0436,Orders,Shipped,19635.0,Rep B,2022-11-24,2022-11-29,2,Low,AMBA Sur,Other,Simplified regime,15.0,,6.0,2.0
1282,Account 0437,Orders,Shipped,19728.0,Rep A,2022-06-06,2022-06-15,0,Low,Rio Negro,Art supply store,Simplified regime,7.0,,2.0,1.0
1283,Account 0227,Orders,Shipped,19766.0,Rep A,2022-07-11,2022-08-08,0,Potential,BA Sur,Paint store,VAT registered,15.0,,4.0,3.0
1284,Account 0255,Orders,Shipped,20167.0,Rep A,2022-11-16,2022-11-24,0,Low,BA Norte,Art supply store,Simplified regime,15.0,,2.0,3.0
1285,Account 0302,Orders,Shipped,20751.0,Rep A,2021-11-17,2022-02-15,0,Standard,AMBA Norte,Art supply store,VAT registered,15.0,Upfront,16.0,10.0
1286,Account 0419,Orders,Shipped,20759.0,Rep A,2022-01-03,2022-01-12,0,Standard,Santa Fe,Art supply store,Simplified regime,15.0,Upfront,6.0,7.0
1287,Account 0094,Orders,Shipped,19682.0,Rep A,2022-08-19,2022-09-02,3,Standard,CABA,Paint store,VAT registered,22.0,Upfront,10.0,6.0
1288,Account 0234,Orders,Shipped,19557.0,Rep A,2022-03-11,2022-03-18,0,Standard,BA Este,Art supply store,Simplified regime,22.0,Upfront,8.0,11.0
1289,Account 0016,Orders,Shipped,19782.0,Rep A,2022-07-01,2022-07-27,2,Potential,AMBA Sur,Paint store,VAT registered,15.0,Upfront,11.0,5.0
1290,Account 0029,Orders,Shipped on credit,19942.0,Rep A,2021-11-18,2022-01-21,0,Strategic,CABA,Art supply store,VAT registered,28.0,Open account,16.0,18.0
1291,Account 0438,Orders,Shipped,19695.0,Rep B,2023-01-10,2023-02-08,4,Low,BA Norte,Art supply store,Simplified regime,,,5.0,4.0
1292,Account 0216,Orders,Shipped,20074.0,Rep B,2022-12-21,2022-12-27,4,Potential,Entre Rios,Workshop,Simplified regime,15.0,Upfront,13.0,9.0
1293,Account 0439,Orders,Shipped,19855.0,Rep A,2022-03-11,2022-04-22,0,Standard,AMBA Norte,Paint store,VAT registered,15.0,Upfront,7.0,3.0
1294,Account 0368,Orders,Shipped,19389.0,Rep A,2022-01-17,2022-02-01,0,Standard,AMBA Norte,Paint store,VAT registered,15.0,Upfront,6.0,9.0
1295,Account 0214,Orders,Shipped,19425.0,Rep A,2021-10-21,2021-10-28,0,Key,Santa Fe,Art supply store,VAT registered,22.0,,14.0,8.0
1296,Account 0302,Orders,Shipped,19484.0,Rep C,2022-05-09,2022-07-04,4,Standard,AMBA Norte,Art supply store,VAT registered,15.0,Upfront,16.0,10.0
1297,Account 0382,Orders,Shipped,18869.0,Rep A,2022-04-25,2022-05-10,0,Standard,AMBA Norte,Other,VAT registered,15.0,,12.0,5.0
1298,Account 0132,Orders,Shipped,19001.0,Rep C,2022-02-01,2022-03-09,2,Potential,Tucuman,Art supply store,Final consumer,28.0,,30.0,9.0
1299,Account 0440,Orders,Shipped,20085.0,Rep A,2022-11-11,2022-11-22,0,Low,AMBA Sur,Art supply store,Simplified regime,15.0,,6.0,7.0
1300,Account 0071,Orders,Shipped,19396.0,Rep A,2021-12-29,2022-01-12,0,Potential,CABA,Art supply store,Simplified regime,22.0,30 days,20.0,14.0
1301,Account 0267,Orders,Shipped on credit,19048.0,Rep A,2022-03-28,2022-05-13,1,Key,CABA,Art supply store,VAT registered,22.0,30 days,13.0,10.0
1302,Account 0349,Orders,Shipped,19717.0,Rep C,2022-06-28,2022-07-11,3,Low,AMBA Norte,Workshop,VAT registered,7.0,Upfront,5.0,7.0
1303,Account 0441,Orders,Shipped,20081.0,Rep A,2022-04-21,2022-05-10,0,Standard,CABA,Other,VAT registered,15.0,Upfront,3.0,3.0
1304,Account 0311,Orders,Shipped,19104.0,Rep A,2022-02-16,2022-03-10,0,Churned,AMBA Sur,Art supply store,Simplified regime,7.0,Upfront,7.0,6.0
1305,Account 0216,Orders,Shipped,20210.0,Rep B,2023-02-28,2023-03-07,1,Potential,Entre Rios,Workshop,Simplified regime,15.0,Upfront,13.0,9.0
1306,Account 0442,Orders,Shipped,20361.0,Rep A,2022-04-12,2022-05-11,0,Low,AMBA Sur,Art supply store,Final consumer,7.0,Upfront,5.0,2.0
1307,,Active customers,Won customer,19710.0,Rep C,2022-05-18,2022-10-31,4,,,,,,,,
1308,Account 0246,Orders,Shipped,19839.0,Rep A,2022-08-23,2022-09-02,1,Low,Cordoba,Paint store,Simplified regime,15.0,,8.0,3.0
1309,Account 0350,Orders,Shipped,18617.0,Rep A,2022-10-05,2022-10-17,0,Standard,BA Este,Art supply store,VAT registered,7.0,Upfront,2.0,2.0
1310,Account 0443,Orders,Shipped,20350.0,Rep A,2022-11-24,2022-11-29,0,Standard,BA Norte,Paint store,Simplified regime,15.0,Upfront,4.0,9.0
1311,Account 0024,Orders,Shipped,19270.0,Rep A,2022-12-20,2022-12-21,0,Strategic,CABA,Paint store,VAT registered,28.0,Upfront,13.0,33.0
1312,Account 0390,Orders,Shipped,20286.0,Rep A,2022-03-31,2022-05-06,0,Standard,AMBA Norte,Art supply store,VAT registered,15.0,,8.0,7.0
1313,Account 0090,Orders,Shipped,19560.0,Rep B,2022-09-08,2022-09-19,0,Standard,BA Sur,Workshop,Final consumer,15.0,Upfront,7.0,6.0
1314,Account 0083,Orders,Shipped,18412.0,Rep A,2021-10-29,2021-12-27,0,Key,AMBA Norte,Art supply store,Simplified regime,7.0,Upfront,9.0,7.0
1315,Account 0041,Orders,Shipped,18468.0,Rep A,2021-10-25,2021-10-25,0,Key,Cordoba,Art supply store,Simplified regime,22.0,30 days,10.0,11.0
1316,Account 0444,Orders,Shipped,19698.0,Rep A,2022-02-14,2022-03-18,0,Churned,Misiones,Workshop,Final consumer,7.0,Upfront,4.0,1.0
1317,Account 0445,Orders,Shipped,19389.0,Rep A,2023-04-13,2023-04-18,0,Standard,AMBA Norte,Art supply store,VAT registered,15.0,Upfront,14.0,20.0
1318,Account 0321,Orders,Shipped,18320.0,Rep A,2021-11-18,2022-01-11,0,Churned,Tucuman,Other,Final consumer,28.0,,16.0,5.0
1319,Account 0446,Orders,Shipped,19687.0,Rep A,2022-02-22,2022-03-14,0,Standard,Rio Negro,Art supply store,Simplified regime,7.0,Upfront,4.0,1.0
1320,Account 0083,Orders,Shipped,19885.0,Rep C,2022-01-31,2022-02-14,1,Key,AMBA Norte,Art supply store,Simplified regime,7.0,Upfront,9.0,7.0
1321,Account 0122,Orders,Shipped,19158.0,Rep C,2022-01-25,2022-02-03,0,Standard,AMBA Norte,Art supply store,VAT registered,22.0,Upfront,17.0,10.0
1322,Account 0447,Orders,Shipped,19094.0,Rep A,2022-05-13,2022-05-26,0,Low,CABA,Workshop,Final consumer,7.0,,6.0,2.0
1323,Account 0448,Orders,Shipped,18209.0,Rep A,2021-10-28,2021-11-03,0,Low,AMBA Sur,Workshop,Simplified regime,7.0,,8.0,1.0
1324,Account 0449,Orders,Shipped on credit,19689.0,Rep A,2022-12-06,2023-01-04,2,Low,AMBA Norte,Workshop,Simplified regime,7.0,Upfront,9.0,13.0
1325,Account 0450,Orders,Shipped,18795.0,Rep A,2022-04-18,2022-05-11,0,Low,Tucuman,Workshop,Final consumer,15.0,,7.0,2.0
1326,Account 0082,Orders,Shipped on credit,19836.0,Rep A,2021-11-17,2022-05-02,0,Potential,AMBA Sur,Art supply store,VAT registered,22.0,Upfront,16.0,6.0
1327,Account 0240,Orders,Shipped,18807.0,Rep A,2022-09-15,2022-09-27,0,Key,Misiones,Paint store,Simplified regime,28.0,Upfront,12.0,6.0
1328,Account 0255,Orders,Shipped,19156.0,Rep C,2023-02-06,2023-02-08,0,Low,BA Norte,Art supply store,Simplified regime,15.0,,2.0,3.0
1329,Account 0192,Orders,Shipped on credit,18582.0,Rep A,2021-10-22,2021-12-10,1,Key,Santa Fe,Workshop,Simplified regime,22.0,30 days,14.0,12.0
1330,Account 0146,Orders,Shipped,18361.0,Rep A,2022-12-06,2022-12-15,4,Standard,AMBA Norte,Art supply store,VAT registered,15.0,Upfront,10.0,5.0
1331,Account 0122,Orders,Shipped,19526.0,Rep A,2022-07-06,2022-07-27,2,Standard,AMBA Norte,Art supply store,VAT registered,22.0,Upfront,17.0,10.0
1332,Account 0233,Orders,Shipped,18990.0,Rep A,2022-10-26,2022-11-01,0,Low,Santa Cruz,Other,VAT registered,15.0,,2.0,2.0
1333,Account 0089,Orders,Shipped,19037.0,Rep A,2021-11-12,2021-12-29,0,Potential,Santa Cruz,Paint store,VAT registered,15.0,,12.0,3.0
1334,Account 0050,Orders,Shipped,19811.0,Rep A,2022-01-04,2022-01-12,0,Potential,AMBA Sur,Paint store,VAT registered,22.0,Upfront,15.0,7.0
1335,Account 0368,Orders,Shipped,19779.0,Rep A,2022-07-22,2022-08-08,0,Standard,AMBA Norte,Paint store,VAT registered,15.0,Upfront,6.0,9.0
1336,Account 0306,Orders,Shipped,19539.0,Rep A,2022-02-17,2022-03-07,0,Key,La Pampa,Other,VAT registered,15.0,Upfront,12.0,12.0
1337,Account 0161,Orders,Shipped,18278.0,Rep A,2023-02-06,2023-02-09,3,Standard,Santa Fe,Workshop,Final consumer,15.0,Upfront,11.0,6.0
1338,Account 0202,Orders,Shipped,19039.0,Rep B,2023-01-18,2023-01-20,0,Standard,BA Norte,Workshop,Simplified regime,28.0,,7.0,10.0
1339,Account 0451,Orders,Shipped,19534.0,Rep A,2022-11-04,2022-11-10,0,Standard,AMBA Norte,Art supply store,Simplified regime,15.0,Upfront,11.0,7.0
1340,Account 0452,Orders,Shipped,18584.0,Rep B,2023-03-14,2023-03-17,1,Standard,Corrientes,Workshop,Simplified regime,15.0,,4.0,7.0
1341,Account 0272,Orders,Shipped,18060.0,Rep B,2022-09-12,2022-09-23,1,Standard,BA Atlantico,Art supply store,Simplified regime,7.0,Upfront,6.0,4.0
1342,Account 0453,Orders,Shipped,19357.0,Rep A,2022-11-16,2022-11-22,0,Low,AMBA Sur,Art supply store,VAT registered,15.0,,3.0,5.0
1343,Account 0238,Orders,Shipped,18734.0,Rep A,2022-03-31,2022-05-02,0,Standard,Santa Fe,Art supply store,Final consumer,15.0,,11.0,8.0
1344,Account 0454,Orders,Shipped,18877.0,Rep B,2022-10-19,2022-10-28,1,Low,AMBA Sur,Other,VAT registered,15.0,Upfront,4.0,2.0
1345,Account 0455,Orders,Shipped,19649.0,Rep C,2022-01-28,2022-03-10,1,Churned,Entre Rios,Other,Simplified regime,7.0,Upfront,6.0,2.0
1346,Account 0190,Orders,Shipped,18940.0,Rep A,2022-06-24,2022-07-22,5,Standard,AMBA Sur,Art supply store,Simplified regime,28.0,Upfront,14.0,5.0
1347,Account 0197,Orders,Shipped,18598.0,Rep C,2022-02-01,2022-02-10,1,Potential,Mendoza,Paint store,VAT registered,28.0,,14.0,4.0
1348,Account 0192,Orders,Shipped on credit,18491.0,Rep A,2022-11-22,2022-12-29,1,Key,Santa Fe,Workshop,Simplified regime,22.0,30 days,14.0,12.0
1349,Account 0087,Orders,Shipped,18573.0,Rep A,2021-12-20,2022-01-11,0,Standard,AMBA Norte,Workshop,Simplified regime,22.0,Upfront,11.0,14.0
1350,Account 0456,Orders,Shipped,18012.0,Rep A,2022-06-23,2022-07-07,0,Low,San Juan,Other,Simplified regime,7.0,Upfront,4.0,2.0
1351,Account 0054,Orders,Shipped,19256.0,Rep A,2022-12-27,2023-01-05,1,Key,AMBA Norte,Distributor,VAT registered,22.0,Upfront,10.0,7.0
1352,Account 0292,Orders,Shipped on credit,19305.0,Rep A,2021-11-17,2022-03-31,0,Standard,AMBA Norte,Workshop,Simplified regime,7.0,30 days,12.0,9.0
1353,Account 0132,Orders,Shipped,18261.0,Rep A,2021-11-17,2022-02-15,0,Potential,Tucuman,Art supply store,Final consumer,28.0,,30.0,9.0
1354,Account 0277,Orders,Shipped,18290.0,Rep A,2022-10-25,2022-11-01,0,Potential,CABA,Art supply store,VAT registered,28.0,Upfront,15.0,20.0
1355,Account 0342,Orders,Shipped,19343.0,Rep A,2022-03-31,2022-05-11,3,Standard,Cordoba,Art supply store,Simplified regime,15.0,Upfront,12.0,5.0
1356,Account 0278,Orders,Shipped,17756.0,Rep C,2022-03-11,2022-03-18,0,Potential,Santa Fe,Paint store,VAT registered,28.0,Upfront,11.0,11.0
1357,Account 0278,Orders,Shipped,18680.0,Rep A,2022-10-13,2022-10-24,4,Potential,Santa Fe,Paint store,VAT registered,28.0,Upfront,11.0,11.0
1358,Account 0382,Orders,Shipped,18562.0,Rep A,2022-07-13,2022-07-26,0,Standard,AMBA Norte,Other,VAT registered,15.0,,12.0,5.0
1359,Account 0349,Orders,Shipped,18975.0,Rep A,2021-11-12,2022-01-12,0,Low,AMBA Norte,Workshop,VAT registered,7.0,Upfront,5.0,7.0
1360,Account 0280,Orders,Shipped,17991.0,Rep A,2021-11-17,2022-02-15,0,Standard,AMBA Norte,Art supply store,VAT registered,15.0,Upfront,11.0,3.0
1361,Account 0409,Orders,Shipped,18912.0,Rep C,2022-06-22,2022-07-18,1,Standard,CABA,Other,Simplified regime,22.0,Upfront,17.0,53.0
1362,Account 0457,Orders,Shipped on credit,18365.0,Rep B,2022-09-29,2022-10-04,4,Low,San Luis,Workshop,Final consumer,7.0,,6.0,3.0
1363,Account 0409,Orders,Shipped,18814.0,Rep A,2023-03-08,2023-03-09,0,Standard,CABA,Other,Simplified regime,22.0,Upfront,17.0,53.0
1364,Account 0107,Orders,Shipped,17732.0,Rep A,2021-12-06,2022-01-10,0,Standard,AMBA Norte,Paint store,Simplified regime,15.0,Upfront,12.0,5.0
1365,Account 0358,Orders,Shipped,18500.0,Rep C,2023-03-15,2023-03-17,0,Low,La Pampa,Other,Simplified regime,0.0,,3.0,2.0
1366,Account 0195,Orders,Shipped,18607.0,Rep A,2021-11-17,2022-02-15,0,Potential,BA Centro,Paint store,VAT registered,22.0,,15.0,12.0
1367,Account 0202,Orders,Shipped,18023.0,Rep A,2022-11-15,2022-11-22,0,Standard,BA Norte,Workshop,Simplified regime,28.0,,7.0,10.0
1368,Account 0349,Orders,Shipped,17875.0,Rep A,2022-09-14,2022-09-27,2,Low,AMBA Norte,Workshop,VAT registered,7.0,Upfront,5.0,7.0
1369,Account 0389,Orders,Shipped,17918.0,Rep A,2022-04-04,2022-05-04,0,Standard,AMBA Sur,Art supply store,VAT registered,15.0,Upfront,12.0,12.0
1370,Account 0134,Orders,Shipped,18204.0,Rep A,2022-05-13,2022-06-21,2,Churned,CABA,Art supply store,VAT registered,7.0,,11.0,3.0
1371,Account 0154,Orders,Shipped,17744.0,Rep C,2023-01-16,2023-01-17,0,Standard,BA Este,Other,VAT registered,22.0,,4.0,3.0
1372,Account 0222,Orders,Shipped on credit,19273.0,Rep C,2023-03-27,2023-04-05,1,Standard,BA Norte,Other,Final consumer,7.0,,5.0,2.0
1373,Account 0306,Orders,Shipped,18270.0,Rep A,2023-03-31,2023-04-04,3,Key,La Pampa,Other,VAT registered,15.0,Upfront,12.0,12.0
1374,Account 0202,Orders,Shipped,19009.0,Rep A,2021-11-15,2021-12-29,0,Standard,BA Norte,Workshop,Simplified regime,28.0,,7.0,10.0
1375,Account 0180,Orders,Shipped,19286.0,Rep A,2021-12-28,2022-01-21,0,Potential,AMBA Norte,Workshop,Final consumer,22.0,30 days,16.0,14.0
1376,Account 0186,Orders,Shipped,17571.0,Rep A,2022-12-22,2023-02-10,0,Standard,Santiago del Estero,Workshop,Simplified regime,22.0,,13.0,8.0
1377,Account 0306,Orders,Shipped,18606.0,Rep B,2023-02-13,2023-02-15,2,Key,La Pampa,Other,VAT registered,15.0,Upfront,12.0,12.0
1378,Account 0299,Orders,Shipped,18992.0,Rep A,2022-09-13,2022-09-23,0,Churned,BA Este,Other,Final consumer,22.0,Upfront,6.0,10.0
1379,Account 0278,Orders,Shipped,18548.0,Rep A,2022-04-21,2022-05-09,0,Potential,Santa Fe,Paint store,VAT registered,28.0,Upfront,11.0,11.0
1380,,Active customers,Won customer,18170.0,Rep C,2021-02-11,2022-09-09,17,,,,,,,,
1381,,Active customers,Won customer,18174.0,Rep C,2021-10-16,2022-10-31,0,,,,,,,,
1382,,Active customers,Won customer,17451.0,Rep C,2022-03-07,2022-10-31,10,,,,,,,,
1383,,Active customers,Won customer,18363.0,Rep C,2022-03-17,2022-10-31,10,,,,,,,,
1384,,Active customers,Won customer,19203.0,Rep C,2022-04-11,2022-10-31,2,,,,,,,,
1385,,Active customers,Won customer,19139.0,Rep C,2022-04-12,2022-10-31,9,,,,,,,,
1386,,Active customers,Won customer,17459.0,Rep C,2022-04-18,2022-10-31,12,,,,,,,,
1387,Account 0356,Orders,Shipped,18648.0,Rep A,2022-11-24,2022-12-06,3,Standard,Santa Cruz,Workshop,Simplified regime,7.0,Upfront,9.0,8.0
1388,Account 0029,Orders,Shipped on credit,17888.0,Rep A,2022-03-07,2022-05-11,1,Strategic,CABA,Art supply store,VAT registered,28.0,Open account,16.0,18.0
1389,Account 0185,Orders,Shipped on credit,18977.0,Rep A,2022-03-25,2022-05-02,0,Key,CABA,Art supply store,VAT registered,22.0,30 days,15.0,39.0
1390,Account 0184,Orders,Shipped,17405.0,Rep A,2022-04-01,2022-05-02,0,Churned,AMBA Norte,Paint store,VAT registered,7.0,,10.0,2.0
1391,Account 0265,Orders,Shipped,19024.0,Rep A,2022-11-02,2022-11-04,4,Potential,AMBA Norte,Workshop,Simplified regime,22.0,,10.0,8.0
1392,Account 0138,Orders,Shipped,18836.0,Rep A,2021-11-23,2021-12-07,0,Key,Rio Negro,Art supply store,Simplified regime,22.0,Upfront,13.0,10.0
1393,Account 0424,Orders,Shipped,17500.0,Rep A,2022-07-06,2022-07-27,1,Standard,Entre Rios,Paint store,VAT registered,7.0,,10.0,6.0
1394,Account 0240,Orders,Shipped,17388.0,Rep A,2021-12-07,2022-01-11,0,Key,Misiones,Paint store,Simplified regime,28.0,Upfront,12.0,6.0
1395,Account 0019,Orders,Shipped on credit,18769.0,Rep B,2022-11-04,2022-12-20,3,Potential,BA Norte,Art supply store,VAT registered,28.0,,9.0,3.0
1396,Account 0231,Orders,Shipped,17505.0,Rep A,2022-06-29,2022-07-18,3,Standard,Jujuy,Art supply store,Simplified regime,22.0,Upfront,10.0,11.0
1397,Account 0327,Orders,Shipped,18188.0,Rep B,2023-03-13,2023-03-15,2,Low,Corrientes,Art supply store,Simplified regime,7.0,,4.0,4.0
1398,Account 0458,Orders,Shipped,18870.0,Rep A,2022-12-27,2023-01-02,0,Low,CABA,Art supply store,Simplified regime,7.0,Upfront,10.0,5.0
1399,Account 0216,Orders,Shipped,18181.0,Rep B,2022-09-30,2022-10-13,0,Potential,Entre Rios,Workshop,Simplified regime,15.0,Upfront,13.0,9.0
1400,Account 0185,Orders,Shipped on credit,17845.0,Rep A,2022-08-02,2022-08-17,0,Key,CABA,Art supply store,VAT registered,22.0,30 days,15.0,39.0
1401,Account 0086,Orders,Shipped on credit,17883.0,Rep A,2023-03-07,2023-04-10,1,Standard,CABA,Workshop,Simplified regime,22.0,Open account,21.0,12.0
1402,Account 0072,Orders,Shipped,17169.0,Rep B,2023-03-16,2023-03-27,1,Potential,San Luis,Art supply store,Simplified regime,22.0,,4.0,3.0
1403,Account 0185,Orders,Shipped on credit,18755.0,Rep A,2023-01-23,2023-02-24,1,Key,CABA,Art supply store,VAT registered,22.0,30 days,15.0,39.0
1404,Account 0258,Orders,Shipped on credit,17575.0,Rep A,2022-05-04,2022-05-24,1,Potential,AMBA Sur,Art supply store,VAT registered,22.0,,10.0,5.0
1405,Account 0328,Orders,Shipped,17354.0,Rep B,2023-03-22,2023-03-29,1,Low,Chubut,Workshop,VAT registered,7.0,,7.0,4.0
1406,Account 0430,Orders,Shipped,17507.0,Rep A,2021-11-12,2021-12-29,0,Standard,Catamarca,Art supply store,Simplified regime,15.0,Upfront,9.0,5.0
1407,Account 0192,Orders,Shipped on credit,18707.0,Rep A,2022-10-17,2022-11-08,6,Key,Santa Fe,Workshop,Simplified regime,22.0,30 days,14.0,12.0
1408,Account 0216,Orders,Shipped,17150.0,Rep A,2022-03-07,2022-03-17,0,Potential,Entre Rios,Workshop,Simplified regime,15.0,Upfront,13.0,9.0
1409,Account 0277,Orders,Shipped,18491.0,Rep A,2021-11-18,2022-01-12,0,Potential,CABA,Art supply store,VAT registered,28.0,Upfront,15.0,20.0
1410,Account 0459,Orders,Shipped,18195.0,Rep A,2022-07-28,2022-08-08,0,Low,AMBA Norte,Workshop,Simplified regime,7.0,Upfront,7.0,1.0
1411,Account 0185,Orders,Shipped on credit,18406.0,Rep A,2022-04-25,2022-06-15,1,Key,CABA,Art supply store,VAT registered,22.0,30 days,15.0,39.0
1412,Account 0024,Orders,Shipped,18648.0,Rep A,2022-05-11,2022-05-12,0,Strategic,CABA,Paint store,VAT registered,28.0,Upfront,13.0,33.0
1413,Account 0319,Orders,Shipped,18396.0,Rep A,2023-02-02,2023-02-06,0,Standard,AMBA Sur,Other,Final consumer,22.0,Upfront,12.0,13.0
1414,Account 0389,Orders,Shipped,18573.0,Rep A,2022-11-23,2022-12-07,0,Standard,AMBA Sur,Art supply store,VAT registered,15.0,Upfront,12.0,12.0
1415,Account 0216,Orders,Shipped,17115.0,Rep A,2021-12-06,2022-01-10,0,Potential,Entre Rios,Workshop,Simplified regime,15.0,Upfront,13.0,9.0
1416,Account 0335,Orders,Shipped,18293.0,Rep A,2022-06-07,2022-06-15,0,Standard,BA Norte,Workshop,Final consumer,7.0,Upfront,6.0,3.0
1417,Account 0083,Orders,Shipped,17823.0,Rep A,2023-03-15,2023-03-21,0,Key,AMBA Norte,Art supply store,Simplified regime,7.0,Upfront,9.0,7.0
1418,Account 0277,Orders,Shipped,17818.0,Rep A,2022-05-20,2022-07-04,0,Potential,CABA,Art supply store,VAT registered,28.0,Upfront,15.0,20.0
1419,Account 0132,Orders,Shipped,18359.0,Rep A,2022-11-14,2022-11-24,1,Potential,Tucuman,Art supply store,Final consumer,28.0,,30.0,9.0
1420,Account 0379,Orders,Shipped,18454.0,Rep B,2022-09-21,2022-10-03,2,Low,Entre Rios,Workshop,Final consumer,7.0,,6.0,4.0
1421,Account 0095,Orders,Shipped,17962.0,Rep A,2021-12-14,2021-12-23,0,Churned,Cordoba,Other,VAT registered,15.0,,17.0,3.0
1422,Account 0432,Orders,Shipped,17504.0,Rep A,2022-04-28,2022-05-10,0,Standard,Entre Rios,Workshop,VAT registered,0.0,,9.0,2.0
1423,Account 0333,Orders,Shipped,17455.0,Rep A,2022-02-21,2022-03-15,0,Key,AMBA Sur,Workshop,Final consumer,15.0,Upfront,8.0,5.0
1424,Account 0160,Orders,Shipped,17313.0,Rep A,2022-06-14,2022-07-07,2,Potential,BA Norte,Paint store,VAT registered,22.0,,7.0,6.0
1425,Account 0161,Orders,Shipped,17267.0,Rep A,2022-06-30,2022-07-18,0,Standard,Santa Fe,Workshop,Final consumer,15.0,Upfront,11.0,6.0
1426,Account 0413,Orders,Shipped,17269.0,Rep A,2021-11-01,2021-11-05,0,Standard,BA Sur,Workshop,Simplified regime,15.0,Upfront,10.0,12.0
1427,Account 0144,Orders,Shipped,16741.0,Rep C,2022-08-16,2022-08-30,6,Standard,BA Atlantico,Art supply store,VAT registered,15.0,Upfront,8.0,4.0
1428,Account 0435,Orders,Shipped,16717.0,Rep A,2022-08-04,2022-08-23,3,Standard,Cordoba,Workshop,VAT registered,,Upfront,12.0,4.0
1429,Account 0240,Orders,Shipped,17932.0,Rep A,2022-06-24,2022-07-07,0,Key,Misiones,Paint store,Simplified regime,28.0,Upfront,12.0,6.0
1430,Account 0290,Orders,Shipped,17349.0,Rep A,2023-01-12,2023-01-26,8,Standard,La Rioja,Workshop,Final consumer,28.0,Upfront,8.0,4.0
1431,Account 0321,Orders,Shipped,18189.0,Rep C,2022-04-11,2022-05-06,4,Churned,Tucuman,Other,Final consumer,28.0,,16.0,5.0
1432,Account 0460,Orders,Shipped,17633.0,Rep A,2022-09-05,2022-10-24,0,Standard,AMBA Norte,Art supply store,Simplified regime,28.0,Upfront,7.0,7.0
1433,Account 0274,Orders,Shipped,16618.0,Rep B,2022-10-31,2022-11-02,7,Standard,BA Atlantico,Art supply store,Simplified regime,7.0,,16.0,2.0
1434,Account 0431,Orders,Shipped,16814.0,Rep C,2022-07-21,2022-08-09,1,Standard,AMBA Norte,Workshop,Final consumer,22.0,Upfront,10.0,7.0
1435,Account 0185,Orders,Shipped on credit,16882.0,Rep A,2022-11-22,2022-11-25,1,Key,CABA,Art supply store,VAT registered,22.0,30 days,15.0,39.0
1436,Account 0103,Orders,Shipped,18196.0,Rep A,2021-11-30,2022-01-11,0,Standard,BA Norte,Art supply store,Simplified regime,28.0,Upfront,7.0,8.0
1437,Account 0094,Orders,Shipped,16851.0,Rep A,2022-07-20,2022-07-27,0,Standard,CABA,Paint store,VAT registered,22.0,Upfront,10.0,6.0
1438,Account 0170,Orders,Shipped,17357.0,Rep A,2021-10-29,2021-11-09,0,Potential,Chubut,Art supply store,Simplified regime,28.0,,19.0,8.0
1439,Account 0278,Orders,Picking,18067.0,Rep A,2022-07-14,2022-07-27,0,Potential,Santa Fe,Paint store,VAT registered,28.0,Upfront,11.0,11.0
1440,Account 0375,Orders,Shipped,18130.0,Rep A,2023-03-13,2023-03-14,2,Standard,Santa Fe,Workshop,Simplified regime,15.0,Upfront,11.0,8.0
1441,Account 0368,Orders,Shipped,16776.0,Rep A,2021-10-22,2021-10-28,0,Standard,AMBA Norte,Paint store,VAT registered,15.0,Upfront,6.0,9.0
1442,Account 0461,Orders,Shipped,16409.0,Rep C,2022-09-02,2022-09-19,0,Low,Santa Fe,Art supply store,Final consumer,15.0,Upfront,5.0,2.0
1443,Account 0363,Orders,Shipped,16584.0,Rep A,2021-12-29,2022-01-12,0,Standard,Santa Fe,Workshop,Simplified regime,15.0,,15.0,7.0
1444,Account 0197,Orders,Shipped,16411.0,Rep A,2022-11-18,2023-01-02,4,Potential,Mendoza,Paint store,VAT registered,28.0,,14.0,4.0
1445,Account 0415,Orders,Shipped,16612.0,Rep A,2022-04-13,2022-05-06,0,Standard,San Luis,Paint store,VAT registered,15.0,Upfront,7.0,9.0
1446,Account 0462,Orders,Shipped,17239.0,Rep A,2022-03-07,2022-03-18,0,Low,Santa Fe,Workshop,Final consumer,15.0,Upfront,8.0,5.0
1447,Account 0178,Orders,Shipped,17826.0,Rep C,2022-02-08,2022-02-11,1,Standard,BA Norte,Other,VAT registered,28.0,Upfront,6.0,10.0
1448,Account 0158,Orders,Shipped,17174.0,Rep A,2022-11-16,2022-11-24,2,Standard,Santa Fe,Art supply store,Simplified regime,22.0,Upfront,9.0,7.0
1449,Account 0278,Orders,Shipped,17325.0,Rep A,2022-01-06,2022-01-12,0,Potential,Santa Fe,Paint store,VAT registered,28.0,Upfront,11.0,11.0
1450,Account 0463,Orders,Shipped,16578.0,Rep A,2022-12-15,2022-12-21,0,Low,AMBA Norte,Art supply store,Final consumer,7.0,,4.0,4.0
1451,,Active customers,Won customer,17593.0,Rep C,2021-10-15,2022-10-31,2,,,,,,,,
1452,Account 0247,Orders,Shipped,17256.0,Rep A,2022-11-23,2022-12-06,2,Standard,Corrientes,Other,Simplified regime,15.0,Upfront,8.0,4.0
1453,Account 0464,Orders,Shipped,17669.0,Rep A,2022-06-13,2022-07-11,4,Low,BA Atlantico,Art supply store,Simplified regime,,Upfront,9.0,2.0
1454,Account 0040,Orders,Shipped on credit,17744.0,Rep A,2021-12-15,2022-01-21,0,Strategic,Santiago del Estero,Paint store,VAT registered,22.0,,18.0,7.0
1455,Account 0324,Orders,Shipped,16714.0,Rep A,2022-03-07,2022-03-18,0,Standard,BA Sur,Art supply store,Final consumer,,Upfront,2.0,10.0
1456,Account 0465,Orders,Shipped,16276.0,Rep A,2021-11-04,2021-11-12,0,Churned,Rio Negro,Workshop,Simplified regime,7.0,,5.0,1.0
1457,Account 0126,Orders,Shipped,16495.0,Rep A,2023-02-15,2023-02-17,0,Standard,CABA,Workshop,VAT registered,22.0,,11.0,5.0
1458,Account 0348,Orders,Shipped,16832.0,Rep B,2022-10-03,2022-10-14,3,Standard,San Luis,Art supply store,Simplified regime,15.0,Upfront,5.0,2.0
1459,Account 0451,Orders,Shipped,17667.0,Rep A,2023-01-04,2023-01-09,0,Standard,AMBA Norte,Art supply store,Simplified regime,15.0,Upfront,11.0,7.0
1460,Account 0409,Orders,Shipped,16700.0,Rep A,2021-11-16,2022-02-15,0,Standard,CABA,Other,Simplified regime,22.0,Upfront,17.0,53.0
1461,Account 0278,Orders,Shipped,17358.0,Rep A,2021-11-17,2022-02-15,0,Potential,Santa Fe,Paint store,VAT registered,28.0,Upfront,11.0,11.0
1462,Account 0466,Orders,Shipped,16961.0,Rep A,2021-11-19,2021-12-29,0,Churned,BA Este,Workshop,Simplified regime,7.0,,5.0,1.0
1463,Account 0439,Orders,Shipped,16313.0,Rep A,2022-06-16,2022-07-07,1,Standard,AMBA Norte,Paint store,VAT registered,15.0,Upfront,7.0,3.0
1464,Account 0234,Orders,Shipped,16536.0,Rep A,2022-06-23,2022-07-07,0,Standard,BA Este,Art supply store,Simplified regime,22.0,Upfront,8.0,11.0
1465,Account 0202,Orders,Shipped,17053.0,Rep B,2022-09-28,2022-10-17,0,Standard,BA Norte,Workshop,Simplified regime,28.0,,7.0,10.0
1466,Account 0389,Orders,Shipped,17075.0,Rep A,2022-04-22,2022-05-11,2,Standard,AMBA Sur,Art supply store,VAT registered,15.0,Upfront,12.0,12.0
1467,Account 0249,Orders,Shipped,16666.0,Rep A,2021-10-29,2021-11-05,0,Low,Cordoba,Workshop,Simplified regime,7.0,,3.0,3.0
1468,Account 0107,Orders,Shipped,16320.0,Rep A,2022-07-28,2022-08-08,0,Standard,AMBA Norte,Paint store,Simplified regime,15.0,Upfront,12.0,5.0
1469,Account 0467,Orders,Shipped,17138.0,Rep A,2022-10-13,2022-10-28,2,Standard,Santa Fe,Other,Simplified regime,7.0,Upfront,7.0,6.0
1470,Account 0430,Orders,Shipped,16202.0,Rep A,2022-11-23,2022-11-25,2,Standard,Catamarca,Art supply store,Simplified regime,15.0,Upfront,9.0,5.0
1471,Account 0468,Orders,Shipped,17465.0,Rep B,2023-04-10,2023-04-17,0,Low,BA Este,Art supply store,Simplified regime,,,6.0,6.0
1472,Account 0463,Orders,Shipped,16197.0,Rep A,2022-09-06,2022-09-23,0,Low,AMBA Norte,Art supply store,Final consumer,7.0,,4.0,4.0
1473,Account 0469,Orders,Shipped,16059.0,Rep A,2022-01-20,2022-02-03,0,Low,Santa Cruz,Art supply store,VAT registered,,Upfront,1.0,2.0
1474,Account 0132,Orders,Shipped,16702.0,Rep A,2021-11-26,2022-01-11,0,Potential,Tucuman,Art supply store,Final consumer,28.0,,30.0,9.0
1475,Account 0185,Orders,Shipped on credit,16728.0,Rep A,2022-09-05,2022-10-04,1,Key,CABA,Art supply store,VAT registered,22.0,30 days,15.0,39.0
1476,Account 0341,Orders,Shipped,16689.0,Rep B,2022-09-08,2022-10-03,2,Standard,Corrientes,Workshop,Simplified regime,7.0,,9.0,3.0
1477,Account 0295,Orders,Shipped,16503.0,Rep A,2022-11-25,2022-11-29,1,Standard,Chubut,Art supply store,Simplified regime,15.0,Upfront,10.0,5.0
1478,Account 0081,Orders,Shipped,17421.0,Rep C,2022-03-09,2022-04-19,0,Standard,AMBA Sur,Paint store,VAT registered,15.0,Upfront,10.0,6.0
1479,Account 0470,Orders,Shipped,16575.0,Rep A,2022-03-09,2022-03-18,0,Low,AMBA Sur,Art supply store,Simplified regime,7.0,Upfront,2.0,2.0
1480,Account 0323,Orders,Shipped,16534.0,Rep A,2022-08-10,2022-08-23,0,Standard,CABA,Art supply store,Simplified regime,28.0,Upfront,13.0,7.0
1481,Account 0445,Orders,Shipped,16439.0,Rep A,2023-01-03,2023-01-09,5,Standard,AMBA Norte,Art supply store,VAT registered,15.0,Upfront,14.0,20.0
1482,Account 0471,Orders,Shipped,15830.0,Rep A,2021-10-29,2021-12-29,0,Churned,Entre Rios,Art supply store,VAT registered,28.0,,2.0,1.0
1483,Account 0344,Orders,Shipped,16688.0,Rep A,2022-10-03,2022-10-14,0,Low,Formosa,Other,Simplified regime,7.0,,2.0,2.0
1484,Account 0171,Orders,Shipped,16062.0,Rep A,2022-01-20,2022-02-01,0,Standard,Rio Negro,Art supply store,Final consumer,28.0,Upfront,8.0,7.0
1485,Account 0180,Orders,Shipped on credit,16738.0,Rep A,2021-11-17,2022-01-03,0,Potential,AMBA Norte,Workshop,Final consumer,22.0,30 days,16.0,14.0
1486,Account 0221,Orders,Shipped,15763.0,Rep A,2022-09-07,2022-09-22,0,Standard,CABA,Art supply store,Simplified regime,7.0,,6.0,4.0
1487,,Active customers,Won customer,17263.0,Rep C,2021-09-14,2022-10-31,0,,,,,,,,
1488,Account 0228,Orders,Shipped,16418.0,Rep A,2022-04-26,2022-05-10,0,Key,AMBA Norte,Other,Simplified regime,22.0,Upfront,11.0,8.0
1489,Account 0284,Orders,Shipped,17105.0,Rep A,2022-01-27,2022-02-04,0,Standard,Neuquen,Workshop,Final consumer,7.0,Upfront,6.0,3.0
1490,Account 0472,Orders,Shipped,16398.0,Rep A,2022-11-24,2022-12-15,0,Low,BA Norte,Art supply store,Simplified regime,7.0,Open account,1.0,4.0
1491,Account 0473,Orders,Shipped,15688.0,Rep A,2022-01-24,2022-03-15,0,Churned,AMBA Norte,Art supply store,Final consumer,15.0,,6.0,1.0
1492,Account 0420,Orders,Shipped,16902.0,Rep A,2021-11-17,2022-02-15,0,Standard,AMBA Sur,Workshop,Simplified regime,15.0,,10.0,6.0
1493,Account 0265,Orders,Shipped,16594.0,Rep A,2022-09-14,2022-09-22,0,Potential,AMBA Norte,Workshop,Simplified regime,22.0,,10.0,8.0
1494,Account 0300,Orders,Shipped,16812.0,Rep C,2022-04-22,2022-10-03,2,Standard,BA Este,Workshop,Final consumer,15.0,Upfront,10.0,3.0
1495,Account 0305,Orders,Shipped,16202.0,Rep A,2022-06-06,2022-06-15,0,Standard,Misiones,Art supply store,VAT registered,28.0,Upfront,9.0,6.0
1496,Account 0415,Orders,Shipped,16540.0,Rep A,2021-12-03,2021-12-27,0,Standard,San Luis,Paint store,VAT registered,15.0,Upfront,7.0,9.0
1497,Account 0474,Orders,Shipped,16875.0,Rep A,2022-01-24,2022-02-03,0,Low,AMBA Sur,Art supply store,Simplified regime,7.0,,4.0,2.0
1498,Account 0389,Orders,Shipped,16479.0,Rep A,2022-08-01,2022-08-25,3,Standard,AMBA Sur,Art supply store,VAT registered,15.0,Upfront,12.0,12.0
1499,Account 0475,Orders,Shipped,15985.0,Rep A,2021-11-17,2022-02-15,0,Churned,Cordoba,Other,Simplified regime,,,5.0,1.0
1500,Account 0476,Orders,Shipped,16492.0,Rep A,2021-11-01,2021-11-05,0,Churned,,Other,Simplified regime,7.0,,2.0,1.0
1501,Account 0477,Orders,Shipped,16506.0,Rep A,2022-08-10,2022-08-23,0,Low,AMBA Sur,Art supply store,Simplified regime,7.0,Upfront,5.0,4.0
1502,Account 0467,Orders,Shipped,16961.0,Rep A,2022-05-24,2022-06-06,0,Standard,Santa Fe,Other,Simplified regime,7.0,Upfront,7.0,6.0
1503,Account 0185,Orders,Shipped on credit,15980.0,Rep A,2022-05-19,2022-06-15,1,Key,CABA,Art supply store,VAT registered,22.0,30 days,15.0,39.0
1504,Account 0185,Orders,Shipped,16067.0,Rep A,2022-01-10,2022-01-12,0,Key,CABA,Art supply store,VAT registered,22.0,30 days,15.0,39.0
1505,Account 0323,Orders,Shipped,16685.0,Rep A,2021-11-18,2021-12-29,0,Standard,CABA,Art supply store,Simplified regime,28.0,Upfront,13.0,7.0
1506,Account 0356,Orders,Shipped,16184.0,Rep B,2023-02-27,2023-03-07,2,Standard,Santa Cruz,Workshop,Simplified regime,7.0,Upfront,9.0,8.0
1507,Account 0474,Orders,Shipped,16547.0,Rep A,2021-10-22,2021-10-28,0,Low,AMBA Sur,Art supply store,Simplified regime,7.0,,4.0,2.0
1508,Account 0327,Orders,Shipped,16091.0,Rep B,2023-01-11,2023-01-23,1,Low,Corrientes,Art supply store,Simplified regime,7.0,,4.0,4.0
1509,Account 0464,Orders,Shipped,15692.0,Rep C,2022-02-14,2022-03-10,3,Low,BA Atlantico,Art supply store,Simplified regime,,Upfront,9.0,2.0
1510,Account 0188,Orders,Shipped,16517.0,Rep A,2022-05-13,2022-05-26,0,Standard,Corrientes,Art supply store,VAT registered,,,5.0,6.0
1511,Account 0195,Orders,Shipped,15526.0,Rep A,2022-05-19,2022-05-26,0,Potential,BA Centro,Paint store,VAT registered,22.0,,15.0,12.0
1512,Account 0238,Orders,Shipped,15617.0,Rep A,2022-07-27,2022-08-09,0,Standard,Santa Fe,Art supply store,Final consumer,15.0,,11.0,8.0
1513,Account 0368,Orders,Picking,16290.0,Rep A,2022-08-29,2022-10-12,3,Standard,AMBA Norte,Paint store,VAT registered,15.0,Upfront,6.0,9.0
1514,Account 0431,Orders,Shipped,16457.0,Rep C,2022-02-25,2022-03-18,2,Standard,AMBA Norte,Workshop,Final consumer,22.0,Upfront,10.0,7.0
1515,Account 0277,Orders,Shipped,16693.0,Rep C,2022-09-05,2022-09-19,0,Potential,CABA,Art supply store,VAT registered,28.0,Upfront,15.0,20.0
1516,Account 0478,Orders,Shipped,15673.0,Rep A,2021-11-16,2022-02-15,0,Churned,AMBA Norte,Art supply store,Simplified regime,7.0,,3.0,1.0
1517,Account 0302,Orders,Shipped,15411.0,Rep A,2022-02-15,2022-03-07,0,Standard,AMBA Norte,Art supply store,VAT registered,15.0,Upfront,16.0,10.0
1518,Account 0479,Orders,Shipped,16764.0,Rep B,2022-09-05,2022-12-13,6,Standard,AMBA Sur,Workshop,Simplified regime,15.0,,9.0,4.0
1519,Account 0071,Orders,Shipped on credit,15453.0,Rep A,2022-09-02,2022-10-21,2,Potential,CABA,Art supply store,Simplified regime,22.0,30 days,20.0,14.0
1520,Account 0403,Orders,Shipped,15517.0,Rep C,2022-06-02,2022-06-15,2,Standard,CABA,Art supply store,VAT registered,7.0,Upfront,11.0,4.0
1521,Account 0124,Orders,Shipped,15660.0,Rep C,2023-03-13,2023-03-17,0,Standard,San Juan,Other,Simplified regime,15.0,,2.0,2.0
1522,Account 0228,Orders,Shipped,16038.0,Rep A,2022-06-08,2022-06-21,2,Key,AMBA Norte,Other,Simplified regime,22.0,Upfront,11.0,8.0
1523,Account 0319,Orders,Shipped,16586.0,Rep B,2023-01-27,2023-02-06,0,Standard,AMBA Sur,Other,Final consumer,22.0,Upfront,12.0,13.0
1524,Account 0409,Orders,Shipped,16361.0,Rep A,2022-02-14,2022-02-25,0,Standard,CABA,Other,Simplified regime,22.0,Upfront,17.0,53.0
1525,Account 0480,Orders,Shipped,16278.0,Rep A,2022-09-09,2022-09-22,0,Standard,AMBA Norte,Art supply store,Simplified regime,7.0,Upfront,11.0,7.0
1526,Account 0452,Orders,Shipped,15426.0,Rep A,2022-10-05,2022-10-17,0,Standard,Corrientes,Workshop,Simplified regime,15.0,,4.0,7.0
1527,Account 0460,Orders,Shipped,15704.0,Rep A,2022-05-10,2022-05-26,0,Standard,AMBA Norte,Art supply store,Simplified regime,28.0,Upfront,7.0,7.0
1528,Account 0202,Orders,Shipped,15895.0,Rep A,2022-01-24,2022-02-02,0,Standard,BA Norte,Workshop,Simplified regime,28.0,,7.0,10.0
1529,Account 0375,Orders,Shipped,15351.0,Rep A,2022-08-18,2022-08-25,2,Standard,Santa Fe,Workshop,Simplified regime,15.0,Upfront,11.0,8.0
1530,Account 0440,Orders,Shipped,15531.0,Rep B,2023-03-23,2023-04-04,1,Low,AMBA Sur,Art supply store,Simplified regime,15.0,,6.0,7.0
1531,Account 0481,Orders,Shipped,15566.0,Rep B,2022-12-26,2023-01-02,0,Low,BA Atlantico,Art supply store,Simplified regime,15.0,,4.0,3.0
1532,Account 0164,Orders,Shipped,15269.0,Rep A,2022-04-18,2022-05-10,0,Standard,CABA,Art supply store,Simplified regime,22.0,Upfront,11.0,10.0
1533,Account 0192,Orders,Shipped on credit,15915.0,Rep A,2022-05-19,2022-05-27,0,Key,Santa Fe,Workshop,Simplified regime,22.0,30 days,14.0,12.0
1534,Account 0445,Orders,Shipped,16140.0,Rep A,2022-09-26,2022-10-03,0,Standard,AMBA Norte,Art supply store,VAT registered,15.0,Upfront,14.0,20.0
1535,Account 0301,Orders,Shipped,15133.0,Rep B,2022-09-19,2022-10-14,6,Standard,AMBA Sur,Art supply store,Simplified regime,15.0,,11.0,4.0
1536,Account 0267,Orders,Shipped on credit,15776.0,Rep A,2021-11-23,2022-01-21,0,Key,CABA,Art supply store,VAT registered,22.0,30 days,13.0,10.0
1537,Account 0024,Orders,Shipped,16247.0,Rep A,2021-10-25,2021-11-01,0,Strategic,CABA,Paint store,VAT registered,28.0,Upfront,13.0,33.0
1538,Account 0482,Orders,Shipped,16184.0,Rep A,2022-03-31,2022-05-05,0,Low,BA Sur,Art supply store,Simplified regime,,Upfront,4.0,1.0
1539,Account 0413,Orders,Picking,16277.0,Rep B,2022-11-11,2022-11-16,3,Standard,BA Sur,Workshop,Simplified regime,15.0,Upfront,10.0,12.0
1540,Account 0435,Orders,Shipped,15687.0,Rep C,2022-02-04,2022-02-10,1,Standard,Cordoba,Workshop,VAT registered,,Upfront,12.0,4.0
1541,Account 0185,Orders,Shipped on credit,16263.0,Rep A,2022-06-06,2022-06-21,0,Key,CABA,Art supply store,VAT registered,22.0,30 days,15.0,39.0
1542,Account 0275,Orders,Shipped,15290.0,Rep A,2022-04-07,2022-05-05,0,Standard,BA Este,Art supply store,VAT registered,15.0,,8.0,4.0
1543,Account 0306,Orders,Shipped,15462.0,Rep A,2022-06-08,2022-07-04,1,Key,La Pampa,Other,VAT registered,15.0,Upfront,12.0,12.0
1544,Account 0443,Orders,Shipped,15147.0,Rep B,2023-02-16,2023-02-17,0,Standard,BA Norte,Paint store,Simplified regime,15.0,Upfront,4.0,9.0
1545,Account 0309,Orders,Shipped,15602.0,Rep C,2022-03-04,2022-04-22,2,Standard,AMBA Sur,Art supply store,VAT registered,15.0,Upfront,9.0,3.0
1546,Account 0321,Orders,Shipped,15481.0,Rep A,2021-11-16,2022-02-15,0,Churned,Tucuman,Other,Final consumer,28.0,,16.0,5.0
1547,Account 0445,Orders,Shipped,15241.0,Rep C,2023-02-28,2023-03-07,3,Standard,AMBA Norte,Art supply store,VAT registered,15.0,Upfront,14.0,20.0
1548,Account 0262,Orders,Shipped,16035.0,Rep A,2021-11-17,2022-02-15,0,Churned,BA Atlantico,Other,VAT registered,7.0,,11.0,2.0
1549,Account 0483,Orders,Shipped,15312.0,Rep A,2022-04-18,2022-05-10,0,Churned,AMBA Sur,Art supply store,Simplified regime,7.0,Upfront,2.0,1.0
1550,Account 0185,Orders,Shipped on credit,15244.0,Rep A,2022-04-11,2022-05-06,0,Key,CABA,Art supply store,VAT registered,22.0,30 days,15.0,39.0
1551,Account 0287,Orders,Shipped,15014.0,Rep B,2022-09-19,2022-10-03,3,Standard,BA Atlantico,Workshop,Final consumer,22.0,Upfront,5.0,8.0
1552,Account 0468,Orders,Shipped,15485.0,Rep A,2022-05-12,2022-05-17,0,Low,BA Este,Art supply store,Simplified regime,,,6.0,6.0
1553,Account 0017,Orders,Shipped on credit,15262.0,Rep A,2022-05-05,2022-05-27,1,Churned,Mendoza,Distributor,VAT registered,22.0,Upfront,5.0,6.0
1554,Account 0340,Orders,Shipped,15364.0,Rep A,2022-10-11,2022-10-24,2,Standard,CABA,Other,Simplified regime,15.0,Upfront,10.0,5.0
1555,Account 0185,Orders,Shipped on credit,15149.0,Rep A,2022-06-14,2022-07-18,1,Key,CABA,Art supply store,VAT registered,22.0,30 days,15.0,39.0
1556,Account 0443,Orders,Shipped,15966.0,Rep A,2022-07-04,2022-07-27,0,Standard,BA Norte,Paint store,Simplified regime,15.0,Upfront,4.0,9.0
1557,Account 0484,Orders,Shipped,16193.0,Rep A,2022-07-11,2022-07-22,0,Low,AMBA Sur,Art supply store,Simplified regime,7.0,Upfront,3.0,4.0
1558,Account 0327,Orders,Shipped,15518.0,Rep A,2022-11-14,2022-11-16,0,Low,Corrientes,Art supply store,Simplified regime,7.0,,4.0,4.0
1559,Account 0333,Orders,Shipped,15741.0,Rep A,2022-08-17,2022-08-25,0,Key,AMBA Sur,Workshop,Final consumer,15.0,Upfront,8.0,5.0
1560,Account 0081,Orders,Shipped,16081.0,Rep A,2022-06-16,2022-07-07,0,Standard,AMBA Sur,Paint store,VAT registered,15.0,Upfront,10.0,6.0
1561,Account 0480,Orders,Shipped,16270.0,Rep A,2022-01-11,2022-01-21,0,Standard,AMBA Norte,Art supply store,Simplified regime,7.0,Upfront,11.0,7.0
1562,Account 0356,Orders,Shipped,15670.0,Rep A,2022-07-29,2022-08-09,0,Standard,Santa Cruz,Workshop,Simplified regime,7.0,Upfront,9.0,8.0
1563,Account 0375,Orders,Shipped,16098.0,Rep A,2022-09-28,2022-10-12,3,Standard,Santa Fe,Workshop,Simplified regime,15.0,Upfront,11.0,8.0
1564,Account 0450,Orders,Shipped,16119.0,Rep A,2022-07-28,2022-08-17,1,Low,Tucuman,Workshop,Final consumer,15.0,,7.0,2.0
1565,Account 0382,Orders,Shipped,15929.0,Rep A,2021-11-03,2021-11-09,0,Standard,AMBA Norte,Other,VAT registered,15.0,,12.0,5.0
1566,Account 0194,Orders,Shipped,15412.0,Rep A,2022-01-12,2022-01-26,0,Standard,BA Norte,Paint store,VAT registered,,Upfront,7.0,4.0
1567,Account 0485,Orders,Shipped,14822.0,Rep C,2022-05-26,2022-06-06,3,Standard,Rio Negro,Art supply store,Simplified regime,7.0,,7.0,2.0
1568,Account 0071,Orders,Shipped,14715.0,Rep A,2021-12-06,2021-12-28,0,Potential,CABA,Art supply store,Simplified regime,22.0,30 days,20.0,14.0
1569,Account 0214,Orders,Shipped,15429.0,Rep A,2023-01-04,2023-01-20,0,Key,Santa Fe,Art supply store,VAT registered,22.0,,14.0,8.0
1570,Account 0261,Orders,Shipped on credit,15453.0,Rep A,2021-10-22,2022-05-11,1,Standard,Entre Rios,Art supply store,VAT registered,22.0,Open account,16.0,8.0
1571,Account 0311,Orders,Shipped,15305.0,Rep A,2021-12-01,2022-01-11,0,Churned,AMBA Sur,Art supply store,Simplified regime,7.0,Upfront,7.0,6.0
1572,Account 0209,Orders,Shipped,15544.0,Rep A,2022-11-04,2022-11-08,0,Low,Cordoba,Workshop,Simplified regime,7.0,,6.0,3.0
1573,Account 0319,Orders,Backorder,15497.0,Rep A,2021-11-16,2021-12-29,0,Standard,AMBA Sur,Other,Final consumer,22.0,Upfront,12.0,13.0
1574,Account 0468,Orders,Shipped,15920.0,Rep A,2022-08-02,2022-08-17,0,Low,BA Este,Art supply store,Simplified regime,,,6.0,6.0
1575,Account 0234,Orders,Shipped,14772.0,Rep A,2021-12-14,2022-01-10,0,Standard,BA Este,Art supply store,Simplified regime,22.0,Upfront,8.0,11.0
1576,Account 0338,Orders,Shipped,14950.0,Rep A,2022-10-13,2022-10-19,2,Key,Santa Fe,Other,VAT registered,15.0,Upfront,9.0,4.0
1577,Account 0420,Orders,Shipped,15820.0,Rep A,2021-11-16,2021-12-29,0,Standard,AMBA Sur,Workshop,Simplified regime,15.0,,10.0,6.0
1578,Account 0305,Orders,Shipped,15823.0,Rep A,2021-11-01,2021-11-02,0,Standard,Misiones,Art supply store,VAT registered,28.0,Upfront,9.0,6.0
1579,Account 0185,Orders,Shipped,16048.0,Rep A,2021-12-14,2021-12-29,0,Key,CABA,Art supply store,VAT registered,22.0,30 days,15.0,39.0
1580,Account 0094,Orders,Shipped on credit,15857.0,Rep A,2022-05-09,2022-08-09,1,Standard,CABA,Paint store,VAT registered,22.0,Upfront,10.0,6.0
1581,Account 0269,Orders,Shipped,15881.0,Rep A,2022-10-04,2022-10-17,3,Low,Salta,Art supply store,VAT registered,15.0,,10.0,3.0
1582,Account 0458,Orders,Shipped,14991.0,Rep A,2022-03-23,2022-05-02,0,Low,CABA,Art supply store,Simplified regime,7.0,Upfront,10.0,5.0
1583,Account 0231,Orders,Shipped,15100.0,Rep A,2022-10-04,2022-10-13,2,Standard,Jujuy,Art supply store,Simplified regime,22.0,Upfront,10.0,11.0
1584,Account 0217,Orders,Shipped,14895.0,Rep B,2023-03-08,2023-03-09,0,Standard,Santa Cruz,Art supply store,Simplified regime,22.0,,3.0,3.0
1585,Account 0206,Orders,Shipped,15407.0,Rep B,2022-09-09,2022-09-22,0,Standard,BA Sur,Workshop,Simplified regime,28.0,,6.0,4.0
1586,Account 0443,Orders,Shipped,15913.0,Rep A,2021-11-29,2022-01-12,0,Standard,BA Norte,Paint store,Simplified regime,15.0,Upfront,4.0,9.0
1587,Account 0189,Orders,Shipped,14976.0,Rep A,2021-12-14,2022-01-10,0,Potential,BA Atlantico,Art supply store,Simplified regime,22.0,Upfront,8.0,18.0
1588,Account 0093,Orders,Shipped,15298.0,Rep A,2022-09-13,2022-10-03,1,Potential,Santa Fe,Paint store,VAT registered,22.0,Upfront,9.0,6.0
1589,Account 0192,Orders,Shipped on credit,14894.0,Rep A,2022-03-15,2022-05-11,1,Key,Santa Fe,Workshop,Simplified regime,22.0,30 days,14.0,12.0
1590,Account 0185,Orders,Shipped on credit,14683.0,Rep A,2022-06-29,2022-08-09,1,Key,CABA,Art supply store,VAT registered,22.0,30 days,15.0,39.0
1591,Account 0299,Orders,Shipped,14713.0,Rep A,2022-11-30,2022-12-07,0,Churned,BA Este,Other,Final consumer,22.0,Upfront,6.0,10.0
1592,Account 0356,Orders,Shipped,14472.0,Rep B,2022-08-30,2022-09-06,1,Standard,Santa Cruz,Workshop,Simplified regime,7.0,Upfront,9.0,8.0
1593,Account 0431,Orders,Shipped,15808.0,Rep A,2022-04-27,2022-07-04,1,Standard,AMBA Norte,Workshop,Final consumer,22.0,Upfront,10.0,7.0
1594,Account 0486,Orders,Shipped,14967.0,Rep A,2021-11-17,2022-02-15,0,Churned,Corrientes,Workshop,VAT registered,22.0,,11.0,2.0
1595,Account 0398,Orders,Shipped on credit,15594.0,Rep A,2022-11-04,2022-12-29,2,Standard,Santa Fe,Art supply store,Simplified regime,7.0,30 days,5.0,2.0
1596,Account 0277,Orders,Shipped,15361.0,Rep A,2022-11-15,2022-11-24,0,Potential,CABA,Art supply store,VAT registered,28.0,Upfront,15.0,20.0
1597,Account 0403,Orders,Shipped,14616.0,Rep A,2021-12-06,2022-01-10,0,Standard,CABA,Art supply store,VAT registered,7.0,Upfront,11.0,4.0
1598,Account 0487,Orders,Shipped,14572.0,Rep A,2022-01-07,2022-01-12,0,Churned,AMBA Sur,Art supply store,VAT registered,15.0,,2.0,1.0
1599,Account 0029,Orders,Shipped on credit,15524.0,Rep A,2022-08-09,2022-08-17,0,Strategic,CABA,Art supply store,VAT registered,28.0,Open account,16.0,18.0
1600,Account 0451,Orders,Shipped,14695.0,Rep A,2021-12-09,2021-12-09,0,Standard,AMBA Norte,Art supply store,Simplified regime,15.0,Upfront,11.0,7.0
1601,Account 0299,Orders,Shipped,15657.0,Rep A,2022-03-07,2022-03-18,0,Churned,BA Este,Other,Final consumer,22.0,Upfront,6.0,10.0
1602,Account 0277,Orders,Shipped,14482.0,Rep A,2022-12-05,2022-12-13,0,Potential,CABA,Art supply store,VAT registered,28.0,Upfront,15.0,20.0
1603,Account 0409,Orders,Shipped,15274.0,Rep A,2021-11-17,2022-02-15,0,Standard,CABA,Other,Simplified regime,22.0,Upfront,17.0,53.0
1604,Account 0406,Orders,Shipped,15464.0,Rep B,2022-09-30,2022-10-14,5,Standard,Mendoza,Other,Final consumer,7.0,Upfront,9.0,3.0
1605,Account 0305,Orders,Shipped,14586.0,Rep C,2022-02-10,2022-02-18,2,Standard,Misiones,Art supply store,VAT registered,28.0,Upfront,9.0,6.0
1606,Account 0458,Orders,Shipped,14646.0,Rep A,2021-11-17,2022-02-15,0,Low,CABA,Art supply store,Simplified regime,7.0,Upfront,10.0,5.0
1607,Account 0394,Orders,Shipped,15646.0,Rep A,2022-06-06,2022-06-15,0,Low,Cordoba,Art supply store,Simplified regime,15.0,,7.0,4.0
1608,Account 0379,Orders,Shipped,14558.0,Rep A,2022-04-12,2022-05-06,0,Low,Entre Rios,Workshop,Final consumer,7.0,,6.0,4.0
1609,Account 0485,Orders,Shipped,14791.0,Rep A,2021-12-15,2022-01-10,0,Standard,Rio Negro,Art supply store,Simplified regime,7.0,,7.0,2.0
1610,Account 0488,Orders,Shipped,14779.0,Rep A,2022-01-12,2022-01-26,0,Low,CABA,Art supply store,Simplified regime,22.0,,2.0,1.0
1611,Account 0024,Orders,Shipped,14477.0,Rep A,2021-11-11,2021-12-29,0,Strategic,CABA,Paint store,VAT registered,28.0,Upfront,13.0,33.0
1612,Account 0277,Orders,Shipped,15226.0,Rep A,2022-04-12,2022-05-06,0,Potential,CABA,Art supply store,VAT registered,28.0,Upfront,15.0,20.0
1613,Account 0439,Orders,Shipped,15220.0,Rep A,2022-08-30,2022-09-09,2,Standard,AMBA Norte,Paint store,VAT registered,15.0,Upfront,7.0,3.0
1614,Account 0430,Orders,Shipped,14637.0,Rep A,2022-09-16,2022-10-03,2,Standard,Catamarca,Art supply store,Simplified regime,15.0,Upfront,9.0,5.0
1615,Account 0229,Orders,Shipped,15312.0,Rep C,2022-07-08,2022-08-17,2,Standard,AMBA Sur,Art supply store,Final consumer,7.0,,10.0,4.0
1616,Account 0204,Orders,Shipped,14379.0,Rep A,2022-05-27,2022-07-11,3,Key,BA Norte,Art supply store,Simplified regime,28.0,Upfront,8.0,6.0
1617,Account 0462,Orders,Shipped,14069.0,Rep A,2022-08-25,2022-09-23,3,Low,Santa Fe,Workshop,Final consumer,15.0,Upfront,8.0,5.0
1618,Account 0287,Orders,Shipped,14904.0,Rep A,2022-03-10,2022-03-18,0,Standard,BA Atlantico,Workshop,Final consumer,22.0,Upfront,5.0,8.0
1619,Account 0489,Orders,Shipped,15492.0,Rep A,2023-01-09,2023-01-13,0,Low,CABA,Paint store,Simplified regime,7.0,Upfront,11.0,2.0
1620,Account 0339,Orders,Shipped,14075.0,Rep A,2022-01-13,2022-02-01,0,Low,AMBA Sur,Other,VAT registered,15.0,,9.0,3.0
1621,Account 0490,Orders,Shipped,14318.0,Rep B,2022-08-31,2022-09-09,2,Low,Corrientes,Art supply store,Simplified regime,7.0,,3.0,2.0
1622,Account 0469,Orders,Shipped,14769.0,Rep C,2022-07-25,2022-08-17,0,Low,Santa Cruz,Art supply store,VAT registered,,Upfront,1.0,2.0
1623,Account 0491,Orders,Shipped,15194.0,Rep A,2022-08-10,2022-08-17,0,Low,AMBA Sur,Art supply store,VAT registered,7.0,,0.0,1.0
1624,Account 0190,Orders,Shipped,14107.0,Rep C,2022-04-12,2022-05-09,3,Standard,AMBA Sur,Art supply store,Simplified regime,28.0,Upfront,14.0,5.0
1625,Account 0410,Orders,Shipped,14549.0,Rep C,2022-03-11,2022-05-11,1,Standard,BA Norte,Art supply store,Simplified regime,7.0,,6.0,5.0
1626,Account 0290,Orders,Shipped,15042.0,Rep A,2022-09-05,2022-09-19,0,Standard,La Rioja,Workshop,Final consumer,28.0,Upfront,8.0,4.0
1627,Account 0290,Orders,Shipped,14457.0,Rep A,2022-05-06,2022-05-11,0,Standard,La Rioja,Workshop,Final consumer,28.0,Upfront,8.0,4.0
1628,Account 0159,Orders,Shipped,14175.0,Rep A,2022-12-12,2022-12-15,0,Standard,Entre Rios,Art supply store,Simplified regime,22.0,,2.0,2.0
1629,Account 0039,Orders,Shipped,14172.0,Rep B,2022-12-12,2022-12-15,0,Potential,Cordoba,Art supply store,Simplified regime,28.0,,5.0,3.0
1630,Account 0016,Orders,Shipped,14466.0,Rep A,2022-05-04,2022-05-20,2,Potential,AMBA Sur,Paint store,VAT registered,15.0,Upfront,11.0,5.0
1631,Account 0179,Orders,Shipped,14567.0,Rep A,2021-12-22,2022-01-12,0,Key,San Luis,Art supply store,Simplified regime,15.0,Upfront,9.0,6.0
1632,Account 0403,Orders,Shipped,15107.0,Rep A,2022-10-18,2022-10-28,0,Standard,CABA,Art supply store,VAT registered,7.0,Upfront,11.0,4.0
1633,Account 0492,Orders,Shipped,14761.0,Rep A,2022-04-18,2022-05-09,0,Churned,Cordoba,Other,Simplified regime,7.0,,3.0,1.0
1634,Account 0180,Orders,Shipped on credit,14828.0,Rep A,2022-04-01,2022-07-07,1,Potential,AMBA Norte,Workshop,Final consumer,22.0,30 days,16.0,14.0
1635,Account 0306,Orders,Shipped,15221.0,Rep A,2022-01-14,2022-02-01,0,Key,La Pampa,Other,VAT registered,15.0,Upfront,12.0,12.0
1636,Account 0234,Orders,Shipped,14373.0,Rep A,2021-10-22,2021-10-28,0,Standard,BA Este,Art supply store,Simplified regime,22.0,Upfront,8.0,11.0
1637,Account 0303,Orders,Shipped on credit,14360.0,Rep B,2023-01-09,2023-03-07,1,Standard,BA Este,Workshop,Simplified regime,15.0,,4.0,2.0
1638,Account 0277,Orders,Shipped,15112.0,Rep A,2021-12-09,2022-01-11,0,Potential,CABA,Art supply store,VAT registered,28.0,Upfront,15.0,20.0
1639,Account 0192,Orders,Shipped on credit,14127.0,Rep A,2022-04-12,2022-05-11,0,Key,Santa Fe,Workshop,Simplified regime,22.0,30 days,14.0,12.0
1640,Account 0460,Orders,Shipped,14818.0,Rep A,2022-07-06,2022-07-20,2,Standard,AMBA Norte,Art supply store,Simplified regime,28.0,Upfront,7.0,7.0
1641,Account 0279,Orders,Shipped,14814.0,Rep A,2022-07-04,2022-07-22,2,Standard,AMBA Sur,Art supply store,Simplified regime,15.0,,10.0,8.0
1642,Account 0345,Orders,Shipped,13863.0,Rep C,2023-03-13,2023-03-15,0,Low,Santa Fe,Workshop,Simplified regime,7.0,,6.0,2.0
1643,Account 0178,Orders,Shipped,14391.0,Rep A,2022-05-10,2022-05-27,1,Standard,BA Norte,Other,VAT registered,28.0,Upfront,6.0,10.0
1644,Account 0328,Orders,Shipped,13993.0,Rep A,2021-10-29,2021-12-29,0,Low,Chubut,Workshop,VAT registered,7.0,,7.0,4.0
1645,Account 0161,Orders,Shipped,13967.0,Rep A,2022-08-29,2022-10-03,2,Standard,Santa Fe,Workshop,Final consumer,15.0,Upfront,11.0,6.0
1646,Account 0164,Orders,Shipped,14362.0,Rep A,2022-05-09,2022-05-27,0,Standard,CABA,Art supply store,Simplified regime,22.0,Upfront,11.0,10.0
1647,Account 0171,Orders,Shipped,14107.0,Rep B,2022-10-19,2022-11-01,0,Standard,Rio Negro,Art supply store,Final consumer,28.0,Upfront,8.0,7.0
1648,Account 0126,Orders,Shipped,14806.0,Rep A,2022-10-25,2022-11-01,1,Standard,CABA,Workshop,VAT registered,22.0,,11.0,5.0
1649,Account 0389,Orders,Shipped,14965.0,Rep B,2023-03-27,2023-04-17,2,Standard,AMBA Sur,Art supply store,VAT registered,15.0,Upfront,12.0,12.0
1650,Account 0480,Orders,Shipped,14800.0,Rep A,2022-11-09,2022-11-16,4,Standard,AMBA Norte,Art supply store,Simplified regime,7.0,Upfront,11.0,7.0
1651,Account 0306,Orders,Shipped,14028.0,Rep A,2022-07-19,2022-07-27,0,Key,La Pampa,Other,VAT registered,15.0,Upfront,12.0,12.0
1652,Account 0375,Orders,Shipped,14037.0,Rep A,2022-07-01,2022-07-26,0,Standard,Santa Fe,Workshop,Simplified regime,15.0,Upfront,11.0,8.0
1653,Account 0346,Orders,Shipped,14008.0,Rep A,2021-10-26,2021-11-01,0,Standard,San Luis,Art supply store,Simplified regime,15.0,,6.0,9.0
1654,Account 0493,Orders,Shipped,13827.0,Rep A,2021-10-26,2021-12-20,2,Churned,Rio Negro,Other,Exempt,22.0,,2.0,1.0
1655,Account 0452,Orders,Shipped,14983.0,Rep A,2021-10-29,2021-11-02,0,Standard,Corrientes,Workshop,Simplified regime,15.0,,4.0,7.0
1656,Account 0445,Orders,Shipped,14203.0,Rep A,2022-11-23,2022-12-06,2,Standard,AMBA Norte,Art supply store,VAT registered,15.0,Upfront,14.0,20.0
1657,Account 0147,Orders,Shipped,13943.0,Rep C,2022-03-17,2022-03-31,1,Standard,BA Sur,Art supply store,Simplified regime,22.0,Upfront,13.0,7.0
1658,Account 0169,Orders,Shipped,14832.0,Rep C,2023-02-10,2023-02-15,0,Standard,AMBA Norte,Art supply store,Simplified regime,15.0,Upfront,1.0,3.0
1659,Account 0311,Orders,Shipped,14175.0,Rep A,2021-10-21,2021-12-10,0,Churned,AMBA Sur,Art supply store,Simplified regime,7.0,Upfront,7.0,6.0
1660,Account 0424,Orders,Shipped,13646.0,Rep A,2022-09-20,2022-09-27,0,Standard,Entre Rios,Paint store,VAT registered,7.0,,10.0,6.0
1661,Account 0416,Orders,Shipped,13811.0,Rep A,2022-11-22,2022-12-06,6,Standard,AMBA Norte,Paint store,VAT registered,15.0,Upfront,15.0,5.0
1662,Account 0309,Orders,Shipped,14455.0,Rep A,2022-06-14,2022-07-11,0,Standard,AMBA Sur,Art supply store,VAT registered,15.0,Upfront,9.0,3.0
1663,Account 0443,Orders,Shipped,14649.0,Rep A,2022-08-22,2022-09-06,0,Standard,BA Norte,Paint store,Simplified regime,15.0,Upfront,4.0,9.0
1664,Account 0409,Orders,Shipped,13834.0,Rep A,2023-01-05,2023-01-13,0,Standard,CABA,Other,Simplified regime,22.0,Upfront,17.0,53.0
1665,Account 0380,Orders,Shipped,14839.0,Rep A,2023-01-03,2023-01-09,0,Low,Catamarca,Other,VAT registered,7.0,,5.0,2.0
1666,Account 0484,Orders,Shipped,14743.0,Rep A,2022-09-21,2022-10-12,0,Low,AMBA Sur,Art supply store,Simplified regime,7.0,Upfront,3.0,4.0
1667,Account 0117,Orders,Shipped,14726.0,Rep A,2022-06-13,2022-07-04,0,Potential,Chaco,Other,VAT registered,22.0,Upfront,10.0,6.0
1668,Account 0494,Orders,Shipped,13831.0,Rep A,2022-03-11,2022-04-19,0,Low,BA Norte,Workshop,Final consumer,7.0,Upfront,7.0,7.0
1669,Account 0217,Orders,Shipped,13554.0,Rep A,2022-12-12,2022-12-15,0,Standard,Santa Cruz,Art supply store,Simplified regime,22.0,,3.0,3.0
1670,Account 0346,Orders,Shipped,14692.0,Rep C,2022-05-31,2022-06-15,3,Standard,San Luis,Art supply store,Simplified regime,15.0,,6.0,9.0
1671,Account 0445,Orders,Shipped,13893.0,Rep A,2022-09-05,2022-09-27,2,Standard,AMBA Norte,Art supply store,VAT registered,15.0,Upfront,14.0,20.0
1672,Account 0185,Orders,Shipped on credit,14301.0,Rep A,2022-07-22,2022-08-10,0,Key,CABA,Art supply store,VAT registered,22.0,30 days,15.0,39.0
1673,Account 0335,Orders,Shipped,14475.0,Rep B,2022-10-21,2022-11-01,5,Standard,BA Norte,Workshop,Final consumer,7.0,Upfront,6.0,3.0
1674,Account 0322,Orders,Shipped,13583.0,Rep A,2022-01-19,2022-02-10,0,Standard,AMBA Sur,Workshop,Simplified regime,15.0,Upfront,4.0,3.0
1675,Account 0267,Orders,Shipped on credit,14499.0,Rep A,2021-11-04,2022-01-21,0,Key,CABA,Art supply store,VAT registered,22.0,30 days,13.0,10.0
1676,Account 0319,Orders,Shipped,14714.0,Rep B,2023-03-01,2023-03-07,1,Standard,AMBA Sur,Other,Final consumer,22.0,Upfront,12.0,13.0
1677,Account 0495,Orders,Shipped,14407.0,Rep A,2022-07-04,2022-07-18,0,Low,La Pampa,Workshop,Simplified regime,15.0,Upfront,21.0,4.0
1678,Account 0426,Orders,Shipped,13981.0,Rep A,2023-02-27,2023-03-07,0,Low,CABA,Art supply store,VAT registered,7.0,Upfront,15.0,6.0
1679,Account 0174,Orders,Shipped,14575.0,Rep B,2023-01-26,2023-01-27,1,Standard,Mendoza,Workshop,Final consumer,28.0,,7.0,4.0
1680,Account 0496,Orders,Shipped,14077.0,Rep A,2022-09-20,2022-10-03,0,Low,AMBA Sur,Art supply store,Simplified regime,7.0,,2.0,3.0
1681,Account 0192,Orders,Shipped on credit,14381.0,Rep A,2022-01-17,2022-02-01,1,Key,Santa Fe,Workshop,Simplified regime,22.0,30 days,14.0,12.0
1682,Account 0359,Orders,Shipped,14486.0,Rep C,2022-03-16,2022-05-05,5,Low,Cordoba,Art supply store,Simplified regime,,Upfront,8.0,2.0
1683,Account 0480,Orders,Shipped,14381.0,Rep A,2022-02-07,2022-02-10,1,Standard,AMBA Norte,Art supply store,Simplified regime,7.0,Upfront,11.0,7.0
1684,Account 0125,Orders,Shipped,13732.0,Rep A,2022-03-22,2022-05-11,0,Churned,AMBA Norte,Other,Simplified regime,,Upfront,12.0,2.0
1685,Account 0453,Orders,Shipped,13485.0,Rep A,2022-07-08,2022-07-20,0,Low,AMBA Sur,Art supply store,VAT registered,15.0,,3.0,5.0
1686,Account 0307,Orders,Shipped,13579.0,Rep A,2022-01-21,2022-03-18,0,Key,Rio Negro,Art supply store,Simplified regime,15.0,,11.0,5.0
1687,Account 0258,Orders,Shipped on credit,13885.0,Rep B,2022-09-02,2022-10-11,3,Potential,AMBA Sur,Art supply store,VAT registered,22.0,,10.0,5.0
1688,Account 0454,Orders,Shipped,13887.0,Rep A,2022-04-04,2022-05-05,0,Low,AMBA Sur,Other,VAT registered,15.0,Upfront,4.0,2.0
1689,Account 0497,Orders,Shipped,13966.0,Rep A,2022-09-26,2022-10-03,2,Standard,Santa Fe,Art supply store,Simplified regime,7.0,Upfront,11.0,4.0
1690,Account 0023,Orders,Shipped,13684.0,Rep A,2022-03-11,2022-05-06,0,Key,Santa Fe,Art supply store,VAT registered,22.0,Upfront,16.0,4.0
1691,Account 0342,Orders,Shipped,14207.0,Rep A,2022-08-19,2022-09-02,4,Standard,Cordoba,Art supply store,Simplified regime,15.0,Upfront,12.0,5.0
1692,Account 0495,Orders,Shipped,14378.0,Rep A,2023-01-25,2023-03-14,16,Low,La Pampa,Workshop,Simplified regime,15.0,Upfront,21.0,4.0
1693,Account 0203,Orders,Shipped,13446.0,Rep B,2023-03-07,2023-03-09,0,Potential,Entre Rios,Art supply store,VAT registered,15.0,,14.0,3.0
1694,Account 0443,Orders,Shipped,14077.0,Rep A,2022-02-16,2022-03-10,0,Standard,BA Norte,Paint store,Simplified regime,15.0,Upfront,4.0,9.0
1695,Account 0173,Orders,Shipped,13962.0,Rep A,2022-01-14,2022-02-01,0,Standard,BA Norte,Paint store,VAT registered,15.0,Upfront,9.0,6.0
1696,Account 0468,Orders,Shipped,13745.0,Rep B,2023-01-09,2023-01-17,1,Low,BA Este,Art supply store,Simplified regime,,,6.0,6.0
1697,Account 0440,Orders,Shipped,13282.0,Rep A,2022-08-19,2022-09-02,5,Low,AMBA Sur,Art supply store,Simplified regime,15.0,,6.0,7.0
1698,Account 0443,Orders,Shipped,14086.0,Rep B,2022-12-29,2023-01-04,0,Standard,BA Norte,Paint store,Simplified regime,15.0,Upfront,4.0,9.0
1699,Account 0330,Orders,Shipped,14308.0,Rep A,2022-01-25,2022-02-03,0,Standard,AMBA Norte,Art supply store,VAT registered,7.0,,5.0,7.0
1700,Account 0164,Orders,Shipped,13981.0,Rep A,2022-07-26,2022-08-05,0,Standard,CABA,Art supply store,Simplified regime,22.0,Upfront,11.0,10.0
1701,Account 0295,Orders,Shipped,14241.0,Rep B,2023-01-20,2023-01-23,0,Standard,Chubut,Art supply store,Simplified regime,15.0,Upfront,10.0,5.0
1702,Account 0173,Orders,Shipped,14319.0,Rep B,2022-10-04,2022-10-17,0,Standard,BA Norte,Paint store,VAT registered,15.0,Upfront,9.0,6.0
1703,Account 0422,Orders,Shipped,13432.0,Rep C,2022-02-04,2022-02-14,1,Standard,BA Este,Art supply store,Simplified regime,7.0,Upfront,8.0,6.0
1704,Account 0452,Orders,Shipped,13760.0,Rep A,2022-03-08,2022-03-18,0,Standard,Corrientes,Workshop,Simplified regime,15.0,,4.0,7.0
1705,Account 0178,Orders,Shipped,13533.0,Rep B,2023-02-22,2023-03-07,0,Standard,BA Norte,Other,VAT registered,28.0,Upfront,6.0,10.0
1706,Account 0413,Orders,Shipped,14215.0,Rep B,2023-03-07,2023-03-09,0,Standard,BA Sur,Workshop,Simplified regime,15.0,Upfront,10.0,12.0
1707,Account 0497,Orders,Shipped,13003.0,Rep A,2022-07-27,2022-08-09,1,Standard,Santa Fe,Art supply store,Simplified regime,7.0,Upfront,11.0,4.0
1708,Account 0180,Orders,Shipped on credit,13430.0,Rep A,2022-06-21,2022-08-17,0,Potential,AMBA Norte,Workshop,Final consumer,22.0,30 days,16.0,14.0
1709,Account 0498,Orders,Shipped,14039.0,Rep B,2023-02-08,2023-02-10,1,Low,AMBA Sur,Workshop,Final consumer,7.0,,5.0,6.0
1710,Account 0499,Orders,Shipped,13213.0,Rep A,2021-10-21,2021-10-28,0,Churned,,Art supply store,Simplified regime,15.0,,1.0,1.0
1711,Account 0449,Orders,Shipped,13892.0,Rep A,2022-10-11,2022-10-17,1,Low,AMBA Norte,Workshop,Simplified regime,7.0,Upfront,9.0,13.0
1712,Account 0468,Orders,Shipped,13340.0,Rep A,2021-12-15,2022-01-10,0,Low,BA Este,Art supply store,Simplified regime,,,6.0,6.0
1713,Account 0440,Orders,Shipped,14131.0,Rep A,2022-06-13,2022-06-21,0,Low,AMBA Sur,Art supply store,Simplified regime,15.0,,6.0,7.0
1714,Account 0365,Orders,Shipped,13955.0,Rep A,2021-11-09,2022-02-22,0,Standard,AMBA Norte,Art supply store,VAT registered,15.0,,13.0,6.0
1715,Account 0283,Orders,Shipped,13173.0,Rep A,2023-01-30,2023-02-06,4,Standard,AMBA Norte,Art supply store,Simplified regime,15.0,Upfront,17.0,5.0
1716,Account 0409,Orders,Shipped,13793.0,Rep A,2023-01-26,2023-01-27,2,Standard,CABA,Other,Simplified regime,22.0,Upfront,17.0,53.0
1717,Account 0185,Orders,Shipped on credit,13191.0,Rep A,2023-01-02,2023-01-09,1,Key,CABA,Art supply store,VAT registered,22.0,30 days,15.0,39.0
1718,Account 0426,Orders,Shipped,13552.0,Rep A,2022-08-05,2022-08-25,0,Low,CABA,Art supply store,VAT registered,7.0,Upfront,15.0,6.0
1719,Account 0389,Orders,Shipped,13614.0,Rep A,2021-12-15,2022-01-10,0,Standard,AMBA Sur,Art supply store,VAT registered,15.0,Upfront,12.0,12.0
1720,Account 0480,Orders,Shipped,13840.0,Rep A,2022-03-04,2022-03-18,0,Standard,AMBA Norte,Art supply store,Simplified regime,7.0,Upfront,11.0,7.0
1721,Account 0293,Orders,Shipped,12751.0,Rep A,2022-06-06,2022-07-18,4,Standard,Tierra del Fuego,Art supply store,Exempt,7.0,Upfront,5.0,2.0
1722,Account 0409,Orders,Shipped,12989.0,Rep A,2022-11-17,2022-11-24,0,Standard,CABA,Other,Simplified regime,22.0,Upfront,17.0,53.0
1723,Account 0219,Orders,Shipped,13644.0,Rep A,2022-03-21,2022-05-09,2,Standard,AMBA Sur,Paint store,VAT registered,28.0,Upfront,6.0,4.0
1724,Account 0265,Orders,Shipped,13429.0,Rep A,2022-07-28,2022-08-08,0,Potential,AMBA Norte,Workshop,Simplified regime,22.0,,10.0,8.0
1725,Account 0390,Orders,Shipped,13327.0,Rep A,2022-07-21,2022-09-19,1,Standard,AMBA Norte,Art supply store,VAT registered,15.0,,8.0,7.0
1726,Account 0323,Orders,Shipped,12737.0,Rep A,2022-04-06,2022-05-09,0,Standard,CABA,Art supply store,Simplified regime,28.0,Upfront,13.0,7.0
1727,Account 0456,Orders,Shipped,13095.0,Rep A,2022-09-22,2022-10-03,0,Low,San Juan,Other,Simplified regime,7.0,Upfront,4.0,2.0
1728,Account 0164,Orders,Shipped,13756.0,Rep A,2022-07-05,2022-07-18,1,Standard,CABA,Art supply store,Simplified regime,22.0,Upfront,11.0,10.0
1729,Account 0494,Orders,Shipped,12636.0,Rep A,2022-08-19,2022-09-02,0,Low,BA Norte,Workshop,Final consumer,7.0,Upfront,7.0,7.0
1730,Account 0500,Orders,Shipped,13119.0,Rep A,2022-08-11,2022-08-17,1,Churned,AMBA Norte,Workshop,Final consumer,7.0,Upfront,6.0,4.0
1731,Account 0214,Orders,Shipped,13833.0,Rep A,2022-07-22,2022-08-08,1,Key,Santa Fe,Art supply store,VAT registered,22.0,,14.0,8.0
1732,Account 0427,Orders,Shipped,12644.0,Rep A,2022-09-06,2022-09-19,0,Low,AMBA Sur,Workshop,Final consumer,15.0,Upfront,2.0,6.0
1733,Account 0158,Orders,Shipped,13553.0,Rep A,2022-07-08,2022-07-27,2,Standard,Santa Fe,Art supply store,Simplified regime,22.0,Upfront,9.0,7.0
1734,Account 0480,Orders,Shipped,12863.0,Rep A,2022-06-06,2022-07-04,2,Standard,AMBA Norte,Art supply store,Simplified regime,7.0,Upfront,11.0,7.0
1735,Account 0501,Orders,Shipped,13663.0,Rep A,2022-06-15,2022-07-04,0,Low,AMBA Norte,Workshop,Final consumer,7.0,,6.0,2.0
1736,Account 0467,Orders,Shipped,13500.0,Rep A,2022-08-25,2022-09-06,2,Standard,Santa Fe,Other,Simplified regime,7.0,Upfront,7.0,6.0
1737,Account 0409,Orders,Shipped,13674.0,Rep A,2023-04-12,2023-04-17,0,Standard,CABA,Other,Simplified regime,22.0,Upfront,17.0,53.0
1738,Account 0178,Orders,Shipped,12783.0,Rep A,2022-02-22,2022-03-18,1,Standard,BA Norte,Other,VAT registered,28.0,Upfront,6.0,10.0
1739,Account 0502,Orders,Shipped,13167.0,Rep A,2021-11-09,2021-11-12,0,Low,Santa Cruz,Art supply store,VAT registered,7.0,,10.0,2.0
1740,Account 0455,Orders,Shipped,13478.0,Rep A,2022-06-01,2022-06-15,0,Churned,Entre Rios,Other,Simplified regime,7.0,Upfront,6.0,2.0
1741,Account 0352,Orders,Shipped,12731.0,Rep A,2022-07-28,2022-08-09,0,Churned,Salta,Workshop,Final consumer,15.0,Upfront,5.0,3.0
1742,Account 0247,Orders,Shipped,12676.0,Rep B,2022-09-27,2022-10-03,2,Standard,Corrientes,Other,Simplified regime,15.0,Upfront,8.0,4.0
1743,Account 0238,Orders,Shipped,12404.0,Rep A,2022-12-02,2022-12-15,3,Standard,Santa Fe,Art supply store,Final consumer,15.0,,11.0,8.0
1744,Account 0431,Orders,Shipped,13611.0,Rep A,2021-10-26,2021-11-01,0,Standard,AMBA Norte,Workshop,Final consumer,22.0,Upfront,10.0,7.0
1745,Account 0477,Orders,Shipped,13287.0,Rep A,2022-05-16,2022-05-26,0,Low,AMBA Sur,Art supply store,Simplified regime,7.0,Upfront,5.0,4.0
1746,Account 0189,Orders,Shipped,13186.0,Rep A,2022-10-17,2022-10-19,0,Potential,BA Atlantico,Art supply store,Simplified regime,22.0,Upfront,8.0,18.0
1747,Account 0388,Orders,Shipped,13288.0,Rep A,2022-05-12,2022-05-26,1,Standard,BA Centro,Art supply store,VAT registered,,,6.0,4.0
1748,Account 0277,Orders,Shipped,12989.0,Rep A,2022-07-28,2022-08-17,0,Potential,CABA,Art supply store,VAT registered,28.0,Upfront,15.0,20.0
1749,Account 0027,Orders,Shipped,12886.0,Rep A,2022-08-09,2022-08-17,0,Potential,AMBA Sur,Workshop,Simplified regime,22.0,Upfront,12.0,17.0
1750,Account 0361,Orders,Shipped,12845.0,Rep A,2022-04-29,2022-05-11,0,Churned,,Workshop,Simplified regime,15.0,,4.0,3.0
1751,Account 0503,Orders,Shipped,13090.0,Rep A,2022-11-15,2022-11-16,0,Standard,Misiones,Other,Simplified regime,7.0,Upfront,10.0,7.0
1752,Account 0138,Orders,Shipped,12513.0,Rep B,2022-09-30,2022-10-13,0,Key,Rio Negro,Art supply store,Simplified regime,22.0,Upfront,13.0,10.0
1753,Account 0462,Orders,Shipped,13395.0,Rep A,2023-01-11,2023-01-13,2,Low,Santa Fe,Workshop,Final consumer,15.0,Upfront,8.0,5.0
1754,Account 0354,Orders,Shipped,13295.0,Rep A,2021-12-09,2021-12-09,0,Standard,AMBA Norte,Workshop,Final consumer,15.0,,13.0,6.0
1755,Account 0302,Orders,Shipped,12698.0,Rep A,2022-01-19,2022-01-21,0,Standard,AMBA Norte,Art supply store,VAT registered,15.0,Upfront,16.0,10.0
1756,Account 0354,Orders,Shipped,12965.0,Rep C,2022-01-25,2022-02-10,0,Standard,AMBA Norte,Workshop,Final consumer,15.0,,13.0,6.0
1757,Account 0194,Orders,Shipped,12398.0,Rep A,2022-03-22,2022-05-02,0,Standard,BA Norte,Paint store,VAT registered,,Upfront,7.0,4.0
1758,Account 0349,Orders,Shipped,13457.0,Rep A,2022-05-13,2022-05-26,0,Low,AMBA Norte,Workshop,VAT registered,7.0,Upfront,5.0,7.0
1759,Account 0409,Orders,Shipped,13360.0,Rep A,2022-09-28,2022-10-03,2,Standard,CABA,Other,Simplified regime,22.0,Upfront,17.0,53.0
1760,Account 0185,Orders,Shipped on credit,13338.0,Rep A,2022-12-05,2022-12-16,0,Key,CABA,Art supply store,VAT registered,22.0,30 days,15.0,39.0
1761,Account 0277,Orders,Shipped,12555.0,Rep A,2022-06-10,2022-07-04,0,Potential,CABA,Art supply store,VAT registered,28.0,Upfront,15.0,20.0
1762,Account 0214,Orders,Shipped,12338.0,Rep A,2022-09-13,2022-10-03,5,Key,Santa Fe,Art supply store,VAT registered,22.0,,14.0,8.0
1763,Account 0161,Orders,Shipped,12383.0,Rep A,2022-04-22,2022-05-10,3,Standard,Santa Fe,Workshop,Final consumer,15.0,Upfront,11.0,6.0
1764,Account 0427,Orders,Shipped,12220.0,Rep A,2021-11-17,2022-02-15,0,Low,AMBA Sur,Workshop,Final consumer,15.0,Upfront,2.0,6.0
1765,Account 0279,Orders,Shipped,12251.0,Rep C,2022-04-22,2022-05-11,2,Standard,AMBA Sur,Art supply store,Simplified regime,15.0,,10.0,8.0
1766,Account 0028,Orders,Shipped on credit,12186.0,Rep A,2022-03-25,2022-05-05,0,Strategic,Cordoba,Art supply store,VAT registered,22.0,Open account,6.0,6.0
1767,Account 0467,Orders,Shipped,13347.0,Rep A,2022-03-11,2022-03-18,1,Standard,Santa Fe,Other,Simplified regime,7.0,Upfront,7.0,6.0
1768,Account 0134,Orders,Shipped,12171.0,Rep A,2022-03-23,2022-05-02,0,Churned,CABA,Art supply store,VAT registered,7.0,,11.0,3.0
1769,Account 0449,Orders,Shipped,12231.0,Rep A,2022-11-03,2022-11-04,0,Low,AMBA Norte,Workshop,Simplified regime,7.0,Upfront,9.0,13.0
1770,Account 0503,Orders,Shipped,13079.0,Rep B,2022-09-29,2022-10-13,4,Standard,Misiones,Other,Simplified regime,7.0,Upfront,10.0,7.0
1771,Account 0504,Orders,Shipped,12758.0,Rep B,2022-09-13,2022-10-03,4,Key,Tierra del Fuego,Art supply store,Simplified regime,7.0,,5.0,1.0
1772,Account 0363,Orders,Shipped,12999.0,Rep C,2022-08-11,2022-09-06,5,Standard,Santa Fe,Workshop,Simplified regime,15.0,,15.0,7.0
1773,Account 0390,Orders,Shipped,12808.0,Rep A,2022-03-11,2022-03-18,0,Standard,AMBA Norte,Art supply store,VAT registered,15.0,,8.0,7.0
1774,Account 0114,Orders,Shipped,13105.0,Rep A,2022-07-07,2022-07-20,3,Potential,BA Atlantico,Paint store,VAT registered,28.0,,10.0,5.0
1775,Account 0453,Orders,Shipped,12796.0,Rep C,2022-02-14,2022-03-07,2,Low,AMBA Sur,Art supply store,VAT registered,15.0,,3.0,5.0
1776,Account 0441,Orders,Shipped,12648.0,Rep A,2022-07-26,2022-08-08,0,Standard,CABA,Other,VAT registered,15.0,Upfront,3.0,3.0
1777,Account 0449,Orders,Shipped,12839.0,Rep A,2022-08-29,2022-09-02,2,Low,AMBA Norte,Workshop,Simplified regime,7.0,Upfront,9.0,13.0
1778,Account 0498,Orders,Shipped,12503.0,Rep B,2022-10-20,2022-11-01,3,Low,AMBA Sur,Workshop,Final consumer,7.0,,5.0,6.0
1779,Account 0119,Orders,Shipped,12369.0,Rep A,2022-03-04,2022-03-18,0,Potential,Chubut,Art supply store,Simplified regime,15.0,Upfront,17.0,7.0
1780,Account 0460,Orders,Shipped,12521.0,Rep C,2022-02-23,2022-05-11,1,Standard,AMBA Norte,Art supply store,Simplified regime,28.0,Upfront,7.0,7.0
1781,Account 0460,Orders,Shipped,12147.0,Rep A,2022-03-07,2022-03-31,0,Standard,AMBA Norte,Art supply store,Simplified regime,28.0,Upfront,7.0,7.0
1782,Account 0480,Orders,Shipped,12924.0,Rep A,2022-04-18,2022-05-09,2,Standard,AMBA Norte,Art supply store,Simplified regime,7.0,Upfront,11.0,7.0
1783,Account 0185,Orders,Shipped,12232.0,Rep A,2021-10-21,2021-11-01,0,Key,CABA,Art supply store,VAT registered,22.0,30 days,15.0,39.0
1784,Account 0346,Orders,Shipped,12084.0,Rep A,2022-02-10,2022-02-18,0,Standard,San Luis,Art supply store,Simplified regime,15.0,,6.0,9.0
1785,Account 0182,Orders,Shipped,12186.0,Rep A,2022-03-11,2022-03-18,0,Standard,AMBA Norte,Art supply store,VAT registered,22.0,Upfront,13.0,6.0
1786,Account 0409,Orders,Shipped,12922.0,Rep A,2023-03-28,2023-03-30,0,Standard,CABA,Other,Simplified regime,22.0,Upfront,17.0,53.0
1787,Account 0505,Orders,Shipped,12263.0,Rep A,2022-08-22,2022-09-02,0,Low,BA Atlantico,Workshop,Simplified regime,,Upfront,2.0,3.0
1788,Account 0506,Orders,Shipped,12704.0,Rep A,2021-11-16,2022-02-15,0,Churned,Cordoba,Other,Final consumer,,Upfront,9.0,6.0
1789,Account 0267,Orders,Shipped on credit,12917.0,Rep A,2022-10-27,2023-01-06,1,Key,CABA,Art supply store,VAT registered,22.0,30 days,13.0,10.0
1790,Account 0104,Orders,Shipped on credit,11933.0,Rep A,2022-07-22,2022-08-26,6,Churned,AMBA Norte,Other,VAT registered,22.0,Upfront,7.0,5.0
1791,Account 0507,Orders,Shipped,12773.0,Rep A,2021-11-01,2021-11-09,0,Churned,BA Atlantico,Other,Simplified regime,,,11.0,1.0
1792,Account 0447,Orders,Shipped,12186.0,Rep A,2022-08-19,2022-09-09,2,Low,CABA,Workshop,Final consumer,7.0,,6.0,2.0
1793,Account 0180,Orders,Shipped on credit,12063.0,Rep A,2022-05-19,2022-07-07,1,Potential,AMBA Norte,Workshop,Final consumer,22.0,30 days,16.0,14.0
1794,Account 0071,Orders,Shipped on credit,12641.0,Rep A,2022-09-19,2022-11-24,1,Potential,CABA,Art supply store,Simplified regime,22.0,30 days,20.0,14.0
1795,Account 0287,Orders,Shipped,12911.0,Rep A,2022-10-11,2022-10-24,0,Standard,BA Atlantico,Workshop,Final consumer,22.0,Upfront,5.0,8.0
1796,Account 0219,Orders,Shipped,12130.0,Rep A,2022-01-21,2022-02-14,0,Standard,AMBA Sur,Paint store,VAT registered,28.0,Upfront,6.0,4.0
1797,Account 0225,Orders,Shipped,12453.0,Rep A,2021-12-14,2022-01-10,0,Standard,AMBA Sur,Other,VAT registered,15.0,Upfront,12.0,4.0
1798,Account 0154,Orders,Shipped,12078.0,Rep C,2023-02-27,2023-03-07,0,Standard,BA Este,Other,VAT registered,22.0,,4.0,3.0
1799,Account 0126,Orders,Shipped,12403.0,Rep A,2022-07-01,2022-07-27,2,Standard,CABA,Workshop,VAT registered,22.0,,11.0,5.0
1800,Account 0508,Orders,Shipped on credit,12481.0,Rep C,2022-05-23,2022-07-21,0,Low,AMBA Norte,Art supply store,Simplified regime,15.0,,4.0,3.0
1801,Account 0024,Orders,Shipped,12448.0,Rep A,2022-01-19,2022-02-01,0,Strategic,CABA,Paint store,VAT registered,28.0,Upfront,13.0,33.0
1802,Account 0451,Orders,Shipped,12451.0,Rep A,2022-01-17,2022-02-04,0,Standard,AMBA Norte,Art supply store,Simplified regime,15.0,Upfront,11.0,7.0
1803,Account 0509,Orders,Shipped,11838.0,Rep A,2021-12-16,2021-12-29,0,Churned,AMBA Sur,Art supply store,Simplified regime,15.0,,2.0,1.0
1804,Account 0422,Orders,Shipped,12511.0,Rep B,2022-08-25,2022-09-22,2,Standard,BA Este,Art supply store,Simplified regime,7.0,Upfront,8.0,6.0
1805,Account 0472,Orders,Shipped on credit,12486.0,Rep A,2021-12-22,2022-02-22,0,Low,BA Norte,Art supply store,Simplified regime,7.0,Open account,1.0,4.0
1806,Account 0510,Orders,Shipped,12464.0,Rep A,2022-07-04,2022-07-18,0,Low,AMBA Sur,Workshop,Final consumer,7.0,,3.0,3.0
1807,Account 0324,Orders,Shipped,11713.0,Rep A,2022-07-22,2022-08-08,0,Standard,BA Sur,Art supply store,Final consumer,,Upfront,2.0,10.0
1808,Account 0406,Orders,Shipped,12161.0,Rep A,2021-10-25,2021-10-28,0,Standard,Mendoza,Other,Final consumer,7.0,Upfront,9.0,3.0
1809,Account 0496,Orders,Shipped,12114.0,Rep B,2022-10-28,2022-11-07,1,Low,AMBA Sur,Art supply store,Simplified regime,7.0,,2.0,3.0
1810,Account 0511,Orders,Shipped,11714.0,Rep A,2021-11-17,2022-02-15,0,Churned,Cordoba,Workshop,Simplified regime,7.0,,2.0,1.0
1811,Account 0512,Orders,Shipped,11867.0,Rep A,2021-11-15,2022-01-12,0,Low,BA Atlantico,Art supply store,VAT registered,7.0,,2.0,1.0
1812,Account 0503,Orders,Shipped,12128.0,Rep A,2022-08-19,2022-08-25,0,Standard,Misiones,Other,Simplified regime,7.0,Upfront,10.0,7.0
1813,Account 0513,Orders,Shipped,12494.0,Rep A,2022-02-04,2022-02-10,0,Churned,CABA,Other,Simplified regime,7.0,,4.0,1.0
1814,Account 0229,Orders,Shipped,11863.0,Rep C,2022-02-01,2022-02-10,1,Standard,AMBA Sur,Art supply store,Final consumer,7.0,,10.0,4.0
1815,Account 0319,Orders,Shipped,12570.0,Rep C,2022-03-29,2022-05-02,0,Standard,AMBA Sur,Other,Final consumer,22.0,Upfront,12.0,13.0
1816,Account 0514,Orders,Shipped,12220.0,Rep A,2022-11-15,2022-11-24,0,Low,AMBA Norte,Art supply store,Simplified regime,7.0,,4.0,6.0
1817,Account 0284,Orders,Shipped,12475.0,Rep A,2022-08-09,2022-08-25,3,Standard,Neuquen,Workshop,Final consumer,7.0,Upfront,6.0,3.0
1818,Account 0351,Orders,Shipped,12098.0,Rep B,2022-09-27,2022-10-13,3,Standard,Entre Rios,Other,Final consumer,7.0,Upfront,6.0,2.0
1819,Account 0434,Orders,Shipped,12104.0,Rep A,2021-11-17,2022-02-15,0,Standard,Santa Fe,Workshop,Simplified regime,15.0,Upfront,10.0,11.0
1820,Account 0422,Orders,Shipped,12221.0,Rep A,2021-12-01,2022-01-12,0,Standard,BA Este,Art supply store,Simplified regime,7.0,Upfront,8.0,6.0
1821,Account 0515,Orders,Shipped,12548.0,Rep A,2021-12-10,2022-01-11,0,Churned,Salta,Workshop,Final consumer,15.0,,3.0,1.0
1822,Account 0498,Orders,Shipped,12022.0,Rep A,2022-11-14,2022-11-22,0,Low,AMBA Sur,Workshop,Final consumer,7.0,,5.0,6.0
1823,Account 0299,Orders,Shipped,12037.0,Rep A,2022-07-07,2022-07-20,2,Churned,BA Este,Other,Final consumer,22.0,Upfront,6.0,10.0
1824,Account 0324,Orders,Shipped,12114.0,Rep A,2022-10-04,2022-10-14,0,Standard,BA Sur,Art supply store,Final consumer,,Upfront,2.0,10.0
1825,Account 0086,Orders,Shipped on credit,12276.0,Rep A,2022-01-20,2022-05-11,0,Standard,CABA,Workshop,Simplified regime,22.0,Open account,21.0,12.0
1826,Account 0516,Orders,Shipped,11426.0,Rep A,2021-11-17,2022-02-15,0,Churned,San Juan,Other,Simplified regime,22.0,,1.0,1.0
1827,Account 0434,Orders,Shipped,11953.0,Rep A,2022-01-27,2022-02-03,0,Standard,Santa Fe,Workshop,Simplified regime,15.0,Upfront,10.0,11.0
1828,Account 0413,Orders,Shipped,11905.0,Rep A,2022-08-31,2022-09-19,0,Standard,BA Sur,Workshop,Simplified regime,15.0,Upfront,10.0,12.0
1829,Account 0517,Orders,Shipped,12413.0,Rep A,2021-11-16,2022-02-15,0,Maker,,,,,,1.0,1.0
1830,Account 0185,Orders,Shipped on credit,11852.0,Rep A,2022-03-11,2022-03-18,0,Key,CABA,Art supply store,VAT registered,22.0,30 days,15.0,39.0
1831,Account 0424,Orders,Shipped,11817.0,Rep A,2022-03-23,2022-04-22,0,Standard,Entre Rios,Paint store,VAT registered,7.0,,10.0,6.0
1832,Account 0422,Orders,Shipped,12399.0,Rep A,2022-03-11,2022-05-11,2,Standard,BA Este,Art supply store,Simplified regime,7.0,Upfront,8.0,6.0
1833,Account 0307,Orders,Shipped,11788.0,Rep A,2022-07-05,2022-08-17,3,Key,Rio Negro,Art supply store,Simplified regime,15.0,,11.0,5.0
1834,Account 0453,Orders,Shipped,11462.0,Rep A,2022-09-20,2022-09-27,0,Low,AMBA Sur,Art supply store,VAT registered,15.0,,3.0,5.0
1835,Account 0338,Orders,Shipped,11480.0,Rep A,2022-05-02,2022-05-11,0,Key,Santa Fe,Other,VAT registered,15.0,Upfront,9.0,4.0
1836,Account 0122,Orders,Shipped,11306.0,Rep A,2022-11-30,2022-12-07,0,Standard,AMBA Norte,Art supply store,VAT registered,22.0,Upfront,17.0,10.0
1837,Account 0140,Orders,Shipped,11162.0,Rep A,2022-03-30,2022-06-15,0,Churned,AMBA Norte,Paint store,VAT registered,15.0,Upfront,5.0,3.0
1838,Account 0395,Orders,Shipped,11642.0,Rep A,2022-06-27,2022-07-11,0,Standard,Neuquen,Art supply store,Simplified regime,15.0,Upfront,9.0,6.0
1839,Account 0445,Orders,Shipped,12017.0,Rep A,2022-03-04,2022-03-17,0,Standard,AMBA Norte,Art supply store,VAT registered,15.0,Upfront,14.0,20.0
1840,Account 0323,Orders,Shipped,11964.0,Rep A,2022-02-14,2022-03-10,0,Standard,CABA,Art supply store,Simplified regime,28.0,Upfront,13.0,7.0
1841,Account 0460,Orders,Shipped,11136.0,Rep A,2021-10-22,2021-12-29,0,Standard,AMBA Norte,Art supply store,Simplified regime,28.0,Upfront,7.0,7.0
1842,Account 0428,Orders,Shipped,11764.0,Rep A,2022-09-16,2022-10-03,2,Low,AMBA Norte,Workshop,Final consumer,7.0,Upfront,5.0,2.0
1843,Account 0413,Orders,Shipped,11271.0,Rep C,2022-03-11,2022-03-18,1,Standard,BA Sur,Workshop,Simplified regime,15.0,Upfront,10.0,12.0
1844,Account 0451,Orders,Shipped,12171.0,Rep A,2022-04-26,2022-05-11,2,Standard,AMBA Norte,Art supply store,Simplified regime,15.0,Upfront,11.0,7.0
1845,Account 0194,Orders,Shipped,11257.0,Rep A,2022-05-10,2022-07-04,2,Standard,BA Norte,Paint store,VAT registered,,Upfront,7.0,4.0
1846,Account 0094,Orders,Shipped,11771.0,Rep A,2022-06-21,2022-07-04,0,Standard,CABA,Paint store,VAT registered,22.0,Upfront,10.0,6.0
1847,Account 0518,Orders,Shipped,11407.0,Rep A,2021-11-09,2021-11-12,0,Churned,CABA,Workshop,Final consumer,22.0,Upfront,17.0,7.0
1848,Account 0279,Orders,Shipped,11765.0,Rep A,2022-02-09,2022-02-11,0,Standard,AMBA Sur,Art supply store,Simplified regime,15.0,,10.0,8.0
1849,Account 0117,Orders,Shipped,11497.0,Rep A,2022-09-06,2022-09-27,3,Potential,Chaco,Other,VAT registered,22.0,Upfront,10.0,6.0
1850,Account 0451,Orders,Shipped,11830.0,Rep A,2022-06-29,2022-07-11,0,Standard,AMBA Norte,Art supply store,Simplified regime,15.0,Upfront,11.0,7.0
1851,Account 0017,Orders,Shipped,11213.0,Rep A,2022-03-03,2022-03-18,0,Churned,Mendoza,Distributor,VAT registered,22.0,Upfront,5.0,6.0
1852,Account 0397,Orders,Shipped,11989.0,Rep A,2022-07-06,2022-07-27,3,Standard,AMBA Sur,Art supply store,VAT registered,15.0,,13.0,6.0
1853,Account 0409,Orders,Shipped,11516.0,Rep A,2022-03-02,2022-03-15,0,Standard,CABA,Other,Simplified regime,22.0,Upfront,17.0,53.0
1854,Account 0409,Orders,Shipped,11794.0,Rep A,2023-02-24,2023-03-07,0,Standard,CABA,Other,Simplified regime,22.0,Upfront,17.0,53.0
1855,Account 0416,Orders,Shipped,11880.0,Rep C,2022-03-22,2022-05-02,1,Standard,AMBA Norte,Paint store,VAT registered,15.0,Upfront,15.0,5.0
1856,Account 0424,Orders,Shipped,12046.0,Rep A,2021-11-26,2022-01-11,0,Standard,Entre Rios,Paint store,VAT registered,7.0,,10.0,6.0
1857,Account 0308,Orders,Shipped,11150.0,Rep C,2022-03-14,2022-05-09,1,Standard,La Rioja,Art supply store,Simplified regime,7.0,Upfront,6.0,3.0
1858,Account 0093,Orders,Shipped,11222.0,Rep A,2022-07-29,2022-08-17,0,Potential,Santa Fe,Paint store,VAT registered,22.0,Upfront,9.0,6.0
1859,Account 0365,Orders,Shipped,11167.0,Rep A,2022-09-12,2022-09-23,4,Standard,AMBA Norte,Art supply store,VAT registered,15.0,,13.0,6.0
1860,Account 0389,Orders,Shipped,11179.0,Rep B,2022-10-13,2022-10-28,2,Standard,AMBA Sur,Art supply store,VAT registered,15.0,Upfront,12.0,12.0
1861,Account 0164,Orders,Shipped,11537.0,Rep A,2021-10-26,2021-11-01,0,Standard,CABA,Art supply store,Simplified regime,22.0,Upfront,11.0,10.0
1862,Account 0422,Orders,Shipped,11996.0,Rep A,2022-05-27,2022-06-15,1,Standard,BA Este,Art supply store,Simplified regime,7.0,Upfront,8.0,6.0
1863,Account 0131,Orders,Shipped,11963.0,Rep A,2022-01-31,2022-03-10,0,Standard,AMBA Sur,Other,Simplified regime,15.0,Upfront,11.0,3.0
1864,Account 0209,Orders,Shipped,11383.0,Rep A,2022-07-08,2022-07-27,1,Low,Cordoba,Workshop,Simplified regime,7.0,,6.0,3.0
1865,Account 0185,Orders,Shipped,11499.0,Rep A,2022-03-02,2022-03-17,0,Key,CABA,Art supply store,VAT registered,22.0,30 days,15.0,39.0
1866,Account 0394,Orders,Shipped,11709.0,Rep A,2022-01-28,2022-02-04,0,Low,Cordoba,Art supply store,Simplified regime,15.0,,7.0,4.0
1867,Account 0389,Orders,Shipped,11787.0,Rep A,2021-11-05,2021-12-29,0,Standard,AMBA Sur,Art supply store,VAT registered,15.0,Upfront,12.0,12.0
1868,Account 0324,Orders,Shipped,10948.0,Rep A,2022-08-26,2022-09-19,0,Standard,BA Sur,Art supply store,Final consumer,,Upfront,2.0,10.0
1869,Account 0374,Orders,Shipped,11292.0,Rep A,2022-07-27,2022-08-17,3,Low,BA Centro,Workshop,Simplified regime,,,7.0,2.0
1870,Account 0417,Orders,Shipped,11629.0,Rep C,2022-05-09,2022-10-03,0,Churned,Santa Fe,Art supply store,Simplified regime,28.0,,6.0,2.0
1871,Account 0216,Orders,Shipped,11022.0,Rep A,2022-05-24,2022-06-15,2,Potential,Entre Rios,Workshop,Simplified regime,15.0,Upfront,13.0,9.0
1872,Account 0449,Orders,Shipped,11165.0,Rep A,2022-11-28,2022-11-29,2,Low,AMBA Norte,Workshop,Simplified regime,7.0,Upfront,9.0,13.0
1873,Account 0178,Orders,Shipped,11772.0,Rep A,2022-04-12,2022-05-06,0,Standard,BA Norte,Other,VAT registered,28.0,Upfront,6.0,10.0
1874,Account 0185,Orders,Shipped on credit,11767.0,Rep A,2021-11-17,2022-02-22,0,Key,CABA,Art supply store,VAT registered,22.0,30 days,15.0,39.0
1875,Account 0434,Orders,Shipped,11652.0,Rep A,2022-04-07,2022-05-05,0,Standard,Santa Fe,Workshop,Simplified regime,15.0,Upfront,10.0,11.0
1876,Account 0389,Orders,Shipped,11507.0,Rep B,2023-01-09,2023-01-13,0,Standard,AMBA Sur,Art supply store,VAT registered,15.0,Upfront,12.0,12.0
1877,Account 0158,Orders,Shipped,10902.0,Rep A,2022-08-02,2022-08-17,0,Standard,Santa Fe,Art supply store,Simplified regime,22.0,Upfront,9.0,7.0
1878,Account 0086,Orders,Shipped on credit,10958.0,Rep A,2022-11-03,2022-12-15,2,Standard,CABA,Workshop,Simplified regime,22.0,Open account,21.0,12.0
1879,Account 0519,Orders,Shipped on credit,11193.0,Rep A,2022-04-27,2022-07-04,0,Low,AMBA Sur,Workshop,Final consumer,7.0,Upfront,3.0,3.0
1880,Account 0520,Orders,Shipped,11163.0,Rep A,2021-10-21,2022-01-11,0,Churned,BA Atlantico,Other,Simplified regime,15.0,,3.0,1.0
1881,Account 0413,Orders,Shipped,11098.0,Rep A,2021-11-23,2021-12-29,0,Standard,BA Sur,Workshop,Simplified regime,15.0,Upfront,10.0,12.0
1882,Account 0521,Orders,Shipped,11230.0,Rep B,2022-10-06,2022-10-17,3,Low,BA Atlantico,Art supply store,Simplified regime,7.0,Upfront,9.0,7.0
1883,Account 0522,Orders,Shipped,10938.0,Rep A,2023-04-03,2023-04-05,0,Standard,Tierra del Fuego,Workshop,Exempt,15.0,,0.0,1.0
1884,Account 0389,Orders,Shipped,11300.0,Rep A,2022-06-14,2022-07-04,2,Standard,AMBA Sur,Art supply store,VAT registered,15.0,Upfront,12.0,12.0
1885,Account 0346,Orders,Shipped,10831.0,Rep A,2022-08-02,2022-08-17,0,Standard,San Luis,Art supply store,Simplified regime,15.0,,6.0,9.0
1886,Account 0506,Orders,Shipped,10826.0,Rep A,2022-01-20,2022-02-03,0,Churned,Cordoba,Other,Final consumer,,Upfront,9.0,6.0
1887,Account 0361,Orders,Shipped,10594.0,Rep A,2022-01-26,2022-02-14,0,Churned,,Workshop,Simplified regime,15.0,,4.0,3.0
1888,Account 0396,Orders,Shipped,10657.0,Rep A,2021-11-01,2021-11-03,0,Churned,AMBA Norte,Workshop,Final consumer,15.0,,9.0,3.0
1889,Account 0521,Orders,Shipped,11364.0,Rep C,2022-05-12,2022-05-20,4,Low,BA Atlantico,Art supply store,Simplified regime,7.0,Upfront,9.0,7.0
1890,Account 0202,Orders,Shipped,10894.0,Rep A,2022-06-15,2022-07-18,2,Standard,BA Norte,Workshop,Simplified regime,28.0,,7.0,10.0
1891,Account 0195,Orders,Shipped,10646.0,Rep A,2021-11-04,2022-02-21,0,Potential,BA Centro,Paint store,VAT registered,22.0,,15.0,12.0
1892,Account 0186,Orders,Shipped,11197.0,Rep A,2022-07-07,2022-08-08,2,Standard,Santiago del Estero,Workshop,Simplified regime,22.0,,13.0,8.0
1893,,Orders,Shipped,10939.0,Rep A,2022-01-21,2022-02-03,0,,,,,,,,
1894,Account 0368,Orders,Shipped,10332.0,Rep A,2022-04-18,2022-05-12,0,Standard,AMBA Norte,Paint store,VAT registered,15.0,Upfront,6.0,9.0
1895,Account 0363,Orders,Shipped,10652.0,Rep A,2022-03-30,2022-05-02,0,Standard,Santa Fe,Workshop,Simplified regime,15.0,,15.0,7.0
1896,Account 0409,Orders,Shipped,10501.0,Rep A,2022-10-13,2022-10-19,0,Standard,CABA,Other,Simplified regime,22.0,Upfront,17.0,53.0
1897,Account 0122,Orders,Shipped,10994.0,Rep A,2021-11-04,2021-11-09,0,Standard,AMBA Norte,Art supply store,VAT registered,22.0,Upfront,17.0,10.0
1898,Account 0415,Orders,Shipped,10578.0,Rep A,2022-02-07,2022-02-10,0,Standard,San Luis,Paint store,VAT registered,15.0,Upfront,7.0,9.0
1899,Account 0409,Orders,Shipped,10325.0,Rep A,2023-02-01,2023-02-06,1,Standard,CABA,Other,Simplified regime,22.0,Upfront,17.0,53.0
1900,Account 0182,Orders,Shipped,10311.0,Rep A,2021-11-10,2022-01-12,0,Standard,AMBA Norte,Art supply store,VAT registered,22.0,Upfront,13.0,6.0
1901,Account 0390,Orders,Shipped,10872.0,Rep C,2022-06-02,2022-07-04,3,Standard,AMBA Norte,Art supply store,VAT registered,15.0,,8.0,7.0
1902,Account 0479,Orders,Shipped,10247.0,Rep A,2022-05-24,2022-06-15,0,Standard,AMBA Sur,Workshop,Simplified regime,15.0,,9.0,4.0
1903,Account 0519,Orders,Shipped,11114.0,Rep A,2022-02-11,2022-03-09,0,Low,AMBA Sur,Workshop,Final consumer,7.0,Upfront,3.0,3.0
1904,Account 0226,Orders,Shipped,10370.0,Rep B,2022-09-05,2022-10-03,10,Standard,AMBA Sur,Art supply store,VAT registered,15.0,Upfront,15.0,2.0
1905,Account 0258,Orders,Shipped on credit,10843.0,Rep B,2022-09-02,2022-10-11,3,Potential,AMBA Sur,Art supply store,VAT registered,22.0,,10.0,5.0
1906,Account 0192,Orders,Shipped,10603.0,Rep A,2021-11-08,2021-12-28,0,Key,Santa Fe,Workshop,Simplified regime,22.0,30 days,14.0,12.0
1907,Account 0083,Orders,Shipped,10582.0,Rep A,2022-09-22,2022-10-03,0,Key,AMBA Norte,Art supply store,Simplified regime,7.0,Upfront,9.0,7.0
1908,Account 0234,Orders,Shipped,10181.0,Rep A,2022-04-29,2022-05-11,0,Standard,BA Este,Art supply store,Simplified regime,22.0,Upfront,8.0,11.0
1909,Account 0427,Orders,Shipped,10934.0,Rep A,2022-01-24,2022-02-03,0,Low,AMBA Sur,Workshop,Final consumer,15.0,Upfront,2.0,6.0
1910,Account 0386,Orders,Shipped,11029.0,Rep C,2022-01-25,2022-02-04,1,Low,AMBA Sur,Art supply store,Simplified regime,7.0,,9.0,2.0
1911,Account 0449,Orders,Shipped,10058.0,Rep A,2023-03-08,2023-03-10,0,Low,AMBA Norte,Workshop,Simplified regime,7.0,Upfront,9.0,13.0
1912,Account 0394,Orders,Shipped,10222.0,Rep A,2021-10-21,2021-12-09,0,Low,Cordoba,Art supply store,Simplified regime,15.0,,7.0,4.0
1913,Account 0413,Orders,Shipped,10983.0,Rep A,2022-05-30,2022-07-04,1,Standard,BA Sur,Workshop,Simplified regime,15.0,Upfront,10.0,12.0
1914,Account 0375,Orders,Shipped,10606.0,Rep A,2022-05-02,2022-05-11,2,Standard,Santa Fe,Workshop,Simplified regime,15.0,Upfront,11.0,8.0
1915,Account 0460,Orders,Shipped,10046.0,Rep A,2022-01-24,2022-02-10,0,Standard,AMBA Norte,Art supply store,Simplified regime,28.0,Upfront,7.0,7.0
1916,Account 0415,Orders,Shipped,10039.0,Rep B,2022-09-09,2022-09-19,0,Standard,San Luis,Paint store,VAT registered,15.0,Upfront,7.0,9.0
1917,Account 0324,Orders,Shipped,10473.0,Rep A,2021-11-16,2021-12-29,0,Standard,BA Sur,Art supply store,Final consumer,,Upfront,2.0,10.0
1918,Account 0382,Orders,Shipped,10512.0,Rep A,2022-01-13,2022-01-26,0,Standard,AMBA Norte,Other,VAT registered,15.0,,12.0,5.0
1919,Account 0479,Orders,Shipped,10373.0,Rep A,2022-01-20,2022-03-09,0,Standard,AMBA Sur,Workshop,Simplified regime,15.0,,9.0,4.0
1920,Account 0449,Orders,Shipped,10730.0,Rep A,2022-05-17,2022-05-26,0,Low,AMBA Norte,Workshop,Simplified regime,7.0,Upfront,9.0,13.0
1921,Account 0337,Orders,Shipped,10243.0,Rep A,2022-06-15,2022-07-04,2,Low,AMBA Sur,Workshop,Simplified regime,7.0,Upfront,3.0,4.0
1922,Account 0397,Orders,Shipped,10039.0,Rep B,2022-09-29,2022-10-17,2,Standard,AMBA Sur,Art supply store,VAT registered,15.0,,13.0,6.0
1923,Account 0508,Orders,Shipped,10198.0,Rep A,2022-02-02,2022-02-10,0,Low,AMBA Norte,Art supply store,Simplified regime,15.0,,4.0,3.0
1924,Account 0047,Orders,Shipped,10057.0,Rep A,2021-11-12,2021-12-29,0,Key,Cordoba,Other,VAT registered,22.0,,7.0,3.0
1925,Account 0397,Orders,Shipped,9909.0,Rep A,2021-10-28,2021-11-12,0,Standard,AMBA Sur,Art supply store,VAT registered,15.0,,13.0,6.0
1926,Account 0445,Orders,Shipped,9724.0,Rep A,2022-03-23,2022-05-02,0,Standard,AMBA Norte,Art supply store,VAT registered,15.0,Upfront,14.0,20.0
1927,Account 0523,Orders,Shipped,10024.0,Rep A,2021-11-02,2021-11-12,0,Churned,AMBA Norte,Art supply store,Simplified regime,7.0,,5.0,1.0
1928,Account 0285,Orders,Shipped,10389.0,Rep C,2022-03-14,2022-03-31,0,Standard,Neuquen,Art supply store,VAT registered,22.0,Upfront,7.0,4.0
1929,Account 0508,Orders,Shipped,9640.0,Rep A,2021-11-03,2021-11-12,0,Low,AMBA Norte,Art supply store,Simplified regime,15.0,,4.0,3.0
1930,Account 0452,Orders,Shipped,10059.0,Rep C,2022-06-01,2022-06-15,4,Standard,Corrientes,Workshop,Simplified regime,15.0,,4.0,7.0
1931,Account 0276,Orders,Shipped,10263.0,Rep A,2022-08-04,2022-08-17,0,Low,Santa Fe,Workshop,Final consumer,15.0,,4.0,3.0
1932,Account 0449,Orders,Shipped,10221.0,Rep A,2022-04-25,2022-05-10,0,Low,AMBA Norte,Workshop,Simplified regime,7.0,Upfront,9.0,13.0
1933,Account 0416,Orders,Shipped,10347.0,Rep A,2022-05-12,2022-07-04,0,Standard,AMBA Norte,Paint store,VAT registered,15.0,Upfront,15.0,5.0
1934,Account 0497,Orders,Shipped,10363.0,Rep A,2022-04-25,2022-05-10,0,Standard,Santa Fe,Art supply store,Simplified regime,7.0,Upfront,11.0,4.0
1935,Account 0426,Orders,Shipped,10201.0,Rep A,2022-03-23,2022-05-03,0,Low,CABA,Art supply store,VAT registered,7.0,Upfront,15.0,6.0
1936,Account 0409,Orders,Shipped,9580.0,Rep A,2021-11-05,2021-11-12,0,Standard,CABA,Other,Simplified regime,22.0,Upfront,17.0,53.0
1937,Account 0229,Orders,Shipped,9940.0,Rep A,2022-05-06,2022-05-27,2,Standard,AMBA Sur,Art supply store,Final consumer,7.0,,10.0,4.0
1938,Account 0445,Orders,Shipped,9992.0,Rep A,2021-11-08,2021-11-12,0,Standard,AMBA Norte,Art supply store,VAT registered,15.0,Upfront,14.0,20.0
1939,Account 0514,Orders,Shipped,9576.0,Rep A,2022-06-14,2022-07-04,0,Low,AMBA Norte,Art supply store,Simplified regime,7.0,,4.0,6.0
1940,Account 0436,Orders,Shipped,9365.0,Rep A,2022-04-12,2022-05-06,0,Low,AMBA Sur,Other,Simplified regime,15.0,,6.0,2.0
1941,Account 0431,Orders,Shipped,9519.0,Rep A,2022-09-29,2022-10-13,0,Standard,AMBA Norte,Workshop,Final consumer,22.0,Upfront,10.0,7.0
1942,Account 0383,Orders,Shipped,9743.0,Rep A,2022-04-22,2022-05-10,2,Low,Santa Fe,Art supply store,Simplified regime,7.0,Upfront,17.0,4.0
1943,Account 0461,Orders,Shipped,9690.0,Rep C,2022-02-03,2022-03-10,2,Low,Santa Fe,Art supply store,Final consumer,15.0,Upfront,5.0,2.0
1944,Account 0502,Orders,Shipped,9453.0,Rep C,2022-05-04,2022-05-17,4,Low,Santa Cruz,Art supply store,VAT registered,7.0,,10.0,2.0
1945,Account 0452,Orders,Shipped,10076.0,Rep C,2022-01-28,2022-02-08,0,Standard,Corrientes,Workshop,Simplified regime,15.0,,4.0,7.0
1946,Account 0109,Orders,Shipped,10172.0,Rep A,2021-11-16,2021-12-15,0,Potential,CABA,Art supply store,VAT registered,28.0,Upfront,12.0,6.0
1947,Account 0337,Orders,Shipped,9442.0,Rep A,2021-11-04,2021-11-09,0,Low,AMBA Sur,Workshop,Simplified regime,7.0,Upfront,3.0,4.0
1948,Account 0409,Orders,Shipped,10149.0,Rep A,2022-05-19,2022-05-27,0,Standard,CABA,Other,Simplified regime,22.0,Upfront,17.0,53.0
1949,Account 0468,Orders,Shipped,9219.0,Rep A,2022-02-02,2022-02-10,0,Low,BA Este,Art supply store,Simplified regime,,,6.0,6.0
1950,Account 0415,Orders,Shipped,10089.0,Rep A,2022-05-19,2022-05-27,0,Standard,San Luis,Paint store,VAT registered,15.0,Upfront,7.0,9.0
1951,Account 0524,Orders,Shipped,10098.0,Rep A,2022-04-18,2022-05-09,0,Churned,La Pampa,Workshop,Simplified regime,28.0,,6.0,1.0
1952,Account 0438,Orders,Shipped,9169.0,Rep A,2022-04-04,2022-05-06,0,Low,BA Norte,Art supply store,Simplified regime,,,5.0,4.0
1953,Account 0525,Orders,Shipped,9881.0,Rep C,2022-05-27,2022-06-15,7,Low,AMBA Sur,Art supply store,Simplified regime,7.0,,6.0,4.0
1954,Account 0526,Orders,Shipped,10067.0,Rep A,2022-03-02,2022-03-17,0,Low,BA Atlantico,Art supply store,Simplified regime,,Upfront,4.0,2.0
1955,Account 0365,Orders,Shipped on credit,9995.0,Rep A,2022-01-20,2022-08-18,0,Standard,AMBA Norte,Art supply store,VAT registered,15.0,,13.0,6.0
1956,Account 0087,Orders,Shipped,10055.0,Rep A,2022-04-21,2022-05-10,0,Standard,AMBA Norte,Workshop,Simplified regime,22.0,Upfront,11.0,14.0
1957,Account 0182,Orders,Shipped,9649.0,Rep A,2021-11-17,2022-02-15,0,Standard,AMBA Norte,Art supply store,VAT registered,22.0,Upfront,13.0,6.0
1958,Account 0044,Orders,Shipped on credit,9162.0,Rep A,2022-05-26,2022-07-08,0,Potential,CABA,Art supply store,VAT registered,22.0,30 days,16.0,16.0
1959,Account 0409,Orders,Shipped,9893.0,Rep A,2022-11-07,2022-11-10,0,Standard,CABA,Other,Simplified regime,22.0,Upfront,17.0,53.0
1960,Account 0445,Orders,Shipped,9635.0,Rep A,2022-02-02,2022-02-10,0,Standard,AMBA Norte,Art supply store,VAT registered,15.0,Upfront,14.0,20.0
1961,Account 0430,Orders,Shipped,9622.0,Rep A,2022-06-01,2022-07-07,1,Standard,Catamarca,Art supply store,Simplified regime,15.0,Upfront,9.0,5.0
1962,Account 0477,Orders,Shipped,9432.0,Rep A,2021-12-01,2022-01-11,0,Low,AMBA Sur,Art supply store,Simplified regime,7.0,Upfront,5.0,4.0
1963,Account 0409,Orders,Shipped,9576.0,Rep A,2022-06-03,2022-07-11,0,Standard,CABA,Other,Simplified regime,22.0,Upfront,17.0,53.0
1964,Account 0484,Orders,Shipped,9153.0,Rep C,2022-03-18,2022-05-03,3,Low,AMBA Sur,Art supply store,Simplified regime,7.0,Upfront,3.0,4.0
1965,Account 0356,Orders,Shipped,9708.0,Rep A,2021-11-04,2021-11-12,0,Standard,Santa Cruz,Workshop,Simplified regime,7.0,Upfront,9.0,8.0
1966,Account 0452,Orders,Shipped,9072.0,Rep A,2022-07-18,2022-07-27,0,Standard,Corrientes,Workshop,Simplified regime,15.0,,4.0,7.0
1967,Account 0527,Orders,Shipped,9679.0,Rep A,2021-11-16,2022-02-15,0,Churned,Santa Fe,Workshop,Simplified regime,,,6.0,2.0
1968,Account 0368,Orders,Shipped,9786.0,Rep A,2022-06-07,2022-07-11,0,Standard,AMBA Norte,Paint store,VAT registered,15.0,Upfront,6.0,9.0
1969,Account 0506,Orders,Shipped,9390.0,Rep B,2022-09-07,2022-09-19,3,Churned,Cordoba,Other,Final consumer,,Upfront,9.0,6.0
1970,Account 0490,Orders,Shipped,9417.0,Rep A,2021-12-14,2022-01-10,0,Low,Corrientes,Art supply store,Simplified regime,7.0,,3.0,2.0
1971,Account 0140,Orders,Shipped,9228.0,Rep A,2021-10-29,2021-11-02,0,Churned,AMBA Norte,Paint store,VAT registered,15.0,Upfront,5.0,3.0
1972,Account 0240,Orders,Shipped,9840.0,Rep A,2021-10-22,2021-10-28,0,Key,Misiones,Paint store,Simplified regime,28.0,Upfront,12.0,6.0
1973,Account 0503,Orders,Shipped,9607.0,Rep A,2022-04-28,2022-05-10,0,Standard,Misiones,Other,Simplified regime,7.0,Upfront,10.0,7.0
1974,Account 0077,Orders,Shipped,9263.0,Rep A,2022-08-10,2022-10-03,1,Standard,AMBA Norte,Other,Simplified regime,22.0,,6.0,3.0
1975,Account 0059,Orders,Shipped on credit,9077.0,Rep A,2022-12-07,2023-01-10,2,Key,Cordoba,Paint store,VAT registered,28.0,Upfront,6.0,4.0
1976,Account 0346,Orders,Shipped,9091.0,Rep B,2023-01-02,2023-01-05,0,Standard,San Luis,Art supply store,Simplified regime,15.0,,6.0,9.0
1977,Account 0277,Orders,Shipped,9313.0,Rep A,2021-10-21,2021-11-01,0,Potential,CABA,Art supply store,VAT registered,28.0,Upfront,15.0,20.0
1978,Account 0463,Orders,Shipped,9720.0,Rep A,2022-06-30,2022-09-23,1,Low,AMBA Norte,Art supply store,Final consumer,7.0,,4.0,4.0
1979,Account 0420,Orders,Shipped,9512.0,Rep A,2022-03-17,2022-04-22,0,Standard,AMBA Sur,Workshop,Simplified regime,15.0,,10.0,6.0
1980,Account 0496,Orders,Shipped,9004.0,Rep A,2022-03-08,2022-03-18,0,Low,AMBA Sur,Art supply store,Simplified regime,7.0,,2.0,3.0
1981,Account 0528,Orders,Shipped,9595.0,Rep A,2021-12-14,2022-01-10,0,Churned,AMBA Norte,Workshop,VAT registered,7.0,,2.0,1.0
1982,Account 0171,Orders,Shipped,9118.0,Rep A,2022-06-13,2022-07-04,2,Standard,Rio Negro,Art supply store,Final consumer,28.0,Upfront,8.0,7.0
1983,Account 0529,Orders,Shipped,9545.0,Rep A,2021-11-12,2021-12-29,0,Churned,Misiones,Workshop,Simplified regime,7.0,,14.0,1.0
1984,Account 0449,Orders,Shipped,8976.0,Rep A,2022-03-25,2022-05-02,0,Low,AMBA Norte,Workshop,Simplified regime,7.0,Upfront,9.0,13.0
1985,Account 0434,Orders,Shipped,9318.0,Rep A,2022-09-02,2022-09-19,0,Standard,Santa Fe,Workshop,Simplified regime,15.0,Upfront,10.0,11.0
1986,Account 0453,Orders,Shipped,9601.0,Rep A,2022-05-05,2022-05-11,0,Low,AMBA Sur,Art supply store,VAT registered,15.0,,3.0,5.0
1987,Account 0363,Orders,Shipped,8962.0,Rep A,2022-05-31,2022-06-15,0,Standard,Santa Fe,Workshop,Simplified regime,15.0,,15.0,7.0
1988,Account 0324,Orders,Shipped,9330.0,Rep A,2022-06-14,2022-07-04,0,Standard,BA Sur,Art supply store,Final consumer,,Upfront,2.0,10.0
1989,Account 0530,Orders,Shipped,9554.0,Rep C,2022-01-28,2022-05-04,1,Churned,Salta,Art supply store,Simplified regime,7.0,,2.0,1.0
1990,Account 0445,Orders,Shipped,8789.0,Rep A,2022-04-25,2022-05-10,0,Standard,AMBA Norte,Art supply store,VAT registered,15.0,Upfront,14.0,20.0
1991,Account 0484,Orders,Shipped,8704.0,Rep A,2021-12-15,2022-02-10,0,Low,AMBA Sur,Art supply store,Simplified regime,7.0,Upfront,3.0,4.0
1992,Account 0409,Orders,Shipped,9185.0,Rep A,2021-11-16,2022-02-15,0,Standard,CABA,Other,Simplified regime,22.0,Upfront,17.0,53.0
1993,Account 0521,Orders,Shipped,8844.0,Rep A,2022-10-31,2022-11-02,0,Low,BA Atlantico,Art supply store,Simplified regime,7.0,Upfront,9.0,7.0
1994,Account 0195,Orders,Shipped,8595.0,Rep A,2021-11-02,2021-11-12,0,Potential,BA Centro,Paint store,VAT registered,22.0,,15.0,12.0
1995,Account 0349,Orders,Shipped,8941.0,Rep A,2022-01-03,2022-01-12,0,Low,AMBA Norte,Workshop,VAT registered,7.0,Upfront,5.0,7.0
1996,Account 0083,Orders,Shipped,9188.0,Rep A,2022-12-05,2022-12-15,0,Key,AMBA Norte,Art supply store,Simplified regime,7.0,Upfront,9.0,7.0
1997,Account 0352,Orders,Shipped,8749.0,Rep A,2022-07-04,2022-07-27,0,Churned,Salta,Workshop,Final consumer,15.0,Upfront,5.0,3.0
1998,Account 0390,Orders,Shipped,8793.0,Rep B,2023-01-06,2023-01-17,3,Standard,AMBA Norte,Art supply store,VAT registered,15.0,,8.0,7.0
1999,Account 0531,Orders,Shipped,9241.0,Rep A,2021-11-02,2021-12-15,0,Low,Neuquen,Art supply store,VAT registered,7.0,,0.0,1.0
2000,Account 0501,Orders,Shipped,8858.0,Rep A,2022-02-15,2022-02-25,0,Low,AMBA Norte,Workshop,Final consumer,7.0,,6.0,2.0
2001,Account 0302,Orders,Shipped,9123.0,Rep A,2022-03-11,2022-03-18,0,Standard,AMBA Norte,Art supply store,VAT registered,15.0,Upfront,16.0,10.0
2002,Account 0047,Orders,Shipped,8645.0,Rep A,2022-05-23,2022-07-11,2,Key,Cordoba,Other,VAT registered,22.0,,7.0,3.0
2003,Account 0131,Orders,Shipped,9081.0,Rep A,2021-11-02,2022-03-10,0,Standard,AMBA Sur,Other,Simplified regime,15.0,Upfront,11.0,3.0
2004,Account 0518,Orders,Shipped,8811.0,Rep A,2022-04-22,2022-05-10,4,Churned,CABA,Workshop,Final consumer,22.0,Upfront,17.0,7.0
2005,Account 0319,Orders,Shipped,8343.0,Rep A,2022-01-17,2022-01-21,0,Standard,AMBA Sur,Other,Final consumer,22.0,Upfront,12.0,13.0
2006,Account 0340,Orders,Shipped,9007.0,Rep A,2022-08-19,2022-09-02,4,Standard,CABA,Other,Simplified regime,15.0,Upfront,10.0,5.0
2007,Account 0060,Orders,Shipped,8631.0,Rep A,2021-11-16,2021-12-29,0,Key,BA Sur,Paint store,VAT registered,22.0,Upfront,21.0,8.0
2008,Account 0338,Orders,Shipped,8300.0,Rep A,2022-06-24,2022-07-07,3,Key,Santa Fe,Other,VAT registered,15.0,Upfront,9.0,4.0
2009,Account 0443,Orders,Shipped,8285.0,Rep A,2022-04-20,2022-05-09,0,Standard,BA Norte,Paint store,Simplified regime,15.0,Upfront,4.0,9.0
2010,Account 0091,Orders,Shipped,8734.0,Rep A,2021-11-18,2021-12-20,0,Key,Corrientes,Paint store,VAT registered,28.0,,10.0,8.0
2011,Account 0419,Orders,Shipped,8138.0,Rep C,2022-06-13,2022-07-07,2,Standard,Santa Fe,Art supply store,Simplified regime,15.0,Upfront,6.0,7.0
2012,Account 0445,Orders,Shipped,8305.0,Rep A,2022-06-30,2022-07-18,2,Standard,AMBA Norte,Art supply store,VAT registered,15.0,Upfront,14.0,20.0
2013,Account 0287,Orders,Shipped,8165.0,Rep A,2021-10-25,2021-11-05,0,Standard,BA Atlantico,Workshop,Final consumer,22.0,Upfront,5.0,8.0
2014,Account 0441,Orders,Shipped,8402.0,Rep A,2021-11-17,2022-02-15,0,Standard,CABA,Other,VAT registered,15.0,Upfront,3.0,3.0
2015,Account 0319,Orders,Shipped,8346.0,Rep A,2021-11-16,2022-02-15,0,Standard,AMBA Sur,Other,Final consumer,22.0,Upfront,12.0,13.0
2016,Account 0279,Orders,Shipped,8435.0,Rep A,2022-05-31,2022-06-15,0,Standard,AMBA Sur,Art supply store,Simplified regime,15.0,,10.0,8.0
2017,Account 0221,Orders,Shipped,8197.0,Rep A,2022-03-21,2022-05-02,0,Standard,CABA,Art supply store,Simplified regime,7.0,,6.0,4.0
2018,Account 0415,Orders,Shipped,7969.0,Rep A,2022-08-05,2022-08-17,0,Standard,San Luis,Paint store,VAT registered,15.0,Upfront,7.0,9.0
2019,Account 0106,Orders,Shipped on credit,8456.0,Rep A,2023-02-09,2023-03-15,1,Strategic,AMBA Norte,Other,VAT registered,28.0,,11.0,6.0
2020,Account 0527,Orders,Shipped,8251.0,Rep C,2022-05-02,2022-05-11,5,Churned,Santa Fe,Workshop,Simplified regime,,,6.0,2.0
2021,Account 0431,Orders,Shipped,8475.0,Rep A,2021-12-14,2022-01-11,0,Standard,AMBA Norte,Workshop,Final consumer,22.0,Upfront,10.0,7.0
2022,Account 0409,Orders,Shipped,8013.0,Rep A,2021-11-12,2021-12-17,0,Standard,CABA,Other,Simplified regime,22.0,Upfront,17.0,53.0
2023,Account 0091,Orders,Shipped,7813.0,Rep A,2022-04-20,2022-05-09,0,Key,Corrientes,Paint store,VAT registered,28.0,,10.0,8.0
2024,Account 0251,Orders,Shipped,7992.0,Rep A,2022-03-15,2022-03-18,0,Churned,BA Norte,Other,Simplified regime,7.0,Upfront,5.0,3.0
2025,Account 0532,Orders,Shipped,8139.0,Rep A,2021-12-14,2022-01-10,0,Low,BA Atlantico,Workshop,Final consumer,,,4.0,1.0
2026,Account 0356,Orders,Shipped,8065.0,Rep A,2022-05-03,2022-05-11,0,Standard,Santa Cruz,Workshop,Simplified regime,7.0,Upfront,9.0,8.0
2027,Account 0337,Orders,Shipped,8391.0,Rep A,2022-02-17,2022-03-09,0,Low,AMBA Sur,Workshop,Simplified regime,7.0,Upfront,3.0,4.0
2028,Account 0445,Orders,Shipped,8038.0,Rep A,2022-05-12,2022-05-27,0,Standard,AMBA Norte,Art supply store,VAT registered,15.0,Upfront,14.0,20.0
2029,Account 0408,Orders,Shipped,8158.0,Rep A,2022-03-28,2022-05-04,0,Standard,AMBA Norte,Paint store,VAT registered,7.0,Upfront,13.0,3.0
2030,Account 0395,Orders,Shipped,8207.0,Rep A,2022-05-05,2022-05-12,0,Standard,Neuquen,Art supply store,Simplified regime,15.0,Upfront,9.0,6.0
2031,Account 0434,Orders,Shipped,7740.0,Rep A,2021-12-01,2022-01-11,0,Standard,Santa Fe,Workshop,Simplified regime,15.0,Upfront,10.0,11.0
2032,Account 0533,Orders,Shipped,8136.0,Rep A,2022-01-03,2022-01-12,0,Low,Corrientes,Art supply store,VAT registered,7.0,,6.0,1.0
2033,Account 0180,Orders,Shipped,7976.0,Rep A,2021-10-22,2022-01-03,0,Potential,AMBA Norte,Workshop,Final consumer,22.0,30 days,16.0,14.0
2034,Account 0419,Orders,Shipped,8038.0,Rep A,2022-09-13,2022-09-23,0,Standard,Santa Fe,Art supply store,Simplified regime,15.0,Upfront,6.0,7.0
2035,Account 0445,Orders,Shipped,7764.0,Rep A,2021-10-27,2021-11-01,0,Standard,AMBA Norte,Art supply store,VAT registered,15.0,Upfront,14.0,20.0
2036,Account 0409,Orders,Shipped,8307.0,Rep A,2022-03-07,2022-03-18,0,Standard,CABA,Other,Simplified regime,22.0,Upfront,17.0,53.0
2037,Account 0470,Orders,Shipped,8427.0,Rep A,2022-06-10,2022-06-21,0,Low,AMBA Sur,Art supply store,Simplified regime,7.0,Upfront,2.0,2.0
2038,Account 0383,Orders,Shipped,7643.0,Rep C,2022-02-23,2022-03-15,4,Low,Santa Fe,Art supply store,Simplified regime,7.0,Upfront,17.0,4.0
2039,Account 0497,Orders,Shipped,8078.0,Rep A,2022-02-23,2022-03-15,0,Standard,Santa Fe,Art supply store,Simplified regime,7.0,Upfront,11.0,4.0
2040,Account 0413,Orders,Shipped,8197.0,Rep A,2022-07-14,2022-07-27,0,Standard,BA Sur,Workshop,Simplified regime,15.0,Upfront,10.0,12.0
2041,Account 0534,Orders,Shipped,7804.0,Rep A,2021-11-05,2022-01-11,0,Churned,Entre Rios,Art supply store,Simplified regime,15.0,,3.0,1.0
2042,Account 0467,Orders,Shipped,8137.0,Rep A,2022-01-05,2022-01-12,0,Standard,Santa Fe,Other,Simplified regime,7.0,Upfront,7.0,6.0
2043,Account 0409,Orders,Shipped,8013.0,Rep A,2022-05-02,2022-05-11,0,Standard,CABA,Other,Simplified regime,22.0,Upfront,17.0,53.0
2044,Account 0324,Orders,Shipped,8236.0,Rep A,2022-04-22,2022-05-10,1,Standard,BA Sur,Art supply store,Final consumer,,Upfront,2.0,10.0
2045,Account 0440,Orders,Shipped,8256.0,Rep A,2021-10-22,2022-02-22,0,Low,AMBA Sur,Art supply store,Simplified regime,15.0,,6.0,7.0
2046,Account 0185,Orders,Shipped,7494.0,Rep A,2022-01-04,2022-01-12,0,Key,CABA,Art supply store,VAT registered,22.0,30 days,15.0,39.0
2047,Account 0495,Orders,Shipped,7780.0,Rep A,2021-11-11,2021-12-29,0,Low,La Pampa,Workshop,Simplified regime,15.0,Upfront,21.0,4.0
2048,Account 0494,Orders,Shipped on credit,7859.0,Rep A,2021-11-03,2021-12-28,0,Low,BA Norte,Workshop,Final consumer,7.0,Upfront,7.0,7.0
2049,Account 0519,Orders,Shipped,7509.0,Rep A,2021-12-10,2022-01-12,0,Low,AMBA Sur,Workshop,Final consumer,7.0,Upfront,3.0,3.0
2050,Account 0415,Orders,Shipped,7647.0,Rep B,2023-02-27,2023-03-07,0,Standard,San Luis,Paint store,VAT registered,15.0,Upfront,7.0,9.0
2051,Account 0234,Orders,Shipped,8146.0,Rep C,2022-01-25,2022-02-02,0,Standard,BA Este,Art supply store,Simplified regime,22.0,Upfront,8.0,11.0
2052,Account 0389,Orders,Shipped,7388.0,Rep C,2022-02-03,2022-02-14,1,Standard,AMBA Sur,Art supply store,VAT registered,15.0,Upfront,12.0,12.0
2053,Account 0185,Orders,Shipped on credit,7710.0,Rep A,2023-01-25,2023-02-24,0,Key,CABA,Art supply store,VAT registered,22.0,30 days,15.0,39.0
2054,Account 0427,Orders,Shipped,8007.0,Rep A,2022-05-19,2022-05-26,0,Low,AMBA Sur,Workshop,Final consumer,15.0,Upfront,2.0,6.0
2055,Account 0410,Orders,Shipped,7549.0,Rep A,2022-09-14,2022-09-27,0,Standard,BA Norte,Art supply store,Simplified regime,7.0,,6.0,5.0
2056,Account 0449,Orders,Shipped,7663.0,Rep A,2022-08-09,2022-08-17,0,Low,AMBA Norte,Workshop,Simplified regime,7.0,Upfront,9.0,13.0
2057,Account 0413,Orders,Shipped,8039.0,Rep A,2022-04-18,2022-05-09,0,Standard,BA Sur,Workshop,Simplified regime,15.0,Upfront,10.0,12.0
2058,Account 0535,Orders,Shipped,7649.0,Rep C,2022-03-14,2022-03-18,1,Churned,BA Atlantico,Other,Simplified regime,15.0,Upfront,3.0,2.0
2059,Account 0536,Orders,Shipped,7378.0,Rep A,2022-01-24,2022-03-18,0,Churned,AMBA Norte,Art supply store,Final consumer,7.0,Upfront,1.0,2.0
2060,Account 0494,Orders,Shipped,7309.0,Rep A,2021-12-06,2022-01-11,0,Low,BA Norte,Workshop,Final consumer,7.0,Upfront,7.0,7.0
2061,Account 0317,Orders,Shipped,7988.0,Rep A,2022-03-30,2022-05-02,1,Standard,Mendoza,Art supply store,Simplified regime,7.0,Upfront,10.0,4.0
2062,Account 0346,Orders,Shipped,7465.0,Rep A,2021-12-14,2022-01-11,0,Standard,San Luis,Art supply store,Simplified regime,15.0,,6.0,9.0
2063,Account 0365,Orders,Backorder,7645.0,Rep A,2021-10-29,2022-02-22,0,Standard,AMBA Norte,Art supply store,VAT registered,15.0,,13.0,6.0
2064,Account 0368,Orders,Shipped,7320.0,Rep A,2021-11-17,2022-01-11,0,Standard,AMBA Norte,Paint store,VAT registered,15.0,Upfront,6.0,9.0
2065,Account 0518,Orders,Shipped,7559.0,Rep A,2022-03-02,2022-03-15,0,Churned,CABA,Workshop,Final consumer,22.0,Upfront,17.0,7.0
2066,Account 0324,Orders,Shipped,7941.0,Rep A,2022-11-15,2022-11-24,0,Standard,BA Sur,Art supply store,Final consumer,,Upfront,2.0,10.0
2067,Account 0498,Orders,Shipped,7598.0,Rep A,2022-06-09,2022-06-15,0,Low,AMBA Sur,Workshop,Final consumer,7.0,,5.0,6.0
2068,Account 0316,Orders,Shipped,7936.0,Rep A,2022-06-30,2022-07-11,0,Low,AMBA Norte,Workshop,Final consumer,7.0,Upfront,5.0,5.0
2069,Account 0427,Orders,Shipped,7372.0,Rep A,2022-03-07,2022-03-17,0,Low,AMBA Sur,Workshop,Final consumer,15.0,Upfront,2.0,6.0
2070,Account 0537,Orders,Shipped,7513.0,Rep A,2022-06-03,2022-06-15,0,,,,,,,0.0,1.0
2071,Account 0477,Orders,Shipped,7766.0,Rep C,2022-02-21,2022-03-14,3,Low,AMBA Sur,Art supply store,Simplified regime,7.0,Upfront,5.0,4.0
2072,Account 0440,Orders,Shipped,7441.0,Rep A,2022-03-31,2022-05-04,0,Low,AMBA Sur,Art supply store,Simplified regime,15.0,,6.0,7.0
2073,Account 0375,Orders,Shipped,7284.0,Rep C,2022-03-11,2022-03-31,2,Standard,Santa Fe,Workshop,Simplified regime,15.0,Upfront,11.0,8.0
2074,Account 0356,Orders,Shipped,7701.0,Rep A,2022-03-15,2022-03-18,0,Standard,Santa Cruz,Workshop,Simplified regime,7.0,Upfront,9.0,8.0
2075,Account 0467,Orders,Shipped,7347.0,Rep A,2021-11-12,2021-12-07,0,Standard,Santa Fe,Other,Simplified regime,7.0,Upfront,7.0,6.0
2076,Account 0409,Orders,Shipped,7450.0,Rep A,2022-03-21,2022-04-22,0,Standard,CABA,Other,Simplified regime,22.0,Upfront,17.0,53.0
2077,Account 0316,Orders,Shipped,7750.0,Rep A,2022-01-10,2022-01-26,0,Low,AMBA Norte,Workshop,Final consumer,7.0,Upfront,5.0,5.0
2078,Account 0506,Orders,Shipped,7144.0,Rep C,2022-05-09,2022-05-13,2,Churned,Cordoba,Other,Final consumer,,Upfront,9.0,6.0
2079,Account 0192,Orders,Shipped,7218.0,Rep A,2021-12-07,2022-01-10,0,Key,Santa Fe,Workshop,Simplified regime,22.0,30 days,14.0,12.0
2080,Account 0195,Orders,Shipped,7017.0,Rep A,2022-06-14,2022-07-04,6,Potential,BA Centro,Paint store,VAT registered,22.0,,15.0,12.0
2081,Account 0409,Orders,Shipped,7260.0,Rep A,2022-09-13,2022-09-22,0,Standard,CABA,Other,Simplified regime,22.0,Upfront,17.0,53.0
2082,Account 0416,Orders,Shipped,7089.0,Rep A,2021-10-21,2021-10-28,0,Standard,AMBA Norte,Paint store,VAT registered,15.0,Upfront,15.0,5.0
2083,Account 0538,Orders,Shipped,7427.0,Rep A,2021-10-21,2021-12-10,0,Churned,,Other,Final consumer,15.0,,1.0,1.0
2084,Account 0091,Orders,Shipped,7026.0,Rep A,2021-10-27,2021-11-01,0,Key,Corrientes,Paint store,VAT registered,28.0,,10.0,8.0
2085,Account 0185,Orders,Shipped on credit,7381.0,Rep A,2022-09-19,2022-10-03,0,Key,CABA,Art supply store,VAT registered,22.0,30 days,15.0,39.0
2086,Account 0409,Orders,Shipped,7058.0,Rep A,2022-07-27,2022-08-08,0,Standard,CABA,Other,Simplified regime,22.0,Upfront,17.0,53.0
2087,Account 0091,Orders,Shipped,7108.0,Rep A,2022-02-09,2022-02-18,0,Key,Corrientes,Paint store,VAT registered,28.0,,10.0,8.0
2088,Account 0434,Orders,Shipped,7053.0,Rep A,2022-01-07,2022-01-12,0,Standard,Santa Fe,Workshop,Simplified regime,15.0,Upfront,10.0,11.0
2089,Account 0438,Orders,Shipped,7313.0,Rep A,2022-01-24,2022-02-10,0,Low,BA Norte,Art supply store,Simplified regime,,,5.0,4.0
2090,Account 0316,Orders,Shipped,7133.0,Rep A,2022-03-07,2022-03-17,0,Low,AMBA Norte,Workshop,Final consumer,7.0,Upfront,5.0,5.0
2091,Account 0503,Orders,Shipped,7047.0,Rep A,2021-11-29,2022-01-12,0,Standard,Misiones,Other,Simplified regime,7.0,Upfront,10.0,7.0
2092,Account 0539,Orders,Shipped,7377.0,Rep A,2022-05-10,2022-05-13,0,Low,CABA,Workshop,Simplified regime,15.0,,9.0,3.0
2093,Account 0518,Orders,Shipped,7174.0,Rep A,2022-05-23,2022-05-27,0,Churned,CABA,Workshop,Final consumer,22.0,Upfront,17.0,7.0
2094,Account 0489,Orders,Shipped,6901.0,Rep C,2022-02-08,2022-03-10,0,Low,CABA,Paint store,Simplified regime,7.0,Upfront,11.0,2.0
2095,Account 0451,Orders,Shipped,7380.0,Rep C,2022-02-21,2022-03-08,0,Standard,AMBA Norte,Art supply store,Simplified regime,15.0,Upfront,11.0,7.0
2096,Account 0500,Orders,Shipped,6964.0,Rep A,2022-05-31,2022-06-15,0,Churned,AMBA Norte,Workshop,Final consumer,7.0,Upfront,6.0,4.0
2097,Account 0281,Orders,Shipped,6746.0,Rep A,2021-11-16,2022-02-15,0,Low,BA Este,Art supply store,Simplified regime,,Upfront,5.0,2.0
2098,Account 0409,Orders,Shipped,7034.0,Rep A,2022-01-24,2022-02-03,0,Standard,CABA,Other,Simplified regime,22.0,Upfront,17.0,53.0
2099,Account 0494,Orders,Shipped,6743.0,Rep C,2022-04-26,2022-05-12,3,Low,BA Norte,Workshop,Final consumer,7.0,Upfront,7.0,7.0
2100,Account 0185,Orders,Shipped,6809.0,Rep A,2021-10-29,2021-11-09,0,Key,CABA,Art supply store,VAT registered,22.0,30 days,15.0,39.0
2101,Account 0494,Orders,Shipped,7156.0,Rep A,2022-09-08,2022-09-19,0,Low,BA Norte,Workshop,Final consumer,7.0,Upfront,7.0,7.0
2102,Account 0445,Orders,Shipped,6710.0,Rep A,2022-06-14,2022-07-04,0,Standard,AMBA Norte,Art supply store,VAT registered,15.0,Upfront,14.0,20.0
2103,Account 0097,Orders,Shipped,7179.0,Rep A,2021-12-28,2022-01-12,0,Low,CABA,Art supply store,Simplified regime,15.0,Upfront,12.0,2.0
2104,Account 0426,Orders,Shipped,7259.0,Rep A,2022-02-22,2022-03-15,0,Low,CABA,Art supply store,VAT registered,7.0,Upfront,15.0,6.0
2105,Account 0500,Orders,Shipped,7000.0,Rep C,2022-03-17,2022-05-02,2,Churned,AMBA Norte,Workshop,Final consumer,7.0,Upfront,6.0,4.0
2106,Account 0445,Orders,Shipped,7069.0,Rep A,2022-07-29,2022-08-08,0,Standard,AMBA Norte,Art supply store,VAT registered,15.0,Upfront,14.0,20.0
2107,Account 0330,Orders,Shipped,7065.0,Rep A,2021-11-29,2022-01-12,0,Standard,AMBA Norte,Art supply store,VAT registered,7.0,,5.0,7.0
2108,Account 0505,Orders,Shipped,7239.0,Rep A,2022-03-10,2022-03-18,0,Low,BA Atlantico,Workshop,Simplified regime,,Upfront,2.0,3.0
2109,Account 0319,Orders,Shipped,6772.0,Rep A,2021-11-15,2021-12-29,0,Standard,AMBA Sur,Other,Final consumer,22.0,Upfront,12.0,13.0
2110,Account 0409,Orders,Shipped,6649.0,Rep A,2021-11-01,2021-11-09,0,Standard,CABA,Other,Simplified regime,22.0,Upfront,17.0,53.0
2111,Account 0540,Orders,Shipped,6869.0,Rep A,2022-01-24,2022-02-03,0,Low,Neuquen,Workshop,Simplified regime,7.0,,4.0,1.0
2112,Account 0409,Orders,Shipped,6805.0,Rep A,2021-10-25,2021-11-01,0,Standard,CABA,Other,Simplified regime,22.0,Upfront,17.0,53.0
2113,Account 0349,Orders,Shipped,6533.0,Rep A,2022-03-14,2022-03-31,0,Low,AMBA Norte,Workshop,VAT registered,7.0,Upfront,5.0,7.0
2114,Account 0292,Orders,Shipped,6810.0,Rep A,2022-10-28,2022-11-16,0,Standard,AMBA Norte,Workshop,Simplified regime,7.0,30 days,12.0,9.0
2115,Account 0426,Orders,Shipped,6401.0,Rep A,2021-10-21,2021-11-09,0,Low,CABA,Art supply store,VAT registered,7.0,Upfront,15.0,6.0
2116,Account 0409,Orders,Shipped,7008.0,Rep A,2022-08-09,2022-08-17,0,Standard,CABA,Other,Simplified regime,22.0,Upfront,17.0,53.0
2117,Account 0104,Orders,Shipped,6544.0,Rep A,2022-04-06,2022-05-06,0,Churned,AMBA Norte,Other,VAT registered,22.0,Upfront,7.0,5.0
2118,Account 0463,Orders,Shipped,6368.0,Rep A,2022-04-27,2022-05-11,1,Low,AMBA Norte,Art supply store,Final consumer,7.0,,4.0,4.0
2119,Account 0363,Orders,Shipped,6371.0,Rep A,2022-02-02,2022-02-10,0,Standard,Santa Fe,Workshop,Simplified regime,15.0,,15.0,7.0
2120,Account 0495,Orders,Shipped,6445.0,Rep A,2022-03-21,2022-03-31,0,Low,La Pampa,Workshop,Simplified regime,15.0,Upfront,21.0,4.0
2121,Account 0449,Orders,Shipped,6461.0,Rep A,2022-06-08,2022-06-15,0,Low,AMBA Norte,Workshop,Simplified regime,7.0,Upfront,9.0,13.0
2122,Account 0514,Orders,Shipped,6277.0,Rep A,2022-08-16,2022-08-25,0,Low,AMBA Norte,Art supply store,Simplified regime,7.0,,4.0,6.0
2123,Account 0174,Orders,Shipped,6411.0,Rep A,2022-10-27,2022-11-01,0,Standard,Mendoza,Workshop,Final consumer,28.0,,7.0,4.0
2124,Account 0413,Orders,Shipped,6313.0,Rep A,2022-01-14,2022-02-23,0,Standard,BA Sur,Workshop,Simplified regime,15.0,Upfront,10.0,12.0
2125,Account 0443,Orders,Shipped,6425.0,Rep A,2022-07-27,2022-08-09,0,Standard,BA Norte,Paint store,Simplified regime,15.0,Upfront,4.0,9.0
2126,Account 0541,Orders,Shipped,6405.0,Rep A,2021-10-21,2021-12-10,0,Low,CABA,Workshop,Simplified regime,7.0,,1.0,1.0
2127,Account 0542,Orders,Shipped,6344.0,Rep A,2021-11-29,2022-02-09,0,Churned,Santa Fe,Workshop,Simplified regime,15.0,,0.0,1.0
2128,Account 0170,Orders,Shipped,6295.0,Rep A,2022-04-19,2022-05-02,0,Potential,Chubut,Art supply store,Simplified regime,28.0,,19.0,8.0
2129,Account 0289,Orders,Shipped,6138.0,Rep C,2022-03-18,2022-04-22,4,Low,AMBA Sur,Workshop,Simplified regime,7.0,Upfront,7.0,2.0
2130,Account 0458,Orders,Shipped,6066.0,Rep C,2022-05-19,2022-05-27,4,Low,CABA,Art supply store,Simplified regime,7.0,Upfront,10.0,5.0
2131,Account 0180,Orders,Shipped on credit,6176.0,Rep A,2022-03-07,2022-04-22,1,Potential,AMBA Norte,Workshop,Final consumer,22.0,30 days,16.0,14.0
2132,Account 0104,Orders,Shipped,6529.0,Rep A,2022-05-12,2022-05-20,0,Churned,AMBA Norte,Other,VAT registered,22.0,Upfront,7.0,5.0
2133,Account 0365,Orders,Shipped on credit,6658.0,Rep A,2022-05-27,2022-08-18,0,Standard,AMBA Norte,Art supply store,VAT registered,15.0,,13.0,6.0
2134,Account 0330,Orders,Shipped,6598.0,Rep A,2021-11-29,2021-12-10,0,Standard,AMBA Norte,Art supply store,VAT registered,7.0,,5.0,7.0
2135,Account 0543,Orders,Shipped,6292.0,Rep C,2022-02-02,2022-02-22,2,Low,Neuquen,Art supply store,Final consumer,7.0,,2.0,1.0
2136,Account 0445,Orders,Shipped,6276.0,Rep A,2021-12-01,2022-01-12,0,Standard,AMBA Norte,Art supply store,VAT registered,15.0,Upfront,14.0,20.0
2137,Account 0442,Orders,Shipped,6132.0,Rep A,2022-05-09,2022-05-20,0,Low,AMBA Sur,Art supply store,Final consumer,7.0,Upfront,5.0,2.0
2138,Account 0481,Orders,Shipped,6416.0,Rep A,2022-06-14,2022-07-07,0,Low,BA Atlantico,Art supply store,Simplified regime,15.0,,4.0,3.0
2139,Account 0457,Orders,Shipped,6406.0,Rep C,2022-03-30,2022-05-02,3,Low,San Luis,Workshop,Final consumer,7.0,,6.0,3.0
2140,Account 0498,Orders,Shipped,6424.0,Rep C,2022-01-28,2022-03-08,1,Low,AMBA Sur,Workshop,Final consumer,7.0,,5.0,6.0
2141,Account 0059,Orders,Shipped on credit,6430.0,Rep A,2022-07-29,2022-08-26,2,Key,Cordoba,Paint store,VAT registered,28.0,Upfront,6.0,4.0
2142,Account 0354,Orders,Shipped,6144.0,Rep A,2022-07-27,2022-10-03,0,Standard,AMBA Norte,Workshop,Final consumer,15.0,,13.0,6.0
2143,Account 0395,Orders,Shipped,6343.0,Rep A,2022-04-06,2022-05-06,0,Standard,Neuquen,Art supply store,Simplified regime,15.0,Upfront,9.0,6.0
2144,Account 0503,Orders,Shipped,6357.0,Rep A,2022-03-03,2022-03-17,0,Standard,Misiones,Other,Simplified regime,7.0,Upfront,10.0,7.0
2145,Account 0536,Orders,Shipped,6000.0,Rep A,2021-10-27,2021-11-09,0,Churned,AMBA Norte,Art supply store,Final consumer,7.0,Upfront,1.0,2.0
2146,Account 0521,Orders,Shipped,6375.0,Rep A,2022-07-25,2022-08-04,1,Low,BA Atlantico,Art supply store,Simplified regime,7.0,Upfront,9.0,7.0
2147,Account 0506,Orders,Shipped,5863.0,Rep A,2022-03-07,2022-03-18,0,Churned,Cordoba,Other,Final consumer,,Upfront,9.0,6.0
2148,Account 0316,Orders,Shipped,6410.0,Rep A,2022-04-20,2022-05-09,0,Low,AMBA Norte,Workshop,Final consumer,7.0,Upfront,5.0,5.0
2149,Account 0420,Orders,Shipped,6270.0,Rep A,2022-07-15,2022-07-22,0,Standard,AMBA Sur,Workshop,Simplified regime,15.0,,10.0,6.0
2150,Account 0173,Orders,Shipped,5852.0,Rep A,2022-11-18,2022-11-18,1,Standard,BA Norte,Paint store,VAT registered,15.0,Upfront,9.0,6.0
2151,Account 0462,Orders,Shipped,6112.0,Rep A,2021-11-09,2021-11-12,0,Low,Santa Fe,Workshop,Final consumer,15.0,Upfront,8.0,5.0
2152,Account 0498,Orders,Shipped,5694.0,Rep A,2021-11-16,2021-12-29,0,Low,AMBA Sur,Workshop,Final consumer,7.0,,5.0,6.0
2153,Account 0510,Orders,Shipped,6074.0,Rep A,2022-02-01,2022-03-09,0,Low,AMBA Sur,Workshop,Final consumer,7.0,,3.0,3.0
2154,Account 0409,Orders,Shipped,6070.0,Rep A,2022-01-31,2022-02-10,0,Standard,CABA,Other,Simplified regime,22.0,Upfront,17.0,53.0
2155,Account 0185,Orders,Shipped on credit,5931.0,Rep A,2022-11-25,2022-12-29,1,Key,CABA,Art supply store,VAT registered,22.0,30 days,15.0,39.0
2156,Account 0539,Orders,Shipped,6074.0,Rep A,2022-02-08,2022-02-11,0,Low,CABA,Workshop,Simplified regime,15.0,,9.0,3.0
2157,Account 0505,Orders,Shipped,5512.0,Rep A,2021-11-17,2022-02-15,0,Low,BA Atlantico,Workshop,Simplified regime,,Upfront,2.0,3.0
2158,Account 0518,Orders,Shipped,5604.0,Rep A,2022-01-17,2022-01-21,0,Churned,CABA,Workshop,Final consumer,22.0,Upfront,17.0,7.0
2159,Account 0481,Orders,Shipped,5650.0,Rep C,2022-02-11,2022-02-25,3,Low,BA Atlantico,Art supply store,Simplified regime,15.0,,4.0,3.0
2160,Account 0409,Orders,Shipped,5435.0,Rep A,2021-11-02,2021-11-09,0,Standard,CABA,Other,Simplified regime,22.0,Upfront,17.0,53.0
2161,Account 0449,Orders,Shipped,5665.0,Rep A,2021-11-02,2021-11-05,0,Low,AMBA Norte,Workshop,Simplified regime,7.0,Upfront,9.0,13.0
2162,Account 0106,Orders,Shipped,5528.0,Rep A,2022-11-28,2022-12-01,0,Strategic,AMBA Norte,Other,VAT registered,28.0,,11.0,6.0
2163,Account 0518,Orders,Shipped,5564.0,Rep A,2022-01-03,2022-01-12,0,Churned,CABA,Workshop,Final consumer,22.0,Upfront,17.0,7.0
2164,Account 0518,Orders,Shipped,5571.0,Rep A,2021-10-25,2021-10-25,0,Churned,CABA,Workshop,Final consumer,22.0,Upfront,17.0,7.0
2165,Account 0409,Orders,Shipped,5815.0,Rep A,2022-08-29,2022-09-19,0,Standard,CABA,Other,Simplified regime,22.0,Upfront,17.0,53.0
2166,Account 0445,Orders,Shipped,5424.0,Rep A,2021-12-15,2022-01-12,0,Standard,AMBA Norte,Art supply store,VAT registered,15.0,Upfront,14.0,20.0
2167,Account 0479,Orders,Shipped,5674.0,Rep A,2021-11-09,2021-12-29,0,Standard,AMBA Sur,Workshop,Simplified regime,15.0,,9.0,4.0
2168,Account 0409,Orders,Shipped,5316.0,Rep A,2022-05-11,2022-05-17,0,Standard,CABA,Other,Simplified regime,22.0,Upfront,17.0,53.0
2169,Account 0409,Orders,Shipped,5258.0,Rep A,2022-03-14,2022-03-18,0,Standard,CABA,Other,Simplified regime,22.0,Upfront,17.0,53.0
2170,Account 0409,Orders,Shipped,5341.0,Rep A,2021-12-07,2021-12-17,0,Standard,CABA,Other,Simplified regime,22.0,Upfront,17.0,53.0
2171,Account 0472,Orders,Shipped on credit,5292.0,Rep A,2021-10-26,2021-12-16,0,Low,BA Norte,Art supply store,Simplified regime,7.0,Open account,1.0,4.0
2172,Account 0409,Orders,Shipped,5137.0,Rep A,2022-06-22,2022-07-04,0,Standard,CABA,Other,Simplified regime,22.0,Upfront,17.0,53.0
2173,Account 0409,Orders,Shipped,5259.0,Rep A,2022-02-04,2022-02-10,0,Standard,CABA,Other,Simplified regime,22.0,Upfront,17.0,53.0
2174,Account 0544,Orders,Shipped,5043.0,Rep A,2021-10-22,2021-11-09,0,Churned,BA Este,Workshop,Exempt,15.0,,9.0,1.0
2175,Account 0409,Orders,Shipped,5072.0,Rep A,2021-11-26,2021-12-17,0,Standard,CABA,Other,Simplified regime,22.0,Upfront,17.0,53.0
2176,Account 0503,Orders,Shipped,5053.0,Rep C,2022-01-25,2022-02-03,0,Standard,Misiones,Other,Simplified regime,7.0,Upfront,10.0,7.0
2177,Account 0440,Orders,Shipped,4962.0,Rep C,2022-02-09,2022-03-15,1,Low,AMBA Sur,Art supply store,Simplified regime,15.0,,6.0,7.0
2178,,Orders,Shipped,5153.0,Rep A,2022-01-19,2022-02-01,0,,,,,,,,
2179,Account 0419,Orders,Shipped,4831.0,Rep A,2022-01-03,2022-01-12,0,Standard,Santa Fe,Art supply store,Simplified regime,15.0,Upfront,6.0,7.0
2180,Account 0462,Orders,Shipped,5183.0,Rep C,2022-02-01,2022-02-10,1,Low,Santa Fe,Workshop,Final consumer,15.0,Upfront,8.0,5.0
2181,Account 0041,Orders,Shipped on credit,5062.0,Rep A,2022-03-04,2022-05-06,1,Key,Cordoba,Art supply store,Simplified regime,22.0,30 days,10.0,11.0
2182,Account 0409,Orders,Shipped,5150.0,Rep A,2022-07-21,2022-08-04,0,Standard,CABA,Other,Simplified regime,22.0,Upfront,17.0,53.0
2183,Account 0521,Orders,Shipped,5047.0,Rep A,2021-11-16,2022-02-15,0,Low,BA Atlantico,Art supply store,Simplified regime,7.0,Upfront,9.0,7.0
2184,Account 0535,Orders,Shipped,4684.0,Rep A,2021-12-09,2022-01-11,0,Churned,BA Atlantico,Other,Simplified regime,15.0,Upfront,3.0,2.0
2185,Account 0363,Orders,Shipped,4870.0,Rep A,2022-02-02,2022-02-10,0,Standard,Santa Fe,Workshop,Simplified regime,15.0,,15.0,7.0
2186,Account 0514,Orders,Shipped,4565.0,Rep C,2022-09-06,2022-09-19,1,Low,AMBA Norte,Art supply store,Simplified regime,7.0,,4.0,6.0
2187,Account 0449,Orders,Shipped,4773.0,Rep A,2022-02-17,2022-03-10,0,Low,AMBA Norte,Workshop,Simplified regime,7.0,Upfront,9.0,13.0
2188,Account 0434,Orders,Shipped,4657.0,Rep A,2021-11-04,2021-11-12,0,Standard,Santa Fe,Workshop,Simplified regime,15.0,Upfront,10.0,11.0
2189,Account 0521,Orders,Shipped,4483.0,Rep A,2022-01-10,2022-01-12,0,Low,BA Atlantico,Art supply store,Simplified regime,7.0,Upfront,9.0,7.0
2190,Account 0521,Orders,Shipped,4745.0,Rep A,2021-11-23,2021-12-29,0,Low,BA Atlantico,Art supply store,Simplified regime,7.0,Upfront,9.0,7.0
2191,Account 0435,Orders,Shipped,4368.0,Rep A,2022-03-28,2022-05-02,0,Standard,Cordoba,Workshop,VAT registered,,Upfront,12.0,4.0
2192,Account 0486,Orders,Shipped,4510.0,Rep A,2021-11-04,2021-11-09,0,Churned,Corrientes,Workshop,VAT registered,22.0,,11.0,2.0
2193,Account 0457,Orders,Shipped,4540.0,Rep A,2021-11-24,2022-01-11,0,Low,San Luis,Workshop,Final consumer,7.0,,6.0,3.0
2194,Account 0514,Orders,Shipped,4215.0,Rep A,2022-01-31,2022-03-09,1,Low,AMBA Norte,Art supply store,Simplified regime,7.0,,4.0,6.0
2195,Account 0170,Orders,Shipped,4421.0,Rep B,2023-03-14,2023-03-21,0,Potential,Chubut,Art supply store,Simplified regime,28.0,,19.0,8.0
2196,Account 0409,Orders,Shipped,4377.0,Rep A,2022-07-11,2022-07-26,0,Standard,CABA,Other,Simplified regime,22.0,Upfront,17.0,53.0
2197,Account 0525,Orders,Shipped,4036.0,Rep A,2021-11-16,2022-02-15,0,Low,AMBA Sur,Art supply store,Simplified regime,7.0,,6.0,4.0
2198,Account 0525,Orders,Shipped,4220.0,Rep A,2021-11-17,2022-02-15,0,Low,AMBA Sur,Art supply store,Simplified regime,7.0,,6.0,4.0
2199,Account 0409,Orders,Shipped,4063.0,Rep A,2021-12-22,2022-01-12,0,Standard,CABA,Other,Simplified regime,22.0,Upfront,17.0,53.0
2200,Account 0391,Orders,Shipped,4220.0,Rep A,2021-11-18,2022-01-11,0,Low,AMBA Norte,Other,Simplified regime,15.0,Upfront,9.0,2.0
2201,Account 0409,Orders,Shipped,3861.0,Rep A,2021-12-17,2022-01-11,0,Standard,CABA,Other,Simplified regime,22.0,Upfront,17.0,53.0
2202,Account 0434,Orders,Shipped,4088.0,Rep A,2022-11-14,2022-11-16,0,Standard,Santa Fe,Workshop,Simplified regime,15.0,Upfront,10.0,11.0
2203,Account 0409,Orders,Shipped,4026.0,Rep A,2021-11-16,2021-12-17,0,Standard,CABA,Other,Simplified regime,22.0,Upfront,17.0,53.0
2204,Account 0171,Orders,Shipped,3744.0,Rep A,2021-11-17,2022-02-15,0,Standard,Rio Negro,Art supply store,Final consumer,28.0,Upfront,8.0,7.0
2205,Account 0093,Orders,Shipped,3765.0,Rep A,2022-08-03,2022-08-17,0,Potential,Santa Fe,Paint store,VAT registered,22.0,Upfront,9.0,6.0
2206,Account 0525,Orders,Shipped,3834.0,Rep A,2021-11-16,2022-02-15,0,Low,AMBA Sur,Art supply store,Simplified regime,7.0,,6.0,4.0
2207,Account 0292,Orders,Shipped,3864.0,Rep A,2022-10-21,2022-11-16,0,Standard,AMBA Norte,Workshop,Simplified regime,7.0,30 days,12.0,9.0
2208,Account 0375,Orders,Shipped,3718.0,Rep A,2022-01-26,2022-02-03,0,Standard,Santa Fe,Workshop,Simplified regime,15.0,Upfront,11.0,8.0
2209,Account 0379,Orders,Shipped,3600.0,Rep A,2022-10-26,2022-11-01,0,Low,Entre Rios,Workshop,Final consumer,7.0,,6.0,4.0
2210,Account 0126,Orders,Shipped,3580.0,Rep A,2022-11-02,2022-11-09,0,Standard,CABA,Workshop,VAT registered,22.0,,11.0,5.0
2211,Account 0409,Orders,Shipped,3883.0,Rep A,2022-01-14,2022-01-21,0,Standard,CABA,Other,Simplified regime,22.0,Upfront,17.0,53.0
2212,Account 0004,Orders,Shipped,3681.0,Rep A,2022-11-29,2022-11-29,0,Key,Salta,Art supply store,Simplified regime,22.0,Open account,13.0,6.0
2213,Account 0409,Orders,Shipped,3826.0,Rep A,2022-04-12,2022-05-06,0,Standard,CABA,Other,Simplified regime,22.0,Upfront,17.0,53.0
2214,Account 0506,Orders,Shipped,3675.0,Rep A,2021-11-16,2022-02-15,0,Churned,Cordoba,Other,Final consumer,,Upfront,9.0,6.0
2215,Account 0514,Orders,Shipped,3826.0,Rep A,2021-10-22,2021-11-09,0,Low,AMBA Norte,Art supply store,Simplified regime,7.0,,4.0,6.0
2216,Account 0409,Orders,Shipped,3504.0,Rep A,2023-03-14,2023-03-14,0,Standard,CABA,Other,Simplified regime,22.0,Upfront,17.0,53.0
2217,Account 0545,Orders,Shipped on credit,3508.0,Rep A,2023-02-08,2023-02-22,0,Maker,,,,,,0.0,1.0
2218,Account 0500,Orders,Shipped,3789.0,Rep A,2021-11-17,2022-02-15,0,Churned,AMBA Norte,Workshop,Final consumer,7.0,Upfront,6.0,4.0
2219,Account 0458,Orders,Shipped,3763.0,Rep A,2021-12-29,2022-01-12,0,Low,CABA,Art supply store,Simplified regime,7.0,Upfront,10.0,5.0
2220,Account 0546,Orders,Shipped,3498.0,Rep A,2022-01-10,2022-01-26,0,Churned,CABA,Art supply store,Simplified regime,7.0,,5.0,1.0
2221,Account 0160,Orders,Shipped,3502.0,Rep A,2022-09-15,2022-10-03,0,Potential,BA Norte,Paint store,VAT registered,22.0,,7.0,6.0
2222,Account 0409,Orders,Shipped,3535.0,Rep A,2022-06-09,2022-06-15,0,Standard,CABA,Other,Simplified regime,22.0,Upfront,17.0,53.0
2223,Account 0510,Orders,Shipped,3479.0,Rep A,2022-02-18,2022-03-09,0,Low,AMBA Sur,Workshop,Final consumer,7.0,,3.0,3.0
2224,Account 0547,Orders,Shipped,3363.0,Rep A,2022-09-06,2022-09-19,0,Maker,,,,,,0.0,1.0
2225,Account 0174,Orders,Shipped,3501.0,Rep B,2023-03-01,2023-03-07,1,Standard,Mendoza,Workshop,Final consumer,28.0,,7.0,4.0
2226,Account 0323,Orders,Shipped,3205.0,Rep A,2021-12-15,2022-02-01,0,Standard,CABA,Art supply store,Simplified regime,28.0,Upfront,13.0,7.0
2227,Account 0409,Orders,Shipped,3222.0,Rep A,2021-12-01,2021-12-17,0,Standard,CABA,Other,Simplified regime,22.0,Upfront,17.0,53.0
2228,Account 0539,Orders,Shipped,3014.0,Rep A,2021-10-29,2021-11-09,0,Low,CABA,Workshop,Simplified regime,15.0,,9.0,3.0
2229,Account 0434,Orders,Shipped,2998.0,Rep A,2021-11-17,2022-02-15,0,Standard,Santa Fe,Workshop,Simplified regime,15.0,Upfront,10.0,11.0
2230,Account 0409,Orders,Shipped,3098.0,Rep A,2022-01-05,2022-01-17,0,Standard,CABA,Other,Simplified regime,22.0,Upfront,17.0,53.0
2231,Account 0413,Orders,Shipped,2975.0,Rep A,2022-01-21,2022-02-14,0,Standard,BA Sur,Workshop,Simplified regime,15.0,Upfront,10.0,12.0
2232,Account 0409,Orders,Shipped,3040.0,Rep A,2022-03-29,2022-05-02,0,Standard,CABA,Other,Simplified regime,22.0,Upfront,17.0,53.0
2233,Account 0526,Orders,Shipped,2844.0,Rep A,2021-11-16,2022-02-15,0,Low,BA Atlantico,Art supply store,Simplified regime,,Upfront,4.0,2.0
2234,Account 0292,Orders,Shipped,3075.0,Rep A,2022-11-04,2022-11-16,0,Standard,AMBA Norte,Workshop,Simplified regime,7.0,30 days,12.0,9.0
2235,Account 0133,Orders,Shipped,2906.0,Rep A,2022-10-06,2022-10-17,0,Potential,AMBA Sur,Art supply store,Simplified regime,22.0,Upfront,10.0,5.0
2236,Account 0472,Orders,Shipped,2839.0,Rep A,2022-02-18,2022-03-08,0,Low,BA Norte,Art supply store,Simplified regime,7.0,Open account,1.0,4.0
2237,Account 0445,Orders,Shipped,2447.0,Rep A,2022-04-26,2022-05-10,0,Standard,AMBA Norte,Art supply store,VAT registered,15.0,Upfront,14.0,20.0
2238,Account 0287,Orders,Shipped,2466.0,Rep A,2021-11-01,2021-11-05,0,Standard,BA Atlantico,Workshop,Final consumer,22.0,Upfront,5.0,8.0
2239,Account 0409,Orders,Shipped,2421.0,Rep A,2022-04-04,2022-05-05,0,Standard,CABA,Other,Simplified regime,22.0,Upfront,17.0,53.0
2240,Account 0039,Orders,Shipped,2377.0,Rep A,2022-10-04,2022-10-14,0,Potential,Cordoba,Art supply store,Simplified regime,28.0,,5.0,3.0
2241,Account 0445,Orders,Shipped,2046.0,Rep A,2022-03-07,2022-03-17,0,Standard,AMBA Norte,Art supply store,VAT registered,15.0,Upfront,14.0,20.0
2242,Account 0420,Orders,Shipped,1790.0,Rep A,2022-02-15,2022-03-10,0,Standard,AMBA Sur,Workshop,Simplified regime,15.0,,10.0,6.0
2243,Account 0087,Orders,Shipped,1845.0,Rep A,2021-10-28,2021-11-01,0,Standard,AMBA Norte,Workshop,Simplified regime,22.0,Upfront,11.0,14.0
2244,Account 0548,Orders,Shipped,1755.0,Rep A,2022-04-25,2022-05-10,0,,,,,,,0.0,1.0
2245,Account 0494,Orders,Shipped,1716.0,Rep A,2022-08-24,2022-09-02,0,Low,BA Norte,Workshop,Final consumer,7.0,Upfront,7.0,7.0
2246,Account 0117,Orders,Shipped,1683.0,Rep A,2022-09-16,2022-09-27,0,Potential,Chaco,Other,VAT registered,22.0,Upfront,10.0,6.0
2247,Account 0434,Orders,Shipped,1359.0,Rep A,2021-12-01,2022-01-11,0,Standard,Santa Fe,Workshop,Simplified regime,15.0,Upfront,10.0,11.0
2248,Account 0104,Orders,Shipped on credit,1.0,Rep A,2022-06-16,2023-01-25,1,Churned,AMBA Norte,Other,VAT registered,22.0,Upfront,7.0,5.0
2249,,Active customers,Won customer,0.0,Rep C,2020-05-15,2020-07-08,0,,,,,,,,
2250,,Active customers,Won customer,0.0,Rep C,2020-05-15,2020-07-08,0,,,,,,,,
2251,,Active customers,Won customer,0.0,Rep C,2020-05-15,2022-10-31,0,,,,,,,,
2252,,Active customers,Won customer,0.0,Rep C,2020-05-15,2022-10-31,2,,,,,,,,
2253,,Active customers,Won customer,0.0,Rep C,2020-05-15,2022-10-31,3,,,,,,,,
2254,,Active customers,Won customer,0.0,Rep C,2020-05-15,2020-08-26,1,,,,,,,,
2255,,Active customers,Won customer,0.0,Rep C,2020-05-15,2022-10-31,0,,,,,,,,
2256,,Active customers,Won customer,0.0,Rep C,2020-05-15,2020-07-09,0,,,,,,,,
2257,,Active customers,Won customer,0.0,Rep C,2020-05-27,2020-08-31,0,,,,,,,,
2258,,Active customers,Won customer,0.0,Rep C,2020-05-28,2020-07-08,0,,,,,,,,
2259,,Active customers,Won customer,0.0,Rep C,2020-05-30,2022-10-31,0,,,,,,,,
2260,,Active customers,Won customer,0.0,Rep C,2020-05-30,2020-07-09,0,,,,,,,,
2261,,Active customers,Won customer,0.0,Rep C,2020-06-01,2020-08-26,0,,,,,,,,
2262,,Active customers,Won customer,0.0,Rep C,2020-06-02,2022-10-31,0,,,,,,,,
2263,,Active customers,Won customer,0.0,Rep C,2020-06-03,2020-07-08,0,,,,,,,,
2264,,Active customers,Won customer,0.0,Rep C,2020-06-04,2020-07-08,0,,,,,,,,
2265,,Active customers,Won customer,0.0,Rep C,2020-06-05,2022-10-31,2,,,,,,,,
2266,,Active customers,Won customer,0.0,Rep C,2020-06-05,2022-10-31,2,,,,,,,,
2267,,Active customers,Won customer,0.0,Rep C,2020-06-08,2020-07-09,0,,,,,,,,
2268,,Active customers,Won customer,0.0,Rep C,2020-06-09,2022-10-31,2,,,,,,,,
2269,,Active customers,Won customer,0.0,Rep C,2020-06-09,2022-10-31,0,,,,,,,,
2270,,Active customers,Won customer,0.0,Rep C,2020-06-09,2022-10-31,0,,,,,,,,
2271,,Active customers,Won customer,0.0,Rep C,2020-06-10,2021-08-11,0,,,,,,,,
2272,,Active customers,Won customer,0.0,Rep C,2020-06-12,2022-10-31,0,,,,,,,,
2273,,Active customers,Won customer,0.0,Rep C,2020-06-12,2020-08-26,1,,,,,,,,
2274,,Active customers,Won customer,0.0,Rep C,2020-06-12,2022-10-31,3,,,,,,,,
2275,,Active customers,Won customer,0.0,Rep C,2020-06-16,2020-07-08,0,,,,,,,,
2276,,Active customers,Won customer,0.0,Rep C,2020-06-19,2022-10-31,1,,,,,,,,
2277,,Active customers,Won customer,0.0,Rep C,2020-06-20,2022-10-31,0,,,,,,,,
2278,,Active customers,Won customer,0.0,Rep C,2020-06-21,2020-07-02,0,,,,,,,,
2279,,Active customers,Won customer,0.0,Rep C,2020-06-23,2022-10-31,1,,,,,,,,
2280,,Active customers,Won customer,0.0,Rep C,2020-06-25,2020-07-08,1,,,,,,,,
2281,,Active customers,Won customer,0.0,Rep C,2020-06-25,2022-10-31,2,,,,,,,,
2282,,Active customers,Won customer,0.0,Rep C,2020-06-26,2022-10-31,1,,,,,,,,
2283,,Active customers,Won customer,0.0,Rep C,2020-06-26,2020-07-08,0,,,,,,,,
2284,,Active customers,Won customer,0.0,Rep C,2020-06-30,2022-10-31,1,,,,,,,,
2285,,Active customers,Won customer,0.0,Rep C,2020-07-02,2022-10-31,2,,,,,,,,
2286,,Active customers,Won customer,0.0,Rep C,2020-07-02,2022-10-31,1,,,,,,,,
2287,,Active customers,Won customer,0.0,Rep C,2020-07-02,2020-07-08,0,,,,,,,,
2288,,Active customers,Won customer,0.0,Rep C,2020-07-03,2021-01-05,0,,,,,,,,
2289,,Active customers,Won customer,0.0,Rep C,2020-07-03,2020-07-08,0,,,,,,,,
2290,,Active customers,Won customer,0.0,Rep C,2020-07-03,2022-10-31,1,,,,,,,,
2291,,Active customers,Won customer,0.0,Rep C,2020-07-04,2022-10-31,0,,,,,,,,
2292,,Active customers,Won customer,0.0,Rep C,2020-07-06,2022-10-31,0,,,,,,,,
2293,,Active customers,Won customer,0.0,Rep C,2020-07-06,2021-06-17,0,,,,,,,,
2294,,Active customers,Won customer,0.0,Rep C,2020-07-06,2022-10-31,0,,,,,,,,
2295,,Active customers,Won customer,0.0,Rep C,2020-07-06,2022-10-31,0,,,,,,,,
2296,,Active customers,Won customer,0.0,Rep C,2020-07-07,2022-10-31,3,,,,,,,,
2297,,Active customers,Won customer,0.0,Rep C,2020-07-11,2022-10-31,0,,,,,,,,
2298,,Active customers,Won customer,0.0,Rep C,2020-07-12,2022-10-31,0,,,,,,,,
2299,,Active customers,Won customer,0.0,Rep C,2020-07-12,2022-10-31,0,,,,,,,,
2300,,Active customers,Won customer,0.0,Rep C,2020-07-12,2020-11-04,0,,,,,,,,
2301,,Active customers,Won customer,0.0,Rep C,2020-07-13,2020-08-26,0,,,,,,,,
2302,,Active customers,Won customer,0.0,Rep C,2020-07-15,2020-08-26,0,,,,,,,,
2303,,Active customers,Won customer,0.0,Rep C,2020-07-18,2020-08-05,0,,,,,,,,
2304,,Active customers,Won customer,0.0,Rep C,2020-07-18,2020-11-24,0,,,,,,,,
2305,,Active customers,Won customer,0.0,Rep C,2020-07-19,2022-10-31,0,,,,,,,,
2306,,Active customers,Won customer,0.0,Rep C,2020-07-19,2022-10-31,0,,,,,,,,
2307,,Active customers,Won customer,0.0,Rep C,2020-07-20,2022-10-31,2,,,,,,,,
2308,,Active customers,Won customer,0.0,Rep C,2020-07-22,2020-08-26,0,,,,,,,,
2309,,Active customers,Won customer,0.0,Rep C,2020-07-22,2022-10-31,1,,,,,,,,
2310,,Active customers,Won customer,0.0,Rep C,2020-07-23,2022-10-31,0,,,,,,,,
2311,,Active customers,Won customer,0.0,Rep C,2020-07-24,2022-10-31,0,,,,,,,,
2312,,Active customers,Won customer,0.0,Rep C,2020-07-24,2022-10-31,0,,,,,,,,
2313,,Active customers,Won customer,0.0,Rep C,2020-07-24,2022-10-31,0,,,,,,,,
2314,,Active customers,Won customer,0.0,Rep C,2020-07-25,2020-08-26,0,,,,,,,,
2315,,Active customers,Won customer,0.0,Rep C,2020-07-27,2022-10-31,0,,,,,,,,
2316,,Active customers,Won customer,0.0,Rep C,2020-07-27,2021-06-17,0,,,,,,,,
2317,,Active customers,Won customer,0.0,Rep C,2020-07-27,2022-10-31,0,,,,,,,,
2318,,Active customers,Won customer,0.0,Rep C,2020-07-27,2020-11-04,0,,,,,,,,
2319,,Active customers,Won customer,0.0,Rep C,2020-07-28,2022-10-31,0,,,,,,,,
2320,,Active customers,Won customer,0.0,Rep C,2020-07-29,2022-10-31,0,,,,,,,,
2321,,Active customers,Won customer,0.0,Rep C,2020-07-31,2022-10-31,0,,,,,,,,
2322,,Active customers,Won customer,0.0,Rep C,2020-07-31,2022-10-31,0,,,,,,,,
2323,,Active customers,Won customer,0.0,Rep C,2020-08-01,2022-10-31,0,,,,,,,,
2324,,Active customers,Won customer,0.0,Rep C,2020-08-04,2022-10-31,1,,,,,,,,
2325,,Active customers,Won customer,0.0,Rep C,2020-08-05,2022-10-31,0,,,,,,,,
2326,,Active customers,Won customer,0.0,Rep C,2020-08-05,2022-10-31,0,,,,,,,,
2327,,Active customers,Won customer,0.0,Rep C,2020-08-05,2022-10-31,0,,,,,,,,
2328,,Active customers,Won customer,0.0,Rep C,2020-08-06,2022-10-31,0,,,,,,,,
2329,,Active customers,Won customer,0.0,Rep C,2020-08-07,2022-10-31,0,,,,,,,,
2330,,Active customers,Won customer,0.0,Rep C,2020-08-14,2022-10-31,2,,,,,,,,
2331,,Active customers,Won customer,0.0,Rep C,2020-08-15,2022-10-31,0,,,,,,,,
2332,,Active customers,Won customer,0.0,Rep C,2020-08-18,2022-10-31,0,,,,,,,,
2333,,Active customers,Won customer,0.0,Rep C,2020-08-18,2022-10-31,0,,,,,,,,
2334,,Active customers,Won customer,0.0,Rep C,2020-08-19,2020-11-04,0,,,,,,,,
2335,,Active customers,Won customer,0.0,Rep C,2020-08-20,2021-08-11,0,,,,,,,,
2336,,Active customers,Won customer,0.0,Rep C,2020-08-20,2020-12-02,0,,,,,,,,
2337,,Active customers,Won customer,0.0,Rep C,2020-08-21,2022-10-31,0,,,,,,,,
2338,,Active customers,Won customer,0.0,Rep C,2020-08-21,2022-10-31,0,,,,,,,,
2339,,Active customers,Won customer,0.0,Rep C,2020-08-21,2022-10-31,0,,,,,,,,
2340,,Active customers,Won customer,0.0,Rep C,2020-08-22,2022-10-31,0,,,,,,,,
2341,,Active customers,Won customer,0.0,Rep C,2020-08-22,2022-10-31,0,,,,,,,,
2342,,Active customers,Won customer,0.0,Rep C,2020-08-24,2022-10-31,0,,,,,,,,
2343,,Active customers,Won customer,0.0,Rep C,2020-08-24,2022-10-31,0,,,,,,,,
2344,,Active customers,Won customer,0.0,Rep C,2020-08-25,2020-12-10,0,,,,,,,,
2345,,Active customers,Won customer,0.0,Rep C,2020-08-25,2022-10-31,0,,,,,,,,
2346,,Active customers,Won customer,0.0,Rep C,2020-08-26,2022-10-31,0,,,,,,,,
2347,,Active customers,Won customer,0.0,Rep C,2020-08-26,2022-10-31,0,,,,,,,,
2348,,Active customers,Won customer,0.0,Rep C,2020-08-26,2022-10-31,1,,,,,,,,
2349,,Active customers,Won customer,0.0,Rep C,2020-08-28,2022-10-31,0,,,,,,,,
2350,,Active customers,Won customer,0.0,Rep C,2020-08-28,2022-10-31,1,,,,,,,,
2351,,Active customers,Won customer,0.0,Rep C,2020-08-28,2022-10-31,1,,,,,,,,
2352,,Active customers,Won customer,0.0,Rep C,2020-08-29,2020-11-04,0,,,,,,,,
2353,,Active customers,Won customer,0.0,Rep C,2020-08-31,2022-10-31,0,,,,,,,,
2354,,Active customers,Won customer,0.0,Rep C,2020-09-01,2022-10-31,1,,,,,,,,
2355,,Active customers,Won customer,0.0,Rep C,2020-09-01,2022-10-31,1,,,,,,,,
2356,,Active customers,Won customer,0.0,Rep C,2020-09-03,2022-10-31,1,,,,,,,,
2357,,Active customers,Won customer,0.0,Rep C,2020-09-07,2020-11-24,0,,,,,,,,
2358,,Active customers,Won customer,0.0,Rep C,2020-09-07,2021-04-08,1,,,,,,,,
2359,,Active customers,Won customer,0.0,Rep C,2020-09-07,2022-10-31,0,,,,,,,,
2360,,Active customers,Won customer,0.0,Rep C,2020-09-10,2022-10-31,2,,,,,,,,
2361,,Active customers,Won customer,0.0,Rep C,2020-09-14,2022-10-31,1,,,,,,,,
2362,,Active customers,Won customer,0.0,Rep C,2020-09-15,2022-10-31,1,,,,,,,,
2363,,Active customers,Won customer,0.0,Rep C,2020-09-18,2022-10-31,0,,,,,,,,
2364,,Active customers,Won customer,0.0,Rep C,2020-09-18,2022-10-31,0,,,,,,,,
2365,,Active customers,Won customer,0.0,Rep C,2020-09-18,2022-10-31,0,,,,,,,,
2366,,Active customers,Won customer,0.0,Rep C,2020-09-20,2022-10-31,0,,,,,,,,
2367,,Active customers,Won customer,0.0,Rep C,2020-09-21,2021-08-11,0,,,,,,,,
2368,,Active customers,Won customer,0.0,Rep C,2020-09-22,2022-10-31,0,,,,,,,,
2369,,Active customers,Won customer,0.0,Rep C,2020-09-24,2022-10-31,0,,,,,,,,
2370,,Active customers,Won customer,0.0,Rep C,2020-09-25,2022-10-31,0,,,,,,,,
2371,,Active customers,Won customer,0.0,Rep C,2020-09-26,2022-10-31,0,,,,,,,,
2372,,Active customers,Won customer,0.0,Rep C,2020-09-26,2022-10-31,0,,,,,,,,
2373,,Active customers,Won customer,0.0,Rep C,2020-09-26,2022-10-31,0,,,,,,,,
2374,,Active customers,Won customer,0.0,Rep C,2020-09-29,2022-10-31,0,,,,,,,,
2375,,Active customers,Won customer,0.0,Rep C,2020-09-29,2022-10-31,0,,,,,,,,
2376,,Active customers,Won customer,0.0,Rep C,2020-09-30,2022-10-31,0,,,,,,,,
2377,,Active customers,Won customer,0.0,Rep C,2020-09-30,2022-10-31,0,,,,,,,,
2378,,Active customers,Won customer,0.0,Rep C,2020-10-01,2022-10-31,0,,,,,,,,
2379,,Active customers,Won customer,0.0,Rep C,2020-10-03,2022-10-31,0,,,,,,,,
2380,,Active customers,Won customer,0.0,Rep C,2020-10-03,2022-10-31,0,,,,,,,,
2381,,Active customers,Won customer,0.0,Rep C,2020-10-03,2020-10-28,0,,,,,,,,
2382,,Active customers,Won customer,0.0,Rep C,2020-10-05,2022-10-31,0,,,,,,,,
2383,,Active customers,Won customer,0.0,Rep C,2020-10-05,2022-10-31,0,,,,,,,,
2384,,Active customers,Won customer,0.0,Rep C,2020-10-05,2020-11-24,0,,,,,,,,
2385,,Active customers,Won customer,0.0,Rep C,2020-10-08,2022-10-31,0,,,,,,,,
2386,,Active customers,Won customer,0.0,Rep C,2020-10-08,2022-10-31,0,,,,,,,,
2387,,Active customers,Won customer,0.0,Rep C,2020-10-09,2022-10-31,0,,,,,,,,
2388,,Active customers,Won customer,0.0,Rep C,2020-10-13,2022-10-31,0,,,,,,,,
2389,,Active customers,Won customer,0.0,Rep C,2020-10-15,2022-10-31,0,,,,,,,,
2390,,Active customers,Won customer,0.0,Rep C,2020-10-15,2021-08-11,0,,,,,,,,
2391,,Active customers,Won customer,0.0,Rep C,2020-10-20,2021-08-11,0,,,,,,,,
2392,,Active customers,Won customer,0.0,Rep C,2020-10-21,2022-10-31,0,,,,,,,,
2393,,Active customers,Won customer,0.0,Rep C,2020-10-21,2022-10-31,0,,,,,,,,
2394,,Active customers,Won customer,0.0,Rep C,2020-10-24,2022-10-31,0,,,,,,,,
2395,,Active customers,Won customer,0.0,Rep C,2020-10-30,2022-10-31,0,,,,,,,,
2396,,Active customers,Won customer,0.0,Rep C,2020-11-02,2022-10-31,0,,,,,,,,
2397,,Active customers,Won customer,0.0,Rep C,2020-11-10,2022-10-31,0,,,,,,,,
2398,,Active customers,Won customer,0.0,Rep C,2020-11-13,2022-10-31,0,,,,,,,,
2399,,Active customers,Won customer,0.0,Rep C,2020-11-14,2020-11-25,0,,,,,,,,
2400,,Active customers,Won customer,0.0,Rep C,2020-11-15,2022-10-31,0,,,,,,,,
2401,,Active customers,Won customer,0.0,Rep C,2020-11-17,2022-10-31,0,,,,,,,,
2402,,Active customers,Won customer,0.0,Rep C,2020-11-17,2022-10-31,0,,,,,,,,
2403,,Active customers,Won customer,0.0,Rep C,2020-11-18,2020-12-23,0,,,,,,,,
2404,,Active customers,Won customer,0.0,Rep C,2020-11-21,2022-10-31,2,,,,,,,,
2405,,Active customers,Won customer,0.0,Rep C,2020-11-22,2022-10-31,0,,,,,,,,
2406,,Active customers,Won customer,0.0,Rep C,2020-11-23,2022-10-31,0,,,,,,,,
2407,,Active customers,Won customer,0.0,Rep C,2020-11-28,2022-10-31,0,,,,,,,,
2408,,Active customers,Won customer,0.0,Rep C,2020-11-30,2022-10-31,0,,,,,,,,
2409,,Active customers,Won customer,0.0,Rep C,2020-11-30,2022-10-31,0,,,,,,,,
2410,,Active customers,Won customer,0.0,Rep C,2020-12-02,2022-10-31,0,,,,,,,,
2411,,Active customers,Won customer,0.0,Rep C,2020-12-10,2022-10-31,0,,,,,,,,
2412,,Active customers,Won customer,0.0,Rep C,2020-12-12,2022-10-31,0,,,,,,,,
2413,,Active customers,Won customer,0.0,Rep C,2020-12-18,2022-10-31,0,,,,,,,,
2414,,Active customers,Won customer,0.0,Rep C,2020-12-19,2022-10-31,0,,,,,,,,
2415,,Active customers,Won customer,0.0,Rep C,2020-12-22,2022-10-31,0,,,,,,,,
2416,,Active customers,Won customer,0.0,Rep C,2020-12-27,2021-08-11,0,,,,,,,,
2417,,Active customers,Won customer,0.0,Rep C,2020-12-31,2022-10-31,0,,,,,,,,
2418,,Active customers,Won customer,0.0,Rep C,2021-01-08,2021-04-30,0,,,,,,,,
2419,,Active customers,Won customer,0.0,Rep C,2021-01-08,2022-10-31,0,,,,,,,,
2420,,Active customers,Won customer,0.0,Rep C,2021-01-08,2022-10-31,0,,,,,,,,
2421,,Active customers,Won customer,0.0,Rep C,2021-01-11,2022-10-31,0,,,,,,,,
2422,,Active customers,Won customer,0.0,Rep C,2021-01-11,2021-08-11,0,,,,,,,,
2423,,Active customers,Won customer,0.0,Rep C,2021-01-12,2022-10-31,0,,,,,,,,
2424,,Active customers,Won customer,0.0,Rep C,2021-01-17,2022-10-31,0,,,,,,,,
2425,,Active customers,Won customer,0.0,Rep C,2021-01-18,2022-10-31,0,,,,,,,,
2426,,Active customers,Won customer,0.0,Rep C,2021-01-21,2022-10-31,0,,,,,,,,
2427,,Active customers,Won customer,0.0,Rep C,2021-01-23,2022-10-31,0,,,,,,,,
2428,,Active customers,Won customer,0.0,Rep C,2021-01-27,2022-10-31,0,,,,,,,,
2429,,Active customers,Won customer,0.0,Rep C,2021-02-01,2022-10-31,0,,,,,,,,
2430,,Active customers,Won customer,0.0,Rep C,2021-02-02,2022-10-31,0,,,,,,,,
2431,,Active customers,Won customer,0.0,Rep C,2021-02-02,2022-10-31,0,,,,,,,,
2432,,Active customers,Won customer,0.0,Rep C,2021-02-02,2022-10-31,0,,,,,,,,
2433,,Active customers,Won customer,0.0,Rep C,2021-02-03,2022-10-31,0,,,,,,,,
2434,,Active customers,Won customer,0.0,Rep C,2021-02-03,2022-10-31,0,,,,,,,,
2435,,Active customers,Won customer,0.0,Rep C,2021-02-04,2022-10-31,0,,,,,,,,
2436,,Active customers,Won customer,0.0,Rep C,2021-02-07,2022-10-31,0,,,,,,,,
2437,,Active customers,Won customer,0.0,Rep C,2021-02-08,2022-10-31,0,,,,,,,,
2438,,Active customers,Won customer,0.0,Rep C,2021-02-10,2022-10-31,0,,,,,,,,
2439,,Active customers,Won customer,0.0,Rep C,2021-02-12,2022-10-31,0,,,,,,,,
2440,,Active customers,Won customer,0.0,Rep C,2021-02-15,2022-10-31,0,,,,,,,,
2441,,Active customers,Won customer,0.0,Rep C,2021-02-17,2022-10-31,0,,,,,,,,
2442,,Active customers,Won customer,0.0,Rep C,2021-02-18,2022-10-31,0,,,,,,,,
2443,,Active customers,Won customer,0.0,Rep C,2021-02-18,2022-10-31,0,,,,,,,,
2444,,Active customers,Won customer,0.0,Rep C,2021-02-20,2022-10-31,0,,,,,,,,
2445,,Active customers,Won customer,0.0,Rep C,2021-03-01,2022-10-31,0,,,,,,,,
2446,,Active customers,Won customer,0.0,Rep C,2021-03-04,2022-10-31,0,,,,,,,,
2447,,Active customers,Won customer,0.0,Rep C,2021-03-04,2022-10-31,0,,,,,,,,
2448,,Active customers,Won customer,0.0,Rep C,2021-03-06,2022-10-31,0,,,,,,,,
2449,,Active customers,Won customer,0.0,Rep C,2021-03-08,2022-10-31,0,,,,,,,,
2450,,Active customers,Won customer,0.0,Rep C,2021-03-09,2022-10-31,0,,,,,,,,
2451,,Active customers,Won customer,0.0,Rep C,2021-03-11,2022-10-31,0,,,,,,,,
2452,,Active customers,Won customer,0.0,Rep C,2021-03-13,2022-10-31,0,,,,,,,,
2453,,Active customers,Won customer,0.0,Rep C,2021-03-16,2022-10-31,0,,,,,,,,
2454,,Active customers,Won customer,0.0,Rep C,2021-03-16,2022-10-31,0,,,,,,,,
2455,,Active customers,Won customer,0.0,Rep C,2021-03-17,2022-10-31,0,,,,,,,,
2456,,Active customers,Won customer,0.0,Rep C,2021-03-26,2022-10-31,0,,,,,,,,
2457,,Active customers,Won customer,0.0,Rep C,2021-03-27,2022-10-31,0,,,,,,,,
2458,,Active customers,Won customer,0.0,Rep C,2021-03-27,2022-10-31,0,,,,,,,,
2459,,Active customers,Won customer,0.0,Rep C,2021-04-01,2022-10-31,0,,,,,,,,
2460,,Active customers,Won customer,0.0,Rep C,2021-04-01,2022-10-31,0,,,,,,,,
2461,,Active customers,Won customer,0.0,Rep C,2021-04-02,2022-10-31,0,,,,,,,,
2462,,Active customers,Won customer,0.0,Rep C,2021-04-08,2022-10-31,0,,,,,,,,
2463,,Active customers,Won customer,0.0,Rep C,2021-04-10,2022-10-31,0,,,,,,,,
2464,,Active customers,Won customer,0.0,Rep C,2021-04-12,2022-10-31,0,,,,,,,,
2465,,Active customers,Won customer,0.0,Rep C,2021-04-12,2022-10-31,0,,,,,,,,
2466,,Active customers,Won customer,0.0,Rep C,2021-04-12,2022-10-31,0,,,,,,,,
2467,,Active customers,Won customer,0.0,Rep C,2021-04-15,2021-08-11,0,,,,,,,,
2468,,Active customers,Won customer,0.0,Rep C,2021-04-20,2022-10-31,0,,,,,,,,
2469,,Active customers,Won customer,0.0,Rep C,2021-04-20,2022-10-31,0,,,,,,,,
2470,,Active customers,Won customer,0.0,Rep C,2021-04-25,2022-10-31,0,,,,,,,,
2471,,Active customers,Won customer,0.0,Rep C,2021-04-28,2022-10-31,0,,,,,,,,
2472,,Active customers,Won customer,0.0,Rep C,2021-04-29,2022-10-31,0,,,,,,,,
2473,,Active customers,Won customer,0.0,Rep C,2021-04-29,2022-10-31,0,,,,,,,,
2474,,Active customers,Won customer,0.0,Rep C,2021-05-04,2022-10-31,0,,,,,,,,
2475,,Active customers,Won customer,0.0,Rep C,2021-05-05,2022-10-31,0,,,,,,,,
2476,,Active customers,Won customer,0.0,Rep C,2021-05-05,2022-10-31,0,,,,,,,,
2477,,Active customers,Won customer,0.0,Rep C,2021-05-13,2022-10-31,0,,,,,,,,
2478,,Active customers,Won customer,0.0,Rep C,2021-05-14,2022-10-31,0,,,,,,,,
2479,,Active customers,Won customer,0.0,Rep C,2021-05-16,2022-10-31,0,,,,,,,,
2480,,Active customers,Won customer,0.0,Rep C,2021-05-17,2022-10-31,0,,,,,,,,
2481,,Active customers,Won customer,0.0,Rep C,2021-05-19,2022-10-31,0,,,,,,,,
2482,,Active customers,Won customer,0.0,Rep C,2021-05-20,2022-10-31,0,,,,,,,,
2483,,Active customers,Won customer,0.0,Rep C,2021-05-20,2022-10-31,0,,,,,,,,
2484,,Active customers,Won customer,0.0,Rep C,2021-05-24,2022-10-31,0,,,,,,,,
2485,,Active customers,Won customer,0.0,Rep C,2021-05-27,2022-10-31,0,,,,,,,,
2486,,Active customers,Won customer,0.0,Rep C,2021-05-28,2022-10-31,0,,,,,,,,
2487,,Active customers,Won customer,0.0,Rep C,2021-05-31,2022-10-31,0,,,,,,,,
2488,,Active customers,Won customer,0.0,Rep C,2021-05-31,2022-10-31,0,,,,,,,,
2489,,Active customers,Won customer,0.0,Rep C,2021-06-01,2022-10-31,0,,,,,,,,
2490,,Active customers,Won customer,0.0,Rep C,2021-06-01,2022-10-31,0,,,,,,,,
2491,,Active customers,Won customer,0.0,Rep C,2021-06-03,2022-10-31,0,,,,,,,,
2492,,Active customers,Won customer,0.0,Rep C,2021-06-04,2022-10-31,0,,,,,,,,
2493,,Active customers,Won customer,0.0,Rep C,2021-06-08,2022-10-31,0,,,,,,,,
2494,,Active customers,Won customer,0.0,Rep C,2021-06-11,2022-10-31,0,,,,,,,,
2495,,Active customers,Won customer,0.0,Rep C,2021-06-14,2022-10-31,0,,,,,,,,
2496,,Active customers,Won customer,0.0,Rep C,2021-06-16,2022-10-31,0,,,,,,,,
2497,,Active customers,Won customer,0.0,Rep C,2021-06-16,2022-10-31,0,,,,,,,,
2498,,Active customers,Won customer,0.0,Rep C,2021-06-18,2022-10-31,0,,,,,,,,
2499,,Active customers,Won customer,0.0,Rep C,2021-06-22,2022-10-31,0,,,,,,,,
2500,,Active customers,Won customer,0.0,Rep C,2021-06-22,2022-10-31,0,,,,,,,,
2501,,Active customers,Won customer,0.0,Rep C,2021-06-22,2022-10-31,0,,,,,,,,
2502,,Active customers,Won customer,0.0,Rep C,2021-06-24,2022-10-31,0,,,,,,,,
2503,,Active customers,Won customer,0.0,Rep C,2021-06-28,2022-10-31,0,,,,,,,,
2504,,Active customers,Won customer,0.0,Rep C,2021-06-30,2022-10-31,0,,,,,,,,
2505,,Active customers,Won customer,0.0,Rep C,2021-07-05,2022-10-31,0,,,,,,,,
2506,,Active customers,Won customer,0.0,Rep C,2021-07-13,2022-10-31,0,,,,,,,,
2507,,Active customers,Won customer,0.0,Rep C,2021-07-15,2022-10-31,0,,,,,,,,
2508,,Active customers,Won customer,0.0,Rep C,2021-07-22,2022-10-31,0,,,,,,,,
2509,,Active customers,Won customer,0.0,Rep C,2021-07-26,2022-10-31,0,,,,,,,,
2510,,Active customers,Won customer,0.0,Rep C,2021-07-27,2022-10-31,0,,,,,,,,
2511,,Active customers,Won customer,0.0,Rep C,2021-07-29,2022-10-31,0,,,,,,,,
2512,,Active customers,Won customer,0.0,Rep C,2021-07-29,2022-10-31,0,,,,,,,,
2513,,Active customers,Follow-up call,0.0,Rep C,2021-07-29,2022-10-31,0,,,,,,,,
2514,,Active customers,Won customer,0.0,Rep C,2021-08-06,2022-10-31,0,,,,,,,,
2515,,Active customers,Won customer,0.0,Rep C,2021-08-08,2022-10-31,0,,,,,,,,
2516,,Active customers,Won customer,0.0,Rep C,2021-08-08,2022-10-31,0,,,,,,,,
2517,,Active customers,Won customer,0.0,Rep C,2021-08-08,2022-10-31,0,,,,,,,,
2518,,Active customers,Won customer,0.0,Rep C,2021-08-10,2022-10-31,0,,,,,,,,
2519,,Active customers,Won customer,0.0,Rep C,2021-08-17,2022-10-31,0,,,,,,,,
2520,,Active customers,Won customer,0.0,Rep C,2021-08-17,2022-10-31,0,,,,,,,,
2521,,Active customers,Won customer,0.0,Rep C,2021-08-19,2022-10-31,0,,,,,,,,
2522,,Active customers,Won customer,0.0,Rep C,2021-08-30,2022-10-31,0,,,,,,,,
2523,,Active customers,Won customer,0.0,Rep C,2021-08-30,2022-10-31,0,,,,,,,,
2524,,Active customers,Won customer,0.0,Rep C,2021-09-01,2022-10-31,0,,,,,,,,
2525,,Active customers,Won customer,0.0,Rep C,2021-09-02,2022-10-31,0,,,,,,,,
2526,,Active customers,Won customer,0.0,Rep C,2021-09-03,2022-10-31,8,,,,,,,,
2527,,Active customers,Won customer,0.0,Rep C,2021-09-03,2022-10-31,0,,,,,,,,
2528,,Active customers,Won customer,0.0,Rep C,2021-09-05,2022-10-31,1,,,,,,,,
2529,,Active customers,Won customer,0.0,Rep C,2021-09-10,2022-10-31,0,,,,,,,,
2530,,Active customers,Won customer,0.0,Rep C,2021-09-15,2022-10-31,0,,,,,,,,
2531,,Active customers,Won customer,0.0,Rep C,2021-09-17,2022-10-31,0,,,,,,,,
2532,,Active customers,Won customer,0.0,Rep C,2021-09-21,2022-10-31,0,,,,,,,,
2533,,Active customers,Won customer,0.0,Rep C,2021-09-29,2022-10-31,0,,,,,,,,
2534,,Active customers,Won customer,0.0,Rep C,2021-10-01,2022-10-31,0,,,,,,,,
2535,,Active customers,Won customer,0.0,Rep C,2021-10-03,2022-10-31,2,,,,,,,,
2536,,Active customers,Won customer,0.0,Rep C,2021-10-08,2022-10-31,0,,,,,,,,
2537,,Active customers,Won customer,0.0,Rep C,2021-10-13,2022-10-31,0,,,,,,,,
2538,Account 0549,Active customers,Follow-up call,0.0,Rep C,2021-10-29,2022-10-31,0,Low,La Pampa,Art supply store,Simplified regime,15.0,,6.0,1.0
2539,,Active customers,Won customer,0.0,Rep C,2021-10-29,2022-10-31,0,,,,,,,,
2540,,Active customers,Won customer,0.0,Rep C,2021-10-31,2022-10-31,0,,,,,,,,
2541,,Active customers,Won customer,0.0,Rep C,2021-12-03,2022-10-31,0,,,,,,,,
2542,,Active customers,Won customer,0.0,Rep C,2021-12-06,2022-10-31,0,,,,,,,,
2543,,Active customers,Won customer,0.0,Rep C,2021-12-06,2022-10-31,0,,,,,,,,
2544,,Active customers,Won customer,0.0,Rep C,2021-12-06,2022-10-31,0,,,,,,,,
2545,Account 0550,Active customers,Won customer,0.0,Rep C,2021-12-07,2022-10-31,6,,,,,,,6.0,1.0
2546,Account 0551,Active customers,Won customer,0.0,Rep C,2021-12-09,2022-10-31,0,,,,,,,0.0,1.0
2547,Account 0063,Active customers,Won customer,0.0,Rep C,2021-12-09,2022-10-31,0,Potential,Chubut,Paint store,VAT registered,22.0,Upfront,16.0,5.0
2548,,Active customers,Won customer,0.0,Rep C,2021-12-13,2022-10-31,0,,,,,,,,
2549,,Active customers,Won customer,0.0,Rep C,2021-12-15,2022-10-31,0,,,,,,,,
2550,,Active customers,Won customer,0.0,Rep C,2022-02-27,2022-10-31,10,,,,,,,,
2551,,Active customers,Won customer,0.0,Rep C,2022-03-08,2022-09-12,7,,,,,,,,
2552,,Active customers,Won customer,0.0,Rep C,2022-03-09,2022-10-31,0,,,,,,,,
2553,,Active customers,Won customer,0.0,Rep C,2022-03-17,2022-10-31,12,,,,,,,,
2554,Account 0438,Orders,Backorder,0.0,Rep A,2022-05-06,2022-10-06,0,Low,BA Norte,Art supply store,Simplified regime,,,5.0,4.0
2555,,Active customers,Won customer,0.0,Rep C,2022-06-06,2022-10-31,7,,,,,,,,
2556,,Active customers,Won customer,0.0,Rep C,2022-06-10,2022-10-31,6,,,,,,,,
2557,,Active customers,Won customer,0.0,Rep C,2022-06-14,2022-09-13,8,,,,,,,,
2558,,Active customers,Won customer,0.0,Rep C,2022-07-18,2022-09-02,5,,,,,,,,
2559,,Social media lead form,Onboarding,0.0,Rep C,2022-08-04,2022-11-30,10,,,,,,,,
2560,,Active customers,Won customer,0.0,Rep C,2022-08-10,2022-09-02,2,,,,,,,,
2561,,Reseller onboarding,Onboarding,0.0,Rep C,2022-10-08,2022-11-23,7,,,,,,,,
2562,,Social media lead form,Onboarding,0.0,Rep C,2022-12-27,2023-01-24,6,,,,,,,,
2563,,Social media lead form,Onboarding,0.0,Rep C,2023-01-23,2023-02-08,6,,,,,,,,
